GapLength,Station,GapID,Date,TrueValue,PredictedValue
365,andhiyarkhore,1,1992-12-04,1.707,2.67689
365,andhiyarkhore,1,1992-12-05,1.723,2.66077
365,andhiyarkhore,1,1992-12-06,1.75,2.70536
365,andhiyarkhore,1,1992-12-07,1.822,2.640199999999999
365,andhiyarkhore,1,1992-12-08,1.726,2.52364
365,andhiyarkhore,1,1992-12-09,1.777,2.5689699999999998
365,andhiyarkhore,1,1992-12-10,1.62,2.462859999999999
365,andhiyarkhore,1,1992-12-11,1.132,2.449629999999999
365,andhiyarkhore,1,1992-12-12,1.339,2.5137499999999995
365,andhiyarkhore,1,1992-12-13,1.32,2.490329999999999
365,andhiyarkhore,1,1992-12-14,1.393,2.5660799999999995
365,andhiyarkhore,1,1992-12-15,1.591,2.516789999999999
365,andhiyarkhore,1,1992-12-16,1.64,2.8463299999999987
365,andhiyarkhore,1,1992-12-17,1.549,3.680040000000001
365,andhiyarkhore,1,1992-12-18,1.543,3.6302200000000004
365,andhiyarkhore,1,1992-12-19,1.714,3.73685
365,andhiyarkhore,1,1992-12-20,1.1,3.5764599999999995
365,andhiyarkhore,1,1992-12-21,1.088,3.6674799999999994
365,andhiyarkhore,1,1992-12-22,1.467,3.7506299999999992
365,andhiyarkhore,1,1992-12-23,1.868,4.35135
365,andhiyarkhore,1,1992-12-24,1.447,3.7555199999999997
365,andhiyarkhore,1,1992-12-25,1.4,3.9201900000000007
365,andhiyarkhore,1,1992-12-26,1.144,3.74479
365,andhiyarkhore,1,1992-12-27,1.12,3.8364599999999998
365,andhiyarkhore,1,1992-12-28,1.085,3.5871399999999993
365,andhiyarkhore,1,1992-12-29,1.085,3.4054699999999993
365,andhiyarkhore,1,1992-12-30,1.086,3.4441200000000003
365,andhiyarkhore,1,1992-12-31,0.745,3.830049999999998
365,andhiyarkhore,1,1993-01-01,0.992,3.6120800000000006
365,andhiyarkhore,1,1993-01-02,0.84,3.76656
365,andhiyarkhore,1,1993-01-03,0.84,3.7291300000000005
365,andhiyarkhore,1,1993-01-04,0.86,3.7710800000000013
365,andhiyarkhore,1,1993-01-05,0.75,3.6341700000000015
365,andhiyarkhore,1,1993-01-06,0.9,3.653290000000001
365,andhiyarkhore,1,1993-01-07,0.91,3.504670000000001
365,andhiyarkhore,1,1993-01-08,0.84,3.68031
365,andhiyarkhore,1,1993-01-09,0.67,4.02874
365,andhiyarkhore,1,1993-01-10,0.69,3.75805
365,andhiyarkhore,1,1993-01-11,0.835,3.75132
365,andhiyarkhore,1,1993-01-12,0.793,4.160120000000001
365,andhiyarkhore,1,1993-01-13,1.26,3.66729
365,andhiyarkhore,1,1993-01-14,1.02,2.8867800000000003
365,andhiyarkhore,1,1993-01-15,0.833,3.1516799999999994
365,andhiyarkhore,1,1993-01-16,0.75,3.0433499999999998
365,andhiyarkhore,1,1993-01-17,0.88,3.03003
365,andhiyarkhore,1,1993-01-18,0.88,3.6051200000000008
365,andhiyarkhore,1,1993-01-19,0.731,3.00827
365,andhiyarkhore,1,1993-01-20,0.666,3.0736800000000004
365,andhiyarkhore,1,1993-01-21,0.773,3.060260000000001
365,andhiyarkhore,1,1993-01-22,0.96,3.4046399999999992
365,andhiyarkhore,1,1993-01-23,0.9,3.0732799999999996
365,andhiyarkhore,1,1993-01-24,0.9,2.91682
365,andhiyarkhore,1,1993-01-25,0.897,2.97137
365,andhiyarkhore,1,1993-01-26,0.81,2.93686
365,andhiyarkhore,1,1993-01-27,0.81,2.9655999999999993
365,andhiyarkhore,1,1993-01-28,0.939,2.49603
365,andhiyarkhore,1,1993-01-29,0.798,2.9619299999999997
365,andhiyarkhore,1,1993-01-30,0.809,2.8500599999999996
365,andhiyarkhore,1,1993-01-31,0.81,2.7508800000000004
365,andhiyarkhore,1,1993-02-01,0.972,2.72922
365,andhiyarkhore,1,1993-02-02,0.832,2.8262099999999997
365,andhiyarkhore,1,1993-02-03,0.823,2.82875
365,andhiyarkhore,1,1993-02-04,0.73,2.8365500000000003
365,andhiyarkhore,1,1993-02-05,0.595,2.6543900000000007
365,andhiyarkhore,1,1993-02-06,0.62,3.188249999999999
365,andhiyarkhore,1,1993-02-07,0.65,3.0889699999999998
365,andhiyarkhore,1,1993-02-08,0.647,3.0942499999999984
365,andhiyarkhore,1,1993-02-09,0.603,2.8819699999999995
365,andhiyarkhore,1,1993-02-10,0.824,3.410109999999999
365,andhiyarkhore,1,1993-02-11,0.815,3.0630000000000006
365,andhiyarkhore,1,1993-02-12,0.787,3.0771300000000004
365,andhiyarkhore,1,1993-02-13,0.726,2.39184
365,andhiyarkhore,1,1993-02-14,0.7,2.0466200000000003
365,andhiyarkhore,1,1993-02-15,0.698,2.1354200000000008
365,andhiyarkhore,1,1993-02-16,0.576,2.099260000000001
365,andhiyarkhore,1,1993-02-17,0.624,2.048370000000001
365,andhiyarkhore,1,1993-02-18,0.61,2.2597500000000004
365,andhiyarkhore,1,1993-02-19,0.571,2.184
365,andhiyarkhore,1,1993-02-20,0.524,2.17449
365,andhiyarkhore,1,1993-02-21,0.5,2.07139
365,andhiyarkhore,1,1993-02-22,0.499,2.084680000000001
365,andhiyarkhore,1,1993-02-23,0.493,1.8708300000000007
365,andhiyarkhore,1,1993-02-24,0.488,2.12126
365,andhiyarkhore,1,1993-02-25,0.497,1.82296
365,andhiyarkhore,1,1993-02-26,0.504,1.86035
365,andhiyarkhore,1,1993-02-27,0.505,1.7800199999999997
365,andhiyarkhore,1,1993-02-28,0.52,1.6840099999999996
365,andhiyarkhore,1,1993-03-01,0.725,1.797940000000001
365,andhiyarkhore,1,1993-03-02,0.798,1.8709200000000008
365,andhiyarkhore,1,1993-03-03,0.806,1.97278
365,andhiyarkhore,1,1993-03-04,0.941,1.8126300000000006
365,andhiyarkhore,1,1993-03-05,0.909,1.7742800000000005
365,andhiyarkhore,1,1993-03-06,0.817,1.7414999999999998
365,andhiyarkhore,1,1993-03-07,0.85,1.7646299999999997
365,andhiyarkhore,1,1993-03-08,0.83,1.7413599999999996
365,andhiyarkhore,1,1993-03-09,0.8,1.66744
365,andhiyarkhore,1,1993-03-10,0.621,1.5036700000000005
365,andhiyarkhore,1,1993-03-11,0.584,1.5602400000000003
365,andhiyarkhore,1,1993-03-12,0.545,1.4695099999999996
365,andhiyarkhore,1,1993-03-13,0.567,1.36957
365,andhiyarkhore,1,1993-03-14,0.52,1.4108900000000002
365,andhiyarkhore,1,1993-03-15,0.499,1.2651499999999998
365,andhiyarkhore,1,1993-03-16,0.445,1.3994800000000003
365,andhiyarkhore,1,1993-03-17,0.419,1.6151199999999994
365,andhiyarkhore,1,1993-03-18,0.371,1.4405999999999994
365,andhiyarkhore,1,1993-03-19,0.323,1.4318700000000004
365,andhiyarkhore,1,1993-03-20,0.247,1.37593
365,andhiyarkhore,1,1993-03-21,0.25,1.36746
365,andhiyarkhore,1,1993-03-22,0.232,1.4849799999999995
365,andhiyarkhore,1,1993-03-23,0.325,1.5062799999999994
365,andhiyarkhore,1,1993-03-24,0.299,1.4702899999999997
365,andhiyarkhore,1,1993-03-25,0.23,1.4936599999999995
365,andhiyarkhore,1,1993-03-26,0.21,2.1481399999999993
365,andhiyarkhore,1,1993-03-27,0.217,1.9879199999999992
365,andhiyarkhore,1,1993-03-28,0.22,1.863269999999999
365,andhiyarkhore,1,1993-03-29,0.258,1.9033299999999997
365,andhiyarkhore,1,1993-03-30,0.234,1.9745099999999995
365,andhiyarkhore,1,1993-03-31,0.229,1.792949999999999
365,andhiyarkhore,1,1993-04-01,0.263,2.1382499999999993
365,andhiyarkhore,1,1993-04-02,0.244,1.8531699999999993
365,andhiyarkhore,1,1993-04-03,0.235,1.8534599999999992
365,andhiyarkhore,1,1993-04-04,0.23,2.0253599999999996
365,andhiyarkhore,1,1993-04-05,0.23,2.0574499999999993
365,andhiyarkhore,1,1993-04-06,0.248,2.1904999999999997
365,andhiyarkhore,1,1993-04-07,0.25,2.1039299999999996
365,andhiyarkhore,1,1993-04-08,0.25,2.145479999999999
365,andhiyarkhore,1,1993-04-09,0.26,2.0982199999999995
365,andhiyarkhore,1,1993-04-10,0.239,2.1205699999999994
365,andhiyarkhore,1,1993-04-11,0.23,2.1320699999999992
365,andhiyarkhore,1,1993-04-12,0.227,2.1063399999999994
365,andhiyarkhore,1,1993-04-13,0.216,2.0779
365,andhiyarkhore,1,1993-04-14,0.22,2.17568
365,andhiyarkhore,1,1993-04-15,0.22,3.1891
365,andhiyarkhore,1,1993-04-16,0.561,3.888490000000001
365,andhiyarkhore,1,1993-04-17,0.217,4.119190000000001
365,andhiyarkhore,1,1993-04-18,0.22,4.172680000000001
365,andhiyarkhore,1,1993-04-19,0.22,4.177130000000001
365,andhiyarkhore,1,1993-04-20,0.212,4.111450000000001
365,andhiyarkhore,1,1993-04-21,0.208,4.073930000000002
365,andhiyarkhore,1,1993-04-22,0.196,4.111500000000001
365,andhiyarkhore,1,1993-04-23,0.199,3.965200000000001
365,andhiyarkhore,1,1993-04-24,0.204,4.042600000000001
365,andhiyarkhore,1,1993-04-25,0.2,3.9629500000000006
365,andhiyarkhore,1,1993-04-26,0.201,3.6889700000000003
365,andhiyarkhore,1,1993-04-27,0.179,3.786550000000001
365,andhiyarkhore,1,1993-04-28,0.177,3.6029600000000013
365,andhiyarkhore,1,1993-04-29,0.16,3.885170000000002
365,andhiyarkhore,1,1993-04-30,0.188,3.41475
365,andhiyarkhore,1,1993-05-01,0.195,3.0721999999999996
365,andhiyarkhore,1,1993-05-02,0.2,2.80874
365,andhiyarkhore,1,1993-05-03,0.197,2.2328400000000004
365,andhiyarkhore,1,1993-05-04,0.194,2.2985199999999995
365,andhiyarkhore,1,1993-05-05,0.193,2.0288899999999988
365,andhiyarkhore,1,1993-05-06,0.19,2.080649999999999
365,andhiyarkhore,1,1993-05-07,0.18,2.3339199999999996
365,andhiyarkhore,1,1993-05-08,0.134,2.25641
365,andhiyarkhore,1,1993-05-09,0.13,1.748769999999999
365,andhiyarkhore,1,1993-05-10,0.131,1.8384299999999987
365,andhiyarkhore,1,1993-05-11,0.123,1.770329999999999
365,andhiyarkhore,1,1993-05-12,0.126,1.881819999999999
365,andhiyarkhore,1,1993-05-13,0.143,1.8850899999999984
365,andhiyarkhore,1,1993-05-14,0.15,1.8004199999999992
365,andhiyarkhore,1,1993-05-15,0.144,1.800619999999999
365,andhiyarkhore,1,1993-05-16,0.14,17.011029999999995
365,andhiyarkhore,1,1993-05-17,0.162,17.671559999999996
365,andhiyarkhore,1,1993-05-18,0.173,17.671559999999996
365,andhiyarkhore,1,1993-05-19,0.171,1.9764399999999995
365,andhiyarkhore,1,1993-05-20,0.183,1.8547599999999995
365,andhiyarkhore,1,1993-05-21,0.141,1.9272699999999994
365,andhiyarkhore,1,1993-05-22,0.153,1.9279199999999992
365,andhiyarkhore,1,1993-05-23,0.15,1.8691499999999994
365,andhiyarkhore,1,1993-05-24,0.134,1.8654099999999993
365,andhiyarkhore,1,1993-05-25,0.143,2.2685199999999996
365,andhiyarkhore,1,1993-05-26,0.138,1.7884099999999996
365,andhiyarkhore,1,1993-05-27,0.178,1.8979199999999994
365,andhiyarkhore,1,1993-05-28,0.164,2.0742500000000006
365,andhiyarkhore,1,1993-05-29,0.187,2.271769999999999
365,andhiyarkhore,1,1993-05-30,0.2,2.519999999999999
365,andhiyarkhore,1,1993-05-31,0.181,2.5938
365,andhiyarkhore,1,1993-06-01,0.207,2.6295299999999986
365,andhiyarkhore,1,1993-06-02,0.19,2.781359999999999
365,andhiyarkhore,1,1993-06-03,0.19,2.798139999999999
365,andhiyarkhore,1,1993-06-04,0.186,2.6992299999999996
365,andhiyarkhore,1,1993-06-05,0.179,2.6260399999999993
365,andhiyarkhore,1,1993-06-06,0.19,2.6403099999999995
365,andhiyarkhore,1,1993-06-07,0.193,2.62077
365,andhiyarkhore,1,1993-06-08,0.187,2.5490500000000007
365,andhiyarkhore,1,1993-06-09,0.197,2.5600499999999995
365,andhiyarkhore,1,1993-06-10,0.236,3.275329999999998
365,andhiyarkhore,1,1993-06-11,0.223,3.480039999999998
365,andhiyarkhore,1,1993-06-12,0.279,2.53576
365,andhiyarkhore,1,1993-06-13,0.75,2.57909
365,andhiyarkhore,1,1993-06-14,0.795,2.690759999999999
365,andhiyarkhore,1,1993-06-15,0.561,2.9882799999999996
365,andhiyarkhore,1,1993-06-16,0.534,2.9045
365,andhiyarkhore,1,1993-06-17,3.138,4.365049999999999
365,andhiyarkhore,1,1993-06-18,4.384,3.583079999999999
365,andhiyarkhore,1,1993-06-19,14.58,2.990900000000001
365,andhiyarkhore,1,1993-06-20,8.948,3.0649100000000002
365,andhiyarkhore,1,1993-06-21,5.0,3.5447400000000004
365,andhiyarkhore,1,1993-06-22,3.332,3.09978
365,andhiyarkhore,1,1993-06-23,2.833,3.195160000000001
365,andhiyarkhore,1,1993-06-24,1.8,3.0675000000000012
365,andhiyarkhore,1,1993-06-25,2.307,6.566569999999998
365,andhiyarkhore,1,1993-06-26,6.087,13.747900000000005
365,andhiyarkhore,1,1993-06-27,5.66,12.345729999999996
365,andhiyarkhore,1,1993-06-28,11.78,5.886329999999999
365,andhiyarkhore,1,1993-06-29,5.914,4.24853
365,andhiyarkhore,1,1993-06-30,4.343,3.8844200000000013
365,andhiyarkhore,1,1993-07-01,2.4,3.890920000000001
365,andhiyarkhore,1,1993-07-02,2.0,5.13627
365,andhiyarkhore,1,1993-07-03,3.2,4.0871699999999995
365,andhiyarkhore,1,1993-07-04,10.1,3.9452700000000016
365,andhiyarkhore,1,1993-07-05,4.2,5.249179999999999
365,andhiyarkhore,1,1993-07-06,3.4,4.28223
365,andhiyarkhore,1,1993-07-07,11.08,4.47539
365,andhiyarkhore,1,1993-07-08,3.557,61.95018999999999
365,andhiyarkhore,1,1993-07-09,3.433,54.48855999999998
365,andhiyarkhore,1,1993-07-10,2.526,24.668730000000018
365,andhiyarkhore,1,1993-07-11,1.8,19.198589999999996
365,andhiyarkhore,1,1993-07-12,2.416,22.10033
365,andhiyarkhore,1,1993-07-13,2.639,30.383600000000015
365,andhiyarkhore,1,1993-07-14,2.0,31.678540000000012
365,andhiyarkhore,1,1993-07-15,27.96,27.445770000000003
365,andhiyarkhore,1,1993-07-16,13.77,93.60418
365,andhiyarkhore,1,1993-07-17,30.43,80.91066999999998
365,andhiyarkhore,1,1993-07-18,10.5,50.010739999999984
365,andhiyarkhore,1,1993-07-19,3.924,18.219640000000002
365,andhiyarkhore,1,1993-07-20,1.6,11.588749999999997
365,andhiyarkhore,1,1993-07-21,1.745,8.87833
365,andhiyarkhore,1,1993-07-22,0.952,5.995580000000002
365,andhiyarkhore,1,1993-07-23,0.922,3.738539999999999
365,andhiyarkhore,1,1993-07-24,0.823,3.1968599999999996
365,andhiyarkhore,1,1993-07-25,0.82,6.361960000000002
365,andhiyarkhore,1,1993-07-26,0.904,12.797250000000002
365,andhiyarkhore,1,1993-07-27,0.902,20.843240000000005
365,andhiyarkhore,1,1993-07-28,2.088,21.15298
365,andhiyarkhore,1,1993-07-29,2.922,19.06435
365,andhiyarkhore,1,1993-07-30,1.5,19.391499999999997
365,andhiyarkhore,1,1993-07-31,1.6,21.64986000000001
365,andhiyarkhore,1,1993-08-01,8.0,22.25257000000001
365,andhiyarkhore,1,1993-08-02,3.494,18.42713
365,andhiyarkhore,1,1993-08-03,1.796,35.59700000000001
365,andhiyarkhore,1,1993-08-04,11.0,44.061670000000014
365,andhiyarkhore,1,1993-08-05,120.1,60.19684000000004
365,andhiyarkhore,1,1993-08-06,12.5,52.96224000000001
365,andhiyarkhore,1,1993-08-07,3.455,25.749260000000007
365,andhiyarkhore,1,1993-08-08,0.91,25.795450000000002
365,andhiyarkhore,1,1993-08-09,0.89,15.931839999999996
365,andhiyarkhore,1,1993-08-10,0.873,11.886609999999992
365,andhiyarkhore,1,1993-08-11,0.897,6.767899999999998
365,andhiyarkhore,1,1993-08-12,0.601,4.481059999999999
365,andhiyarkhore,1,1993-08-13,0.629,5.148589999999998
365,andhiyarkhore,1,1993-08-14,0.62,4.000889999999999
365,andhiyarkhore,1,1993-08-15,7.0,9.364120000000002
365,andhiyarkhore,1,1993-08-16,196.7,76.47917999999999
365,andhiyarkhore,1,1993-08-17,110.98,102.81760999999993
365,andhiyarkhore,1,1993-08-18,28.0,107.00041999999993
365,andhiyarkhore,1,1993-08-19,15.0,130.99197
365,andhiyarkhore,1,1993-08-20,18.0,116.21446
365,andhiyarkhore,1,1993-08-21,17.0,123.30203000000003
365,andhiyarkhore,1,1993-08-22,10.0,101.14963
365,andhiyarkhore,1,1993-08-23,4.052,55.11646
365,andhiyarkhore,1,1993-08-24,2.287,32.435030000000005
365,andhiyarkhore,1,1993-08-25,1.303,20.532899999999998
365,andhiyarkhore,1,1993-08-26,0.778,22.877250000000014
365,andhiyarkhore,1,1993-08-27,0.676,15.029209999999992
365,andhiyarkhore,1,1993-08-28,0.636,9.958319999999993
365,andhiyarkhore,1,1993-08-29,0.439,8.839319999999997
365,andhiyarkhore,1,1993-08-30,0.446,9.655430000000003
365,andhiyarkhore,1,1993-08-31,0.47,17.245820000000002
365,andhiyarkhore,1,1993-09-01,1.883,22.052750000000007
365,andhiyarkhore,1,1993-09-02,6.942,29.18791
365,andhiyarkhore,1,1993-09-03,37.3,71.49882000000001
365,andhiyarkhore,1,1993-09-04,43.02,55.707119999999996
365,andhiyarkhore,1,1993-09-05,13.5,42.385870000000004
365,andhiyarkhore,1,1993-09-06,7.725,40.89277000000002
365,andhiyarkhore,1,1993-09-07,15.5,31.416080000000008
365,andhiyarkhore,1,1993-09-08,16.5,88.02507999999996
365,andhiyarkhore,1,1993-09-09,8.775,104.00913999999999
365,andhiyarkhore,1,1993-09-10,7.449,104.0429
365,andhiyarkhore,1,1993-09-11,7.165,70.41116999999997
365,andhiyarkhore,1,1993-09-12,3.11,46.420069999999996
365,andhiyarkhore,1,1993-09-13,2.98,24.8515
365,andhiyarkhore,1,1993-09-14,2.734,16.610699999999994
365,andhiyarkhore,1,1993-09-15,2.667,13.386479999999999
365,andhiyarkhore,1,1993-09-16,2.346,16.323510000000002
365,andhiyarkhore,1,1993-09-17,2.043,32.325879999999984
365,andhiyarkhore,1,1993-09-18,0.914,16.2328
365,andhiyarkhore,1,1993-09-19,0.86,16.242899999999995
365,andhiyarkhore,1,1993-09-20,0.865,12.238739999999996
365,andhiyarkhore,1,1993-09-21,0.536,14.532310000000004
365,andhiyarkhore,1,1993-09-22,0.554,15.452739999999997
365,andhiyarkhore,1,1993-09-23,0.541,15.201849999999993
365,andhiyarkhore,1,1993-09-24,1.627,18.578649999999993
365,andhiyarkhore,1,1993-09-25,2.14,26.837820000000008
365,andhiyarkhore,1,1993-09-26,29.0,65.53749999999997
365,andhiyarkhore,1,1993-09-27,77.34,108.88767000000006
365,andhiyarkhore,1,1993-09-28,25.13,65.80617999999997
365,andhiyarkhore,1,1993-09-29,17.5,54.73525999999998
365,andhiyarkhore,1,1993-09-30,39.96,33.53943000000002
365,andhiyarkhore,1,1993-10-01,20.78,34.66438
365,andhiyarkhore,1,1993-10-02,18.99,27.418899999999997
365,andhiyarkhore,1,1993-10-03,13.26,22.85069
365,andhiyarkhore,1,1993-10-04,10.03,22.678440000000005
365,andhiyarkhore,1,1993-10-05,8.61,19.435340000000007
365,andhiyarkhore,1,1993-10-06,7.17,17.62258000000001
365,andhiyarkhore,1,1993-10-07,5.74,15.28993
365,andhiyarkhore,1,1993-10-08,5.74,15.523360000000002
365,andhiyarkhore,1,1993-10-09,5.38,18.416770000000014
365,andhiyarkhore,1,1993-10-10,9.32,20.275870000000005
365,andhiyarkhore,1,1993-10-11,6.09,18.311190000000003
365,andhiyarkhore,1,1993-10-12,6.45,19.218440000000005
365,andhiyarkhore,1,1993-10-13,14.69,16.238580000000002
365,andhiyarkhore,1,1993-10-14,20.4,22.67634
365,andhiyarkhore,1,1993-10-15,17.2,21.517760000000013
365,andhiyarkhore,1,1993-10-16,24.0,31.963160000000002
365,andhiyarkhore,1,1993-10-17,24.35,43.62853000000001
365,andhiyarkhore,1,1993-10-18,16.29,61.64171
365,andhiyarkhore,1,1993-10-19,24.72,50.92121
365,andhiyarkhore,1,1993-10-20,22.5,73.26848999999996
365,andhiyarkhore,1,1993-10-21,22.0,66.94730999999997
365,andhiyarkhore,1,1993-10-22,14.5,35.004060000000024
365,andhiyarkhore,1,1993-10-23,10.5,26.64117000000001
365,andhiyarkhore,1,1993-10-24,7.53,26.591970000000014
365,andhiyarkhore,1,1993-10-25,6.45,26.992830000000012
365,andhiyarkhore,1,1993-10-26,5.74,17.963649999999994
365,andhiyarkhore,1,1993-10-27,5.74,15.76799
365,andhiyarkhore,1,1993-10-28,5.74,14.298159999999996
365,andhiyarkhore,1,1993-10-29,4.5,15.01622000000001
365,andhiyarkhore,1,1993-10-30,1.6,11.226979999999996
365,andhiyarkhore,1,1993-10-31,3.95,10.633739999999994
365,andhiyarkhore,1,1993-11-01,6.171,9.13429999999999
365,andhiyarkhore,1,1993-11-02,5.871,8.237349999999994
365,andhiyarkhore,1,1993-11-03,5.465,8.117369999999994
365,andhiyarkhore,1,1993-11-04,5.651,7.8947299999999965
365,andhiyarkhore,1,1993-11-05,5.287,7.075329999999993
365,andhiyarkhore,1,1993-11-06,5.287,7.239509999999993
365,andhiyarkhore,1,1993-11-07,4.82,6.9803699999999935
365,andhiyarkhore,1,1993-11-08,4.785,6.988669999999997
365,andhiyarkhore,1,1993-11-09,4.432,6.9482899999999965
365,andhiyarkhore,1,1993-11-10,4.31,5.963470000000002
365,andhiyarkhore,1,1993-11-11,4.713,5.948650000000002
365,andhiyarkhore,1,1993-11-12,4.106,5.401100000000001
365,andhiyarkhore,1,1993-11-13,4.1,5.348090000000001
365,andhiyarkhore,1,1993-11-14,4.05,5.1151
365,andhiyarkhore,1,1993-11-15,3.692,5.25481
365,andhiyarkhore,1,1993-11-16,3.822,5.08054
365,andhiyarkhore,1,1993-11-17,3.117,4.59914
365,andhiyarkhore,1,1993-11-18,3.002,4.59298
365,andhiyarkhore,1,1993-11-19,2.865,4.283980000000001
365,andhiyarkhore,1,1993-11-20,2.967,4.49762
365,andhiyarkhore,1,1993-11-21,2.6,3.70589
365,andhiyarkhore,1,1993-11-22,2.602,3.7568699999999997
365,andhiyarkhore,1,1993-11-23,3.0,3.60245
365,andhiyarkhore,1,1993-11-24,2.513,3.9816499999999992
365,andhiyarkhore,1,1993-11-25,2.597,3.5201599999999997
365,andhiyarkhore,1,1993-11-26,2.379,3.6105499999999995
365,andhiyarkhore,1,1993-11-27,2.35,3.7678499999999993
365,andhiyarkhore,1,1993-11-28,2.32,3.63903
365,andhiyarkhore,1,1993-11-29,2.32,3.6322100000000006
365,andhiyarkhore,1,1993-11-30,2.278,3.5623900000000015
365,andhiyarkhore,1,1993-12-01,1.754,3.23113
365,andhiyarkhore,1,1993-12-02,1.733,3.2863500000000014
365,andhiyarkhore,1,1993-12-03,1.721,3.3474600000000017
365,andhiyarkhore,1,1993-12-04,1.688,1.688
365,andhiyarkhore,2,1991-02-18,2.528,2.7190999999999996
365,andhiyarkhore,2,1991-02-19,2.342,2.68917
365,andhiyarkhore,2,1991-02-20,2.364,2.6332000000000004
365,andhiyarkhore,2,1991-02-21,2.588,2.5556599999999996
365,andhiyarkhore,2,1991-02-22,2.576,2.4732200000000004
365,andhiyarkhore,2,1991-02-23,2.178,2.37197
365,andhiyarkhore,2,1991-02-24,2.02,2.5690399999999998
365,andhiyarkhore,2,1991-02-25,2.25,2.4884800000000005
365,andhiyarkhore,2,1991-02-26,2.249,2.36283
365,andhiyarkhore,2,1991-02-27,2.316,2.5808400000000002
365,andhiyarkhore,2,1991-02-28,2.262,2.5813900000000003
365,andhiyarkhore,2,1991-03-01,2.56,2.8742600000000005
365,andhiyarkhore,2,1991-03-02,2.621,2.9783
365,andhiyarkhore,2,1991-03-03,2.32,3.44364
365,andhiyarkhore,2,1991-03-04,2.781,3.1279500000000002
365,andhiyarkhore,2,1991-03-05,3.255,3.1386700000000007
365,andhiyarkhore,2,1991-03-06,3.047,2.926269999999999
365,andhiyarkhore,2,1991-03-07,3.194,2.7427699999999997
365,andhiyarkhore,2,1991-03-08,2.948,3.01689
365,andhiyarkhore,2,1991-03-09,2.237,2.76288
365,andhiyarkhore,2,1991-03-10,2.22,2.66954
365,andhiyarkhore,2,1991-03-11,2.24,4.290470000000001
365,andhiyarkhore,2,1991-03-12,2.2,3.073679999999998
365,andhiyarkhore,2,1991-03-13,2.064,2.6317099999999987
365,andhiyarkhore,2,1991-03-14,1.932,2.8437399999999995
365,andhiyarkhore,2,1991-03-15,1.802,2.737989999999999
365,andhiyarkhore,2,1991-03-16,1.758,2.583720000000001
365,andhiyarkhore,2,1991-03-17,1.73,2.4274399999999985
365,andhiyarkhore,2,1991-03-18,1.897,2.54522
365,andhiyarkhore,2,1991-03-19,1.895,2.53449
365,andhiyarkhore,2,1991-03-20,1.898,2.7637899999999997
365,andhiyarkhore,2,1991-03-21,1.928,3.04857
365,andhiyarkhore,2,1991-03-22,1.887,2.774890000000001
365,andhiyarkhore,2,1991-03-23,1.871,3.0769599999999993
365,andhiyarkhore,2,1991-03-24,1.46,3.1786399999999997
365,andhiyarkhore,2,1991-03-25,1.886,2.81215
365,andhiyarkhore,2,1991-03-26,1.815,2.6806000000000005
365,andhiyarkhore,2,1991-03-27,1.29,2.5212
365,andhiyarkhore,2,1991-03-28,1.37,2.47531
365,andhiyarkhore,2,1991-03-29,1.824,2.5902600000000002
365,andhiyarkhore,2,1991-03-30,1.824,2.316629999999999
365,andhiyarkhore,2,1991-03-31,1.29,2.325599999999999
365,andhiyarkhore,2,1991-04-01,1.14,2.1967099999999995
365,andhiyarkhore,2,1991-04-02,1.01,2.5377199999999993
365,andhiyarkhore,2,1991-04-03,1.295,2.3967599999999982
365,andhiyarkhore,2,1991-04-04,1.031,2.2365199999999983
365,andhiyarkhore,2,1991-04-05,1.09,1.9816399999999985
365,andhiyarkhore,2,1991-04-06,1.022,2.0369399999999995
365,andhiyarkhore,2,1991-04-07,1.01,2.214679999999999
365,andhiyarkhore,2,1991-04-08,1.06,2.0812299999999992
365,andhiyarkhore,2,1991-04-09,1.038,2.21541
365,andhiyarkhore,2,1991-04-10,0.736,3.0161599999999997
365,andhiyarkhore,2,1991-04-11,0.915,3.0056300000000005
365,andhiyarkhore,2,1991-04-12,0.882,2.6559
365,andhiyarkhore,2,1991-04-13,0.859,2.329449999999999
365,andhiyarkhore,2,1991-04-14,0.9,2.84892
365,andhiyarkhore,2,1991-04-15,0.859,2.6972399999999994
365,andhiyarkhore,2,1991-04-16,0.845,2.5770499999999994
365,andhiyarkhore,2,1991-04-17,0.84,2.839509999999999
365,andhiyarkhore,2,1991-04-18,0.832,2.0992499999999987
365,andhiyarkhore,2,1991-04-19,0.856,2.0411699999999997
365,andhiyarkhore,2,1991-04-20,0.73,2.3168499999999996
365,andhiyarkhore,2,1991-04-21,0.8,2.5960199999999993
365,andhiyarkhore,2,1991-04-22,0.707,2.5656999999999988
365,andhiyarkhore,2,1991-04-23,0.712,2.526399999999998
365,andhiyarkhore,2,1991-04-24,0.696,2.373489999999999
365,andhiyarkhore,2,1991-04-25,0.71,2.4789999999999983
365,andhiyarkhore,2,1991-04-26,0.655,2.5129099999999984
365,andhiyarkhore,2,1991-04-27,0.64,2.353549999999999
365,andhiyarkhore,2,1991-04-28,0.65,2.5833199999999987
365,andhiyarkhore,2,1991-04-29,0.628,2.395119999999999
365,andhiyarkhore,2,1991-04-30,0.638,2.5834199999999985
365,andhiyarkhore,2,1991-05-01,0.635,2.8427299999999995
365,andhiyarkhore,2,1991-05-02,0.595,2.8622299999999994
365,andhiyarkhore,2,1991-05-03,0.649,2.7376699999999987
365,andhiyarkhore,2,1991-05-04,0.617,2.4587299999999983
365,andhiyarkhore,2,1991-05-05,0.65,2.456389999999999
365,andhiyarkhore,2,1991-05-06,0.636,2.513099999999999
365,andhiyarkhore,2,1991-05-07,0.594,2.526019999999999
365,andhiyarkhore,2,1991-05-08,0.61,2.6871099999999988
365,andhiyarkhore,2,1991-05-09,0.595,2.660219999999999
365,andhiyarkhore,2,1991-05-10,0.673,2.6126299999999993
365,andhiyarkhore,2,1991-05-11,0.648,2.729389999999999
365,andhiyarkhore,2,1991-05-12,0.61,2.7301199999999994
365,andhiyarkhore,2,1991-05-13,0.602,2.435199999999999
365,andhiyarkhore,2,1991-05-14,0.596,2.467279999999999
365,andhiyarkhore,2,1991-05-15,0.61,2.516869999999999
365,andhiyarkhore,2,1991-05-16,0.63,2.6644799999999993
365,andhiyarkhore,2,1991-05-17,0.648,2.7332099999999997
365,andhiyarkhore,2,1991-05-18,0.633,2.368989999999999
365,andhiyarkhore,2,1991-05-19,0.61,2.7173099999999994
365,andhiyarkhore,2,1991-05-20,0.62,2.8347099999999994
365,andhiyarkhore,2,1991-05-21,0.607,2.69927
365,andhiyarkhore,2,1991-05-22,0.63,2.793709999999999
365,andhiyarkhore,2,1991-05-23,0.593,2.4763599999999997
365,andhiyarkhore,2,1991-05-24,0.586,2.7775199999999995
365,andhiyarkhore,2,1991-05-25,0.564,2.6279299999999997
365,andhiyarkhore,2,1991-05-26,0.55,2.4766199999999996
365,andhiyarkhore,2,1991-05-27,0.548,2.667809999999999
365,andhiyarkhore,2,1991-05-28,0.63,2.47918
365,andhiyarkhore,2,1991-05-29,0.583,2.2536899999999997
365,andhiyarkhore,2,1991-05-30,0.603,2.1091100000000003
365,andhiyarkhore,2,1991-05-31,0.64,2.1216200000000005
365,andhiyarkhore,2,1991-06-01,0.859,2.8137500000000006
365,andhiyarkhore,2,1991-06-02,0.6,3.115180000000001
365,andhiyarkhore,2,1991-06-03,0.595,3.1686100000000006
365,andhiyarkhore,2,1991-06-04,0.58,3.133770000000001
365,andhiyarkhore,2,1991-06-05,0.595,3.10771
365,andhiyarkhore,2,1991-06-06,0.61,2.9863499999999994
365,andhiyarkhore,2,1991-06-07,0.592,2.9902699999999993
365,andhiyarkhore,2,1991-06-08,0.607,3.555580000000001
365,andhiyarkhore,2,1991-06-09,0.63,3.2562599999999997
365,andhiyarkhore,2,1991-06-10,0.624,3.0307999999999997
365,andhiyarkhore,2,1991-06-11,0.681,6.137680000000002
365,andhiyarkhore,2,1991-06-12,0.8,6.785970000000004
365,andhiyarkhore,2,1991-06-13,0.798,6.502350000000002
365,andhiyarkhore,2,1991-06-14,0.868,6.606799999999997
365,andhiyarkhore,2,1991-06-15,0.793,9.042029999999999
365,andhiyarkhore,2,1991-06-16,0.8,9.631529999999996
365,andhiyarkhore,2,1991-06-17,1.203,8.71291
365,andhiyarkhore,2,1991-06-18,0.958,4.40075
365,andhiyarkhore,2,1991-06-19,0.813,3.926070000000001
365,andhiyarkhore,2,1991-06-20,0.806,3.9719900000000026
365,andhiyarkhore,2,1991-06-21,0.607,3.9972300000000005
365,andhiyarkhore,2,1991-06-22,0.604,3.8760600000000007
365,andhiyarkhore,2,1991-06-23,1.5,3.116300000000001
365,andhiyarkhore,2,1991-06-24,0.922,3.3775700000000004
365,andhiyarkhore,2,1991-06-25,3.0,3.8510200000000028
365,andhiyarkhore,2,1991-06-26,0.913,8.43827
365,andhiyarkhore,2,1991-06-27,1.152,7.729539999999998
365,andhiyarkhore,2,1991-06-28,1.0,7.652279999999999
365,andhiyarkhore,2,1991-06-29,1.004,4.185350000000001
365,andhiyarkhore,2,1991-06-30,5.5,5.349150000000001
365,andhiyarkhore,2,1991-07-01,4.165,6.370699999999999
365,andhiyarkhore,2,1991-07-02,4.358,10.843320000000004
365,andhiyarkhore,2,1991-07-03,4.73,7.3883399999999995
365,andhiyarkhore,2,1991-07-04,3.095,5.38184
365,andhiyarkhore,2,1991-07-05,2.435,5.7141899999999985
365,andhiyarkhore,2,1991-07-06,3.107,5.1606499999999995
365,andhiyarkhore,2,1991-07-07,2.34,5.423429999999999
365,andhiyarkhore,2,1991-07-08,16.57,4.536020000000001
365,andhiyarkhore,2,1991-07-09,9.553,4.383750000000003
365,andhiyarkhore,2,1991-07-10,8.514,4.432140000000001
365,andhiyarkhore,2,1991-07-11,4.991,3.98543
365,andhiyarkhore,2,1991-07-12,3.105,3.56893
365,andhiyarkhore,2,1991-07-13,2.24,3.3440199999999987
365,andhiyarkhore,2,1991-07-14,2.14,3.32584
365,andhiyarkhore,2,1991-07-15,9.876,6.2032000000000025
365,andhiyarkhore,2,1991-07-16,16.48,5.901090000000002
365,andhiyarkhore,2,1991-07-17,22.83,9.87813
365,andhiyarkhore,2,1991-07-18,72.29,68.64465999999997
365,andhiyarkhore,2,1991-07-19,70.07,49.08820000000001
365,andhiyarkhore,2,1991-07-20,19.96,35.009460000000004
365,andhiyarkhore,2,1991-07-21,8.7,32.397710000000004
365,andhiyarkhore,2,1991-07-22,8.32,16.412940000000003
365,andhiyarkhore,2,1991-07-23,10.43,20.120580000000004
365,andhiyarkhore,2,1991-07-24,23.8,29.38315000000002
365,andhiyarkhore,2,1991-07-25,42.68,37.68026
365,andhiyarkhore,2,1991-07-26,19.8,25.760580000000008
365,andhiyarkhore,2,1991-07-27,10.76,20.81122
365,andhiyarkhore,2,1991-07-28,8.8,13.090900000000001
365,andhiyarkhore,2,1991-07-29,7.651,11.640499999999998
365,andhiyarkhore,2,1991-07-30,181.5,66.50319999999999
365,andhiyarkhore,2,1991-07-31,110.4,79.47022
365,andhiyarkhore,2,1991-08-01,47.91,67.00029
365,andhiyarkhore,2,1991-08-02,23.73,55.71014999999999
365,andhiyarkhore,2,1991-08-03,12.06,36.688579999999995
365,andhiyarkhore,2,1991-08-04,11.73,19.78378
365,andhiyarkhore,2,1991-08-05,11.73,27.487930000000002
365,andhiyarkhore,2,1991-08-06,11.61,61.99045999999998
365,andhiyarkhore,2,1991-08-07,12.21,70.90404999999996
365,andhiyarkhore,2,1991-08-08,13.42,75.81874999999997
365,andhiyarkhore,2,1991-08-09,11.51,84.23056999999997
365,andhiyarkhore,2,1991-08-10,7.104,88.63190999999999
365,andhiyarkhore,2,1991-08-11,5.7,68.93446999999998
365,andhiyarkhore,2,1991-08-12,5.51,61.07774999999999
365,andhiyarkhore,2,1991-08-13,4.685,75.78621999999994
365,andhiyarkhore,2,1991-08-14,88.0,145.17676000000012
365,andhiyarkhore,2,1991-08-15,49.95,131.74833000000004
365,andhiyarkhore,2,1991-08-16,52.88,112.74005000000001
365,andhiyarkhore,2,1991-08-17,340.9,122.94080000000002
365,andhiyarkhore,2,1991-08-18,115.0,115.62151999999995
365,andhiyarkhore,2,1991-08-19,88.76,96.45063999999996
365,andhiyarkhore,2,1991-08-20,41.79,86.68710999999999
365,andhiyarkhore,2,1991-08-21,25.85,71.94408999999997
365,andhiyarkhore,2,1991-08-22,24.28,35.92255000000003
365,andhiyarkhore,2,1991-08-23,110.4,118.79992999999999
365,andhiyarkhore,2,1991-08-24,443.9,127.31077000000003
365,andhiyarkhore,2,1991-08-25,105.0,115.02330999999995
365,andhiyarkhore,2,1991-08-26,71.07,108.20583999999997
365,andhiyarkhore,2,1991-08-27,50.15,94.39729999999997
365,andhiyarkhore,2,1991-08-28,33.93,91.05733000000001
365,andhiyarkhore,2,1991-08-29,26.62,69.54584000000003
365,andhiyarkhore,2,1991-08-30,21.56,70.43540000000002
365,andhiyarkhore,2,1991-08-31,21.65,42.89019000000001
365,andhiyarkhore,2,1991-09-01,18.0,24.94827
365,andhiyarkhore,2,1991-09-02,17.5,20.132699999999996
365,andhiyarkhore,2,1991-09-03,23.31,15.374039999999997
365,andhiyarkhore,2,1991-09-04,19.43,16.809619999999995
365,andhiyarkhore,2,1991-09-05,12.63,15.640409999999996
365,andhiyarkhore,2,1991-09-06,11.8,17.970760000000002
365,andhiyarkhore,2,1991-09-07,11.0,15.169680000000001
365,andhiyarkhore,2,1991-09-08,10.0,19.791320000000006
365,andhiyarkhore,2,1991-09-09,8.471,22.530839999999998
365,andhiyarkhore,2,1991-09-10,7.963,14.38382
365,andhiyarkhore,2,1991-09-11,7.574,17.270350000000004
365,andhiyarkhore,2,1991-09-12,6.874,14.65362
365,andhiyarkhore,2,1991-09-13,6.161,10.344519999999996
365,andhiyarkhore,2,1991-09-14,5.952,14.967799999999995
365,andhiyarkhore,2,1991-09-15,6.0,20.04723
365,andhiyarkhore,2,1991-09-16,4.791,21.681920000000005
365,andhiyarkhore,2,1991-09-17,4.633,21.078650000000003
365,andhiyarkhore,2,1991-09-18,4.527,21.721310000000003
365,andhiyarkhore,2,1991-09-19,4.681,17.30737
365,andhiyarkhore,2,1991-09-20,4.103,16.04334999999999
365,andhiyarkhore,2,1991-09-21,3.292,17.669959999999993
365,andhiyarkhore,2,1991-09-22,2.95,17.116269999999997
365,andhiyarkhore,2,1991-09-23,2.927,16.268679999999996
365,andhiyarkhore,2,1991-09-24,4.698,31.235979999999998
365,andhiyarkhore,2,1991-09-25,7.96,39.19602000000001
365,andhiyarkhore,2,1991-09-26,4.527,31.138460000000006
365,andhiyarkhore,2,1991-09-27,4.717,24.12037
365,andhiyarkhore,2,1991-09-28,3.472,22.335579999999986
365,andhiyarkhore,2,1991-09-29,2.05,16.171129999999987
365,andhiyarkhore,2,1991-09-30,2.85,13.96619999999999
365,andhiyarkhore,2,1991-10-01,2.915,8.357779999999996
365,andhiyarkhore,2,1991-10-02,2.9,7.971729999999997
365,andhiyarkhore,2,1991-10-03,2.313,5.224400000000002
365,andhiyarkhore,2,1991-10-04,2.3,5.3501
365,andhiyarkhore,2,1991-10-05,2.588,7.119959999999995
365,andhiyarkhore,2,1991-10-06,2.59,7.231989999999995
365,andhiyarkhore,2,1991-10-07,2.726,5.576149999999999
365,andhiyarkhore,2,1991-10-08,2.355,5.840099999999996
365,andhiyarkhore,2,1991-10-09,3.29,9.200799999999996
365,andhiyarkhore,2,1991-10-10,10.06,23.881570000000007
365,andhiyarkhore,2,1991-10-11,5.247,21.778040000000004
365,andhiyarkhore,2,1991-10-12,2.972,19.112429999999993
365,andhiyarkhore,2,1991-10-13,3.35,10.807839999999997
365,andhiyarkhore,2,1991-10-14,2.834,11.442569999999998
365,andhiyarkhore,2,1991-10-15,3.022,9.30585
365,andhiyarkhore,2,1991-10-16,3.006,8.654869999999995
365,andhiyarkhore,2,1991-10-17,3.0,7.581329999999997
365,andhiyarkhore,2,1991-10-18,2.85,5.0111500000000015
365,andhiyarkhore,2,1991-10-19,2.848,5.361270000000002
365,andhiyarkhore,2,1991-10-20,2.8,5.610730000000001
365,andhiyarkhore,2,1991-10-21,2.791,4.863010000000001
365,andhiyarkhore,2,1991-10-22,2.714,6.161379999999999
365,andhiyarkhore,2,1991-10-23,2.641,4.838530000000002
365,andhiyarkhore,2,1991-10-24,2.559,4.3232800000000005
365,andhiyarkhore,2,1991-10-25,2.381,3.9265600000000016
365,andhiyarkhore,2,1991-10-26,2.396,4.106470000000001
365,andhiyarkhore,2,1991-10-27,2.31,4.496210000000001
365,andhiyarkhore,2,1991-10-28,2.311,4.61362
365,andhiyarkhore,2,1991-10-29,2.272,4.636379999999999
365,andhiyarkhore,2,1991-10-30,2.27,4.623639999999999
365,andhiyarkhore,2,1991-10-31,2.4,4.815239999999999
365,andhiyarkhore,2,1991-11-01,1.467,4.886850000000001
365,andhiyarkhore,2,1991-11-02,1.483,4.188829999999999
365,andhiyarkhore,2,1991-11-03,1.5,4.39902
365,andhiyarkhore,2,1991-11-04,1.414,4.68009
365,andhiyarkhore,2,1991-11-05,1.4,4.49419
365,andhiyarkhore,2,1991-11-06,1.412,4.382629999999998
365,andhiyarkhore,2,1991-11-07,1.378,3.89041
365,andhiyarkhore,2,1991-11-08,1.408,4.0157300000000005
365,andhiyarkhore,2,1991-11-09,1.429,4.08364
365,andhiyarkhore,2,1991-11-10,1.43,4.494160000000001
365,andhiyarkhore,2,1991-11-11,1.431,4.199580000000001
365,andhiyarkhore,2,1991-11-12,1.491,3.8672900000000006
365,andhiyarkhore,2,1991-11-13,1.48,3.959660000000002
365,andhiyarkhore,2,1991-11-14,1.498,4.065750000000002
365,andhiyarkhore,2,1991-11-15,1.424,4.137340000000004
365,andhiyarkhore,2,1991-11-16,1.449,3.8868200000000037
365,andhiyarkhore,2,1991-11-17,1.45,3.736820000000003
365,andhiyarkhore,2,1991-11-18,1.429,3.769960000000003
365,andhiyarkhore,2,1991-11-19,1.577,3.264140000000001
365,andhiyarkhore,2,1991-11-20,1.892,3.3063900000000013
365,andhiyarkhore,2,1991-11-21,1.6,3.255380000000001
365,andhiyarkhore,2,1991-11-22,1.704,3.207670000000001
365,andhiyarkhore,2,1991-11-23,1.706,3.0990100000000003
365,andhiyarkhore,2,1991-11-24,1.7,3.1173500000000014
365,andhiyarkhore,2,1991-11-25,1.626,2.969320000000002
365,andhiyarkhore,2,1991-11-26,1.489,2.955
365,andhiyarkhore,2,1991-11-27,1.754,2.9168000000000007
365,andhiyarkhore,2,1991-11-28,1.414,2.958290000000001
365,andhiyarkhore,2,1991-11-29,1.2,3.336920000000002
365,andhiyarkhore,2,1991-11-30,1.15,3.300760000000002
365,andhiyarkhore,2,1991-12-01,1.68,3.5344900000000012
365,andhiyarkhore,2,1991-12-02,1.659,3.367160000000001
365,andhiyarkhore,2,1991-12-03,1.756,3.1087100000000008
365,andhiyarkhore,2,1991-12-04,1.664,3.132410000000001
365,andhiyarkhore,2,1991-12-05,2.413,3.435450000000001
365,andhiyarkhore,2,1991-12-06,2.43,3.3012499999999996
365,andhiyarkhore,2,1991-12-07,2.029,3.5955199999999996
365,andhiyarkhore,2,1991-12-08,2.03,3.2557099999999997
365,andhiyarkhore,2,1991-12-09,1.804,3.44052
365,andhiyarkhore,2,1991-12-10,1.707,3.3760299999999996
365,andhiyarkhore,2,1991-12-11,1.976,3.364269999999999
365,andhiyarkhore,2,1991-12-12,2.017,3.2187900000000003
365,andhiyarkhore,2,1991-12-13,1.871,3.0985599999999995
365,andhiyarkhore,2,1991-12-14,2.027,3.1486600000000005
365,andhiyarkhore,2,1991-12-15,1.96,3.14663
365,andhiyarkhore,2,1991-12-16,1.957,3.2405699999999995
365,andhiyarkhore,2,1991-12-17,1.867,3.45678
365,andhiyarkhore,2,1991-12-18,1.841,2.777369999999999
365,andhiyarkhore,2,1991-12-19,1.765,2.660069999999999
365,andhiyarkhore,2,1991-12-20,1.725,2.6366599999999987
365,andhiyarkhore,2,1991-12-21,1.712,2.63895
365,andhiyarkhore,2,1991-12-22,1.7,2.6606400000000003
365,andhiyarkhore,2,1991-12-23,1.702,2.6416699999999995
365,andhiyarkhore,2,1991-12-24,1.759,2.6881899999999996
365,andhiyarkhore,2,1991-12-25,1.8,3.406519999999999
365,andhiyarkhore,2,1991-12-26,1.916,3.96454
365,andhiyarkhore,2,1991-12-27,1.966,3.786240000000001
365,andhiyarkhore,2,1991-12-28,1.752,3.2599199999999993
365,andhiyarkhore,2,1991-12-29,1.65,2.8660399999999986
365,andhiyarkhore,2,1991-12-30,1.633,2.927539999999999
365,andhiyarkhore,2,1991-12-31,1.809,2.9854499999999984
365,andhiyarkhore,2,1992-01-01,1.971,3.2269199999999993
365,andhiyarkhore,2,1992-01-02,1.924,2.8229999999999986
365,andhiyarkhore,2,1992-01-03,1.76,3.041239999999998
365,andhiyarkhore,2,1992-01-04,1.755,2.796069999999999
365,andhiyarkhore,2,1992-01-05,1.75,2.694299999999999
365,andhiyarkhore,2,1992-01-06,1.668,2.6862899999999983
365,andhiyarkhore,2,1992-01-07,1.569,2.5056799999999995
365,andhiyarkhore,2,1992-01-08,1.533,2.5214799999999995
365,andhiyarkhore,2,1992-01-09,1.441,2.5729
365,andhiyarkhore,2,1992-01-10,1.411,2.72361
365,andhiyarkhore,2,1992-01-11,1.304,2.5018299999999996
365,andhiyarkhore,2,1992-01-12,1.39,2.4519099999999994
365,andhiyarkhore,2,1992-01-13,1.385,2.3770200000000004
365,andhiyarkhore,2,1992-01-14,1.369,2.6372999999999998
365,andhiyarkhore,2,1992-01-15,1.559,2.573740000000001
365,andhiyarkhore,2,1992-01-16,1.701,2.5703600000000004
365,andhiyarkhore,2,1992-01-17,1.561,2.5956900000000007
365,andhiyarkhore,2,1992-01-18,1.332,2.4333400000000007
365,andhiyarkhore,2,1992-01-19,1.3,2.6028700000000002
365,andhiyarkhore,2,1992-01-20,1.477,2.6542300000000005
365,andhiyarkhore,2,1992-01-21,1.364,2.5053900000000002
365,andhiyarkhore,2,1992-01-22,1.295,2.6140000000000003
365,andhiyarkhore,2,1992-01-23,1.294,2.5263200000000006
365,andhiyarkhore,2,1992-01-24,1.3,2.6288700000000005
365,andhiyarkhore,2,1992-01-25,1.67,2.78207
365,andhiyarkhore,2,1992-01-26,1.67,2.49916
365,andhiyarkhore,2,1992-01-27,1.56,2.64591
365,andhiyarkhore,2,1992-01-28,1.3,2.6317500000000003
365,andhiyarkhore,2,1992-01-29,1.529,2.66521
365,andhiyarkhore,2,1992-01-30,1.735,2.6856299999999997
365,andhiyarkhore,2,1992-01-31,1.33,2.5259000000000005
365,andhiyarkhore,2,1992-02-01,0.947,2.5051
365,andhiyarkhore,2,1992-02-02,0.9,2.45192
365,andhiyarkhore,2,1992-02-03,0.906,2.16035
365,andhiyarkhore,2,1992-02-04,1.155,2.33194
365,andhiyarkhore,2,1992-02-05,1.128,2.5526499999999994
365,andhiyarkhore,2,1992-02-06,1.108,2.53766
365,andhiyarkhore,2,1992-02-07,1.173,2.6012499999999994
365,andhiyarkhore,2,1992-02-08,1.22,2.606339999999999
365,andhiyarkhore,2,1992-02-09,1.99,2.5532799999999995
365,andhiyarkhore,2,1992-02-10,1.8,2.483439999999999
365,andhiyarkhore,2,1992-02-11,1.35,2.7495199999999986
365,andhiyarkhore,2,1992-02-12,1.457,2.2569099999999986
365,andhiyarkhore,2,1992-02-13,1.17,2.245069999999999
365,andhiyarkhore,2,1992-02-14,1.219,2.43541
365,andhiyarkhore,2,1992-02-15,0.996,2.715349999999999
365,andhiyarkhore,2,1992-02-16,1.0,2.7204999999999986
365,andhiyarkhore,2,1992-02-17,0.998,2.688859999999999
365,andhiyarkhore,2,1992-02-18,1.124,1.124
365,andhiyarkhore,3,1990-01-14,1.2,1.936940000000001
365,andhiyarkhore,3,1990-01-15,1.177,2.069170000000001
365,andhiyarkhore,3,1990-01-16,1.186,1.993160000000001
365,andhiyarkhore,3,1990-01-17,1.203,1.9522200000000012
365,andhiyarkhore,3,1990-01-18,1.123,1.9311200000000002
365,andhiyarkhore,3,1990-01-19,1.144,1.8778800000000002
365,andhiyarkhore,3,1990-01-20,1.184,1.82047
365,andhiyarkhore,3,1990-01-21,1.15,1.8050999999999993
365,andhiyarkhore,3,1990-01-22,1.016,1.7214399999999992
365,andhiyarkhore,3,1990-01-23,0.958,1.7652099999999993
365,andhiyarkhore,3,1990-01-24,0.899,1.7961399999999998
365,andhiyarkhore,3,1990-01-25,0.899,1.68395
365,andhiyarkhore,3,1990-01-26,0.925,1.6625799999999995
365,andhiyarkhore,3,1990-01-27,0.995,1.6643699999999995
365,andhiyarkhore,3,1990-01-28,0.9,1.62628
365,andhiyarkhore,3,1990-01-29,0.9,1.5826299999999998
365,andhiyarkhore,3,1990-01-30,0.9,1.5862499999999997
365,andhiyarkhore,3,1990-01-31,0.89,1.6026599999999995
365,andhiyarkhore,3,1990-02-01,1.344,1.5908899999999997
365,andhiyarkhore,3,1990-02-02,1.244,1.5451899999999998
365,andhiyarkhore,3,1990-02-03,1.248,1.5361599999999997
365,andhiyarkhore,3,1990-02-04,1.2,1.4888799999999995
365,andhiyarkhore,3,1990-02-05,1.186,1.47631
365,andhiyarkhore,3,1990-02-06,1.008,1.44515
365,andhiyarkhore,3,1990-02-07,1.062,1.3794699999999998
365,andhiyarkhore,3,1990-02-08,1.113,1.5713699999999997
365,andhiyarkhore,3,1990-02-09,1.169,1.4786299999999997
365,andhiyarkhore,3,1990-02-10,1.046,1.51266
365,andhiyarkhore,3,1990-02-11,1.2,1.5276599999999996
365,andhiyarkhore,3,1990-02-12,1.066,1.4514000000000005
365,andhiyarkhore,3,1990-02-13,1.105,1.4944800000000003
365,andhiyarkhore,3,1990-02-14,1.247,1.4578299999999995
365,andhiyarkhore,3,1990-02-15,1.65,1.6700799999999996
365,andhiyarkhore,3,1990-02-16,1.861,1.7426799999999998
365,andhiyarkhore,3,1990-02-17,1.861,2.0610299999999997
365,andhiyarkhore,3,1990-02-18,1.7,1.9390499999999997
365,andhiyarkhore,3,1990-02-19,1.765,1.8317500000000002
365,andhiyarkhore,3,1990-02-20,1.63,1.8068799999999994
365,andhiyarkhore,3,1990-02-21,1.459,1.9170899999999997
365,andhiyarkhore,3,1990-02-22,1.33,1.8566700000000003
365,andhiyarkhore,3,1990-02-23,1.189,2.014440000000001
365,andhiyarkhore,3,1990-02-24,1.181,1.9457900000000012
365,andhiyarkhore,3,1990-02-25,1.25,1.9612000000000007
365,andhiyarkhore,3,1990-02-26,1.094,1.8527600000000004
365,andhiyarkhore,3,1990-02-27,1.1,1.7116299999999998
365,andhiyarkhore,3,1990-02-28,1.035,1.7160399999999993
365,andhiyarkhore,3,1990-03-01,1.075,1.71874
365,andhiyarkhore,3,1990-03-02,1.008,1.7751100000000002
365,andhiyarkhore,3,1990-03-03,1.023,1.8463399999999996
365,andhiyarkhore,3,1990-03-04,1.0,1.7043099999999993
365,andhiyarkhore,3,1990-03-05,0.921,1.6707599999999987
365,andhiyarkhore,3,1990-03-06,0.973,1.5232899999999991
365,andhiyarkhore,3,1990-03-07,1.089,1.4204599999999996
365,andhiyarkhore,3,1990-03-08,0.957,1.3523499999999995
365,andhiyarkhore,3,1990-03-09,1.037,1.42182
365,andhiyarkhore,3,1990-03-10,0.926,1.6002499999999995
365,andhiyarkhore,3,1990-03-11,0.95,1.5893199999999998
365,andhiyarkhore,3,1990-03-12,1.0,1.5937199999999996
365,andhiyarkhore,3,1990-03-13,1.246,1.5541800000000003
365,andhiyarkhore,3,1990-03-14,1.316,1.4145399999999997
365,andhiyarkhore,3,1990-03-15,1.089,1.3316699999999995
365,andhiyarkhore,3,1990-03-16,1.099,1.2827899999999994
365,andhiyarkhore,3,1990-03-17,0.965,1.2204899999999992
365,andhiyarkhore,3,1990-03-18,0.8,1.1796899999999995
365,andhiyarkhore,3,1990-03-19,0.806,1.1603199999999994
365,andhiyarkhore,3,1990-03-20,0.827,1.0636399999999997
365,andhiyarkhore,3,1990-03-21,0.854,1.3591999999999995
365,andhiyarkhore,3,1990-03-22,0.797,1.405709999999999
365,andhiyarkhore,3,1990-03-23,0.728,1.4597699999999991
365,andhiyarkhore,3,1990-03-24,0.748,1.4036899999999994
365,andhiyarkhore,3,1990-03-25,0.7,1.4409699999999994
365,andhiyarkhore,3,1990-03-26,0.618,1.3161299999999991
365,andhiyarkhore,3,1990-03-27,0.618,1.2964499999999992
365,andhiyarkhore,3,1990-03-28,0.618,1.39028
365,andhiyarkhore,3,1990-03-29,0.618,1.3596799999999996
365,andhiyarkhore,3,1990-03-30,0.618,1.59463
365,andhiyarkhore,3,1990-03-31,0.618,1.6304799999999997
365,andhiyarkhore,3,1990-04-01,0.65,1.5220199999999997
365,andhiyarkhore,3,1990-04-02,0.65,0.7020400000000001
365,andhiyarkhore,3,1990-04-03,0.65,0.6614600000000002
365,andhiyarkhore,3,1990-04-04,0.55,1.5337299999999996
365,andhiyarkhore,3,1990-04-05,0.55,1.5053199999999998
365,andhiyarkhore,3,1990-04-06,0.6,1.5579399999999992
365,andhiyarkhore,3,1990-04-07,0.6,1.6066599999999998
365,andhiyarkhore,3,1990-04-08,0.65,1.28314
365,andhiyarkhore,3,1990-04-09,0.55,0.67151
365,andhiyarkhore,3,1990-04-10,0.421,0.6314399999999999
365,andhiyarkhore,3,1990-04-11,0.421,0.6502199999999999
365,andhiyarkhore,3,1990-04-12,0.421,0.6327599999999997
365,andhiyarkhore,3,1990-04-13,0.319,1.3613699999999997
365,andhiyarkhore,3,1990-04-14,0.319,0.6795399999999998
365,andhiyarkhore,3,1990-04-15,0.319,0.67446
365,andhiyarkhore,3,1990-04-16,0.319,1.3145299999999998
365,andhiyarkhore,3,1990-04-17,0.319,1.22951
365,andhiyarkhore,3,1990-04-18,0.282,1.3398900000000002
365,andhiyarkhore,3,1990-04-19,0.24,1.4193900000000002
365,andhiyarkhore,3,1990-04-20,0.184,1.46027
365,andhiyarkhore,3,1990-04-21,0.184,1.5449599999999999
365,andhiyarkhore,3,1990-04-22,0.24,1.61118
365,andhiyarkhore,3,1990-04-23,0.24,1.6065799999999997
365,andhiyarkhore,3,1990-04-24,0.282,1.6153699999999998
365,andhiyarkhore,3,1990-04-25,0.184,1.4320499999999998
365,andhiyarkhore,3,1990-04-26,0.15,0.7355200000000001
365,andhiyarkhore,3,1990-04-27,0.15,0.8135200000000001
365,andhiyarkhore,3,1990-04-28,0.24,1.50244
365,andhiyarkhore,3,1990-04-29,0.24,1.4572399999999996
365,andhiyarkhore,3,1990-04-30,0.421,1.4732999999999992
365,andhiyarkhore,3,1990-05-01,0.32,1.536909999999999
365,andhiyarkhore,3,1990-05-02,0.267,1.5990699999999993
365,andhiyarkhore,3,1990-05-03,0.236,1.3842999999999999
365,andhiyarkhore,3,1990-05-04,0.268,1.6859799999999987
365,andhiyarkhore,3,1990-05-05,0.26,1.9644
365,andhiyarkhore,3,1990-05-06,0.25,1.8764099999999992
365,andhiyarkhore,3,1990-05-07,0.516,2.3877699999999997
365,andhiyarkhore,3,1990-05-08,0.381,2.0371199999999985
365,andhiyarkhore,3,1990-05-09,0.39,2.249609999999999
365,andhiyarkhore,3,1990-05-10,0.8,1.83164
365,andhiyarkhore,3,1990-05-11,0.565,1.7335199999999997
365,andhiyarkhore,3,1990-05-12,1.23,1.3473
365,andhiyarkhore,3,1990-05-13,1.92,1.4713
365,andhiyarkhore,3,1990-05-14,1.92,2.41757
365,andhiyarkhore,3,1990-05-15,5.251,3.2248999999999994
365,andhiyarkhore,3,1990-05-16,3.418,4.764790000000004
365,andhiyarkhore,3,1990-05-17,1.92,3.789910000000002
365,andhiyarkhore,3,1990-05-18,1.324,3.5039800000000003
365,andhiyarkhore,3,1990-05-19,1.372,3.232180000000001
365,andhiyarkhore,3,1990-05-20,3.1,2.60875
365,andhiyarkhore,3,1990-05-21,1.82,3.08723
365,andhiyarkhore,3,1990-05-22,1.353,2.20863
365,andhiyarkhore,3,1990-05-23,1.392,2.221990000000001
365,andhiyarkhore,3,1990-05-24,1.129,2.28507
365,andhiyarkhore,3,1990-05-25,1.041,2.0529599999999997
365,andhiyarkhore,3,1990-05-26,1.034,2.02543
365,andhiyarkhore,3,1990-05-27,1.25,2.0134600000000002
365,andhiyarkhore,3,1990-05-28,1.004,2.0203699999999993
365,andhiyarkhore,3,1990-05-29,0.936,2.2332999999999994
365,andhiyarkhore,3,1990-05-30,1.46,1.9875499999999997
365,andhiyarkhore,3,1990-05-31,0.83,2.0284199999999997
365,andhiyarkhore,3,1990-06-01,0.762,2.2649899999999996
365,andhiyarkhore,3,1990-06-02,0.832,2.24723
365,andhiyarkhore,3,1990-06-03,1.3,2.48604
365,andhiyarkhore,3,1990-06-04,2.588,2.5481
365,andhiyarkhore,3,1990-06-05,1.914,2.6014700000000004
365,andhiyarkhore,3,1990-06-06,1.795,2.3049199999999996
365,andhiyarkhore,3,1990-06-07,1.195,2.5866100000000007
365,andhiyarkhore,3,1990-06-08,1.091,2.850380000000001
365,andhiyarkhore,3,1990-06-09,0.99,2.384710000000001
365,andhiyarkhore,3,1990-06-10,3.25,2.9872200000000015
365,andhiyarkhore,3,1990-06-11,1.142,2.543859999999999
365,andhiyarkhore,3,1990-06-12,0.895,2.6703199999999994
365,andhiyarkhore,3,1990-06-13,0.97,2.853139999999999
365,andhiyarkhore,3,1990-06-14,1.205,3.10185
365,andhiyarkhore,3,1990-06-15,0.988,4.274009999999999
365,andhiyarkhore,3,1990-06-16,3.132,5.29432
365,andhiyarkhore,3,1990-06-17,1.85,9.456280000000003
365,andhiyarkhore,3,1990-06-18,1.696,13.024190000000003
365,andhiyarkhore,3,1990-06-19,3.965,18.549720000000008
365,andhiyarkhore,3,1990-06-20,4.527,12.450320000000007
365,andhiyarkhore,3,1990-06-21,5.24,25.296060000000008
365,andhiyarkhore,3,1990-06-22,17.939,17.83343000000001
365,andhiyarkhore,3,1990-06-23,7.344,18.441950000000006
365,andhiyarkhore,3,1990-06-24,8.0,21.737049999999996
365,andhiyarkhore,3,1990-06-25,3.6,19.725710000000007
365,andhiyarkhore,3,1990-06-26,85.1,38.09854
365,andhiyarkhore,3,1990-06-27,159.6,33.70078
365,andhiyarkhore,3,1990-06-28,227.1,52.12390999999998
365,andhiyarkhore,3,1990-06-29,410.6,37.40774
365,andhiyarkhore,3,1990-06-30,172.4,50.19196999999998
365,andhiyarkhore,3,1990-07-01,60.0,59.81539000000001
365,andhiyarkhore,3,1990-07-02,246.8,28.808840000000014
365,andhiyarkhore,3,1990-07-03,291.0,73.93255000000002
365,andhiyarkhore,3,1990-07-04,110.0,49.004589999999986
365,andhiyarkhore,3,1990-07-05,57.99,21.896360000000012
365,andhiyarkhore,3,1990-07-06,37.85,15.32867000000001
365,andhiyarkhore,3,1990-07-07,21.49,15.58457
365,andhiyarkhore,3,1990-07-08,38.0,24.178190000000008
365,andhiyarkhore,3,1990-07-09,28.51,27.45071
365,andhiyarkhore,3,1990-07-10,21.48,18.196000000000005
365,andhiyarkhore,3,1990-07-11,13.8,13.313410000000001
365,andhiyarkhore,3,1990-07-12,13.65,17.41830000000001
365,andhiyarkhore,3,1990-07-13,10.0,37.127340000000004
365,andhiyarkhore,3,1990-07-14,9.42,37.65055
365,andhiyarkhore,3,1990-07-15,8.34,36.19869000000001
365,andhiyarkhore,3,1990-07-16,7.26,62.06900999999997
365,andhiyarkhore,3,1990-07-17,8.67,28.92663
365,andhiyarkhore,3,1990-07-18,10.6,24.9235
365,andhiyarkhore,3,1990-07-19,20.94,30.17721
365,andhiyarkhore,3,1990-07-20,52.72,38.09784
365,andhiyarkhore,3,1990-07-21,51.58,69.66656999999996
365,andhiyarkhore,3,1990-07-22,62.0,83.20134999999996
365,andhiyarkhore,3,1990-07-23,39.01,70.46414999999998
365,andhiyarkhore,3,1990-07-24,160.6,97.92631000000002
365,andhiyarkhore,3,1990-07-25,94.6,82.01236
365,andhiyarkhore,3,1990-07-26,42.33,56.631459999999976
365,andhiyarkhore,3,1990-07-27,26.91,27.253270000000008
365,andhiyarkhore,3,1990-07-28,19.77,25.376859999999997
365,andhiyarkhore,3,1990-07-29,16.27,24.487769999999998
365,andhiyarkhore,3,1990-07-30,12.77,20.48489
365,andhiyarkhore,3,1990-07-31,8.098,15.957159999999995
365,andhiyarkhore,3,1990-08-01,8.098,13.75842
365,andhiyarkhore,3,1990-08-02,7.322,16.25658000000001
365,andhiyarkhore,3,1990-08-03,6.545,21.065170000000002
365,andhiyarkhore,3,1990-08-04,6.545,34.683500000000016
365,andhiyarkhore,3,1990-08-05,6.5,25.87853000000001
365,andhiyarkhore,3,1990-08-06,6.859,21.358460000000008
365,andhiyarkhore,3,1990-08-07,6.917,18.520580000000002
365,andhiyarkhore,3,1990-08-08,18.68,30.929029999999994
365,andhiyarkhore,3,1990-08-09,31.08,28.295730000000002
365,andhiyarkhore,3,1990-08-10,39.22,45.70556
365,andhiyarkhore,3,1990-08-11,37.74,24.02611999999999
365,andhiyarkhore,3,1990-08-12,19.54,19.809720000000006
365,andhiyarkhore,3,1990-08-13,131.34,33.75106999999999
365,andhiyarkhore,3,1990-08-14,33.97,49.24022
365,andhiyarkhore,3,1990-08-15,90.0,58.050009999999986
365,andhiyarkhore,3,1990-08-16,36.64,65.20525999999997
365,andhiyarkhore,3,1990-08-17,44.23,78.75129999999997
365,andhiyarkhore,3,1990-08-18,34.44,77.47597999999999
365,andhiyarkhore,3,1990-08-19,137.0,69.15640000000002
365,andhiyarkhore,3,1990-08-20,42.96,62.97594999999998
365,andhiyarkhore,3,1990-08-21,26.2,73.20534
365,andhiyarkhore,3,1990-08-22,17.59,61.5696
365,andhiyarkhore,3,1990-08-23,20.98,70.62292999999998
365,andhiyarkhore,3,1990-08-24,33.5,61.177270000000014
365,andhiyarkhore,3,1990-08-25,23.87,64.66994000000004
365,andhiyarkhore,3,1990-08-26,19.23,58.37572999999998
365,andhiyarkhore,3,1990-08-27,14.58,43.97195000000002
365,andhiyarkhore,3,1990-08-28,12.49,44.31951000000001
365,andhiyarkhore,3,1990-08-29,13.41,59.69756999999997
365,andhiyarkhore,3,1990-08-30,52.05,68.60595
365,andhiyarkhore,3,1990-08-31,44.63,64.11228000000003
365,andhiyarkhore,3,1990-09-01,70.13,65.13636000000002
365,andhiyarkhore,3,1990-09-02,44.18,75.64173
365,andhiyarkhore,3,1990-09-03,36.23,81.82912999999992
365,andhiyarkhore,3,1990-09-04,54.15,73.23496999999996
365,andhiyarkhore,3,1990-09-05,72.16,85.70110999999997
365,andhiyarkhore,3,1990-09-06,68.3,96.76452000000005
365,andhiyarkhore,3,1990-09-07,42.61,101.42188999999999
365,andhiyarkhore,3,1990-09-08,43.39,92.54762999999998
365,andhiyarkhore,3,1990-09-09,38.2,74.68695999999998
365,andhiyarkhore,3,1990-09-10,38.01,55.12891999999997
365,andhiyarkhore,3,1990-09-11,32.68,39.77842000000001
365,andhiyarkhore,3,1990-09-12,52.91,78.08440999999999
365,andhiyarkhore,3,1990-09-13,134.15,70.45763999999997
365,andhiyarkhore,3,1990-09-14,129.93,79.71853999999996
365,andhiyarkhore,3,1990-09-15,183.97,115.67714000000002
365,andhiyarkhore,3,1990-09-16,110.0,98.21541000000003
365,andhiyarkhore,3,1990-09-17,49.53,75.22767999999996
365,andhiyarkhore,3,1990-09-18,35.97,76.91215999999996
365,andhiyarkhore,3,1990-09-19,28.2,62.4546
365,andhiyarkhore,3,1990-09-20,54.72,51.17565
365,andhiyarkhore,3,1990-09-21,290.08,73.78619999999998
365,andhiyarkhore,3,1990-09-22,211.53,71.52333999999999
365,andhiyarkhore,3,1990-09-23,191.37,62.69304999999998
365,andhiyarkhore,3,1990-09-24,100.9,53.04637
365,andhiyarkhore,3,1990-09-25,80.13,81.03473
365,andhiyarkhore,3,1990-09-26,425.9,83.52082999999995
365,andhiyarkhore,3,1990-09-27,270.5,77.84017999999998
365,andhiyarkhore,3,1990-09-28,186.0,72.36582999999997
365,andhiyarkhore,3,1990-09-29,207.5,76.74772999999999
365,andhiyarkhore,3,1990-09-30,125.0,78.00163999999997
365,andhiyarkhore,3,1990-10-01,120.3,77.61798999999999
365,andhiyarkhore,3,1990-10-02,138.0,81.25097999999997
365,andhiyarkhore,3,1990-10-03,72.5,78.78020999999997
365,andhiyarkhore,3,1990-10-04,57.89,83.20627999999996
365,andhiyarkhore,3,1990-10-05,51.96,76.62930999999998
365,andhiyarkhore,3,1990-10-06,51.03,90.37026
365,andhiyarkhore,3,1990-10-07,57.5,76.78681999999995
365,andhiyarkhore,3,1990-10-08,55.32,70.11321999999998
365,andhiyarkhore,3,1990-10-09,44.58,67.83063999999999
365,andhiyarkhore,3,1990-10-10,59.65,62.92863999999998
365,andhiyarkhore,3,1990-10-11,61.69,85.62766999999998
365,andhiyarkhore,3,1990-10-12,101.6,79.97315000000002
365,andhiyarkhore,3,1990-10-13,74.83,79.63505999999998
365,andhiyarkhore,3,1990-10-14,50.0,70.45802999999995
365,andhiyarkhore,3,1990-10-15,42.5,68.7468
365,andhiyarkhore,3,1990-10-16,34.8,44.20968000000002
365,andhiyarkhore,3,1990-10-17,28.8,32.03552000000001
365,andhiyarkhore,3,1990-10-18,28.5,31.049670000000013
365,andhiyarkhore,3,1990-10-19,23.86,31.403520000000018
365,andhiyarkhore,3,1990-10-20,22.75,27.809660000000008
365,andhiyarkhore,3,1990-10-21,24.0,28.322090000000014
365,andhiyarkhore,3,1990-10-22,23.34,20.852070000000012
365,andhiyarkhore,3,1990-10-23,25.45,25.06543000000001
365,andhiyarkhore,3,1990-10-24,24.57,20.416200000000007
365,andhiyarkhore,3,1990-10-25,24.16,22.075990000000015
365,andhiyarkhore,3,1990-10-26,20.79,22.472850000000005
365,andhiyarkhore,3,1990-10-27,23.04,30.537560000000003
365,andhiyarkhore,3,1990-10-28,22.0,33.35200000000001
365,andhiyarkhore,3,1990-10-29,16.28,25.210530000000002
365,andhiyarkhore,3,1990-10-30,20.07,24.116000000000007
365,andhiyarkhore,3,1990-10-31,15.3,17.264940000000006
365,andhiyarkhore,3,1990-11-01,16.44,15.743860000000007
365,andhiyarkhore,3,1990-11-02,14.5,9.582299999999998
365,andhiyarkhore,3,1990-11-03,13.99,11.184639999999996
365,andhiyarkhore,3,1990-11-04,13.0,13.33358
365,andhiyarkhore,3,1990-11-05,13.42,8.347249999999997
365,andhiyarkhore,3,1990-11-06,12.37,9.780419999999998
365,andhiyarkhore,3,1990-11-07,11.65,11.293990000000003
365,andhiyarkhore,3,1990-11-08,11.0,12.320370000000002
365,andhiyarkhore,3,1990-11-09,10.42,10.183580000000001
365,andhiyarkhore,3,1990-11-10,9.23,8.399399999999996
365,andhiyarkhore,3,1990-11-11,8.5,7.85328
365,andhiyarkhore,3,1990-11-12,8.0,7.146339999999996
365,andhiyarkhore,3,1990-11-13,7.78,5.876630000000001
365,andhiyarkhore,3,1990-11-14,7.345,6.643189999999997
365,andhiyarkhore,3,1990-11-15,6.745,6.602309999999996
365,andhiyarkhore,3,1990-11-16,6.95,5.281269999999998
365,andhiyarkhore,3,1990-11-17,7.142,5.276869999999998
365,andhiyarkhore,3,1990-11-18,6.5,4.751639999999998
365,andhiyarkhore,3,1990-11-19,6.689,5.495859999999996
365,andhiyarkhore,3,1990-11-20,5.876,4.674079999999999
365,andhiyarkhore,3,1990-11-21,6.3,4.74628
365,andhiyarkhore,3,1990-11-22,5.48,4.38816
365,andhiyarkhore,3,1990-11-23,5.661,4.023990000000001
365,andhiyarkhore,3,1990-11-24,5.416,4.137050000000001
365,andhiyarkhore,3,1990-11-25,5.0,3.997930000000001
365,andhiyarkhore,3,1990-11-26,5.48,4.199870000000002
365,andhiyarkhore,3,1990-11-27,5.527,3.9783900000000023
365,andhiyarkhore,3,1990-11-28,5.144,4.023430000000003
365,andhiyarkhore,3,1990-11-29,5.484,3.5423800000000023
365,andhiyarkhore,3,1990-11-30,5.061,3.4573900000000015
365,andhiyarkhore,3,1990-12-01,5.105,3.997140000000003
365,andhiyarkhore,3,1990-12-02,4.77,3.4431900000000013
365,andhiyarkhore,3,1990-12-03,3.971,3.7378700000000022
365,andhiyarkhore,3,1990-12-04,4.331,4.152730000000003
365,andhiyarkhore,3,1990-12-05,4.27,4.207410000000002
365,andhiyarkhore,3,1990-12-06,4.606,3.680160000000002
365,andhiyarkhore,3,1990-12-07,4.66,3.7761200000000006
365,andhiyarkhore,3,1990-12-08,4.328,3.5623600000000004
365,andhiyarkhore,3,1990-12-09,4.62,3.703840000000001
365,andhiyarkhore,3,1990-12-10,4.556,3.640690000000002
365,andhiyarkhore,3,1990-12-11,4.691,4.026290000000001
365,andhiyarkhore,3,1990-12-12,5.148,3.92069
365,andhiyarkhore,3,1990-12-13,4.639,3.898630000000001
365,andhiyarkhore,3,1990-12-14,5.22,3.42146
365,andhiyarkhore,3,1990-12-15,5.05,3.3114800000000013
365,andhiyarkhore,3,1990-12-16,4.93,3.634260000000001
365,andhiyarkhore,3,1990-12-17,4.263,3.2086100000000006
365,andhiyarkhore,3,1990-12-18,4.148,3.4679800000000016
365,andhiyarkhore,3,1990-12-19,4.194,3.3062800000000014
365,andhiyarkhore,3,1990-12-20,4.62,3.2198600000000006
365,andhiyarkhore,3,1990-12-21,4.62,3.201380000000001
365,andhiyarkhore,3,1990-12-22,3.896,3.2601600000000013
365,andhiyarkhore,3,1990-12-23,4.48,3.468290000000002
365,andhiyarkhore,3,1990-12-24,4.48,3.3124300000000018
365,andhiyarkhore,3,1990-12-25,4.48,3.3650200000000026
365,andhiyarkhore,3,1990-12-26,3.911,3.22705
365,andhiyarkhore,3,1990-12-27,3.736,3.0452200000000005
365,andhiyarkhore,3,1990-12-28,3.88,2.9659500000000003
365,andhiyarkhore,3,1990-12-29,3.88,3.0872600000000006
365,andhiyarkhore,3,1990-12-30,3.72,3.1916000000000007
365,andhiyarkhore,3,1990-12-31,3.88,3.0059700000000005
365,andhiyarkhore,3,1991-01-01,4.055,3.1034399999999995
365,andhiyarkhore,3,1991-01-02,4.109,2.97864
365,andhiyarkhore,3,1991-01-03,4.056,3.2185900000000003
365,andhiyarkhore,3,1991-01-04,3.46,2.9898299999999995
365,andhiyarkhore,3,1991-01-05,4.048,2.8470600000000004
365,andhiyarkhore,3,1991-01-06,3.46,2.875870000000001
365,andhiyarkhore,3,1991-01-07,4.23,3.1012100000000005
365,andhiyarkhore,3,1991-01-08,3.84,2.9844100000000005
365,andhiyarkhore,3,1991-01-09,3.74,3.2985999999999995
365,andhiyarkhore,3,1991-01-10,4.71,3.509630000000001
365,andhiyarkhore,3,1991-01-11,5.336,4.665190000000001
365,andhiyarkhore,3,1991-01-12,8.207,3.758009999999999
365,andhiyarkhore,3,1991-01-13,6.25,4.32393
365,andhiyarkhore,3,1991-01-14,6.111,6.111
365,bamnidhi,1,1993-05-08,19.36,9.251979999999998
365,bamnidhi,1,1993-05-09,19.0,6.470869999999996
365,bamnidhi,1,1993-05-10,18.74,6.799899999999997
365,bamnidhi,1,1993-05-11,16.57,6.972849999999999
365,bamnidhi,1,1993-05-12,19.46,7.19856
365,bamnidhi,1,1993-05-13,19.22,6.741019999999996
365,bamnidhi,1,1993-05-14,20.09,7.315480000000001
365,bamnidhi,1,1993-05-15,21.59,7.321480000000001
365,bamnidhi,1,1993-05-16,22.0,240.57829
365,bamnidhi,1,1993-05-17,20.1,174.52619
365,bamnidhi,1,1993-05-18,19.84,174.52619
365,bamnidhi,1,1993-05-19,17.11,9.039250000000004
365,bamnidhi,1,1993-05-20,16.97,7.746270000000003
365,bamnidhi,1,1993-05-21,18.86,7.75514
365,bamnidhi,1,1993-05-22,16.07,7.74674
365,bamnidhi,1,1993-05-23,17.0,7.097739999999999
365,bamnidhi,1,1993-05-24,14.68,8.23087
365,bamnidhi,1,1993-05-25,9.443,9.909690000000003
365,bamnidhi,1,1993-05-26,12.29,7.2586699999999995
365,bamnidhi,1,1993-05-27,12.81,7.321269999999999
365,bamnidhi,1,1993-05-28,12.84,10.591889999999994
365,bamnidhi,1,1993-05-29,13.12,11.821789999999996
365,bamnidhi,1,1993-05-30,14.25,12.110599999999998
365,bamnidhi,1,1993-05-31,14.28,9.530300000000002
365,bamnidhi,1,1993-06-01,14.27,11.1319
365,bamnidhi,1,1993-06-02,15.5,11.18881
365,bamnidhi,1,1993-06-03,13.2,10.509620000000005
365,bamnidhi,1,1993-06-04,17.72,10.69884
365,bamnidhi,1,1993-06-05,11.55,9.270149999999997
365,bamnidhi,1,1993-06-06,13.6,10.071760000000001
365,bamnidhi,1,1993-06-07,13.82,11.037709999999999
365,bamnidhi,1,1993-06-08,8.418,11.509130000000004
365,bamnidhi,1,1993-06-09,8.05,10.025760000000002
365,bamnidhi,1,1993-06-10,7.045,9.278720000000003
365,bamnidhi,1,1993-06-11,8.904,9.832940000000002
365,bamnidhi,1,1993-06-12,8.621,10.532860000000007
365,bamnidhi,1,1993-06-13,7.0,9.966380000000004
365,bamnidhi,1,1993-06-14,17.07,9.721620000000001
365,bamnidhi,1,1993-06-15,10.33,10.21589
365,bamnidhi,1,1993-06-16,8.497,12.338189999999999
365,bamnidhi,1,1993-06-17,11.35,17.594269999999998
365,bamnidhi,1,1993-06-18,8.747,14.654849999999994
365,bamnidhi,1,1993-06-19,25.58,21.810190000000006
365,bamnidhi,1,1993-06-20,26.5,17.60069
365,bamnidhi,1,1993-06-21,38.0,20.84152
365,bamnidhi,1,1993-06-22,38.23,27.723039999999987
365,bamnidhi,1,1993-06-23,54.78,24.420249999999996
365,bamnidhi,1,1993-06-24,40.3,38.68402999999999
365,bamnidhi,1,1993-06-25,32.12,102.80855000000003
365,bamnidhi,1,1993-06-26,51.09,306.903
365,bamnidhi,1,1993-06-27,101.0,308.1536
365,bamnidhi,1,1993-06-28,167.94,154.4535
365,bamnidhi,1,1993-06-29,46.3,126.54639999999996
365,bamnidhi,1,1993-06-30,44.17,60.65470000000002
365,bamnidhi,1,1993-07-01,38.0,62.353810000000024
365,bamnidhi,1,1993-07-02,41.1,94.47106000000002
365,bamnidhi,1,1993-07-03,35.66,71.55706
365,bamnidhi,1,1993-07-04,48.0,62.580910000000046
365,bamnidhi,1,1993-07-05,45.28,71.18125000000005
365,bamnidhi,1,1993-07-06,28.94,55.76276000000003
365,bamnidhi,1,1993-07-07,88.01,128.23799999999994
365,bamnidhi,1,1993-07-08,377.0,969.9987000000001
365,bamnidhi,1,1993-07-09,306.4,602.6551999999999
365,bamnidhi,1,1993-07-10,244.7,427.6834999999999
365,bamnidhi,1,1993-07-11,140.0,316.8844000000001
365,bamnidhi,1,1993-07-12,136.7,294.7322000000001
365,bamnidhi,1,1993-07-13,67.01,290.3216
365,bamnidhi,1,1993-07-14,49.86,251.62370000000013
365,bamnidhi,1,1993-07-15,157.9,661.2025999999998
365,bamnidhi,1,1993-07-16,272.8,1142.3460999999998
365,bamnidhi,1,1993-07-17,314.2,1050.8857999999993
365,bamnidhi,1,1993-07-18,165.0,734.1166000000003
365,bamnidhi,1,1993-07-19,80.15,293.6824
365,bamnidhi,1,1993-07-20,48.51,202.88560000000004
365,bamnidhi,1,1993-07-21,36.17,136.87935000000002
365,bamnidhi,1,1993-07-22,34.33,93.99650000000001
365,bamnidhi,1,1993-07-23,31.81,82.5864
365,bamnidhi,1,1993-07-24,34.41,44.96149999999998
365,bamnidhi,1,1993-07-25,41.0,99.17810000000004
365,bamnidhi,1,1993-07-26,122.9,303.0669
365,bamnidhi,1,1993-07-27,92.5,349.9944999999999
365,bamnidhi,1,1993-07-28,144.2,364.26739999999995
365,bamnidhi,1,1993-07-29,70.05,217.81870000000006
365,bamnidhi,1,1993-07-30,56.65,244.09850000000017
365,bamnidhi,1,1993-07-31,75.97,261.26140000000015
365,bamnidhi,1,1993-08-01,50.0,234.80580000000006
365,bamnidhi,1,1993-08-02,52.7,390.66579999999993
365,bamnidhi,1,1993-08-03,197.3,523.7953999999999
365,bamnidhi,1,1993-08-04,137.7,480.57730000000004
365,bamnidhi,1,1993-08-05,202.7,843.0455999999998
365,bamnidhi,1,1993-08-06,280.1,648.3754999999998
365,bamnidhi,1,1993-08-07,129.9,460.71640000000014
365,bamnidhi,1,1993-08-08,80.0,225.47430000000003
365,bamnidhi,1,1993-08-09,50.0,172.73940000000002
365,bamnidhi,1,1993-08-10,49.4,143.49570000000003
365,bamnidhi,1,1993-08-11,39.12,109.79720999999996
365,bamnidhi,1,1993-08-12,31.04,72.56339999999997
365,bamnidhi,1,1993-08-13,33.63,60.13029999999998
365,bamnidhi,1,1993-08-14,37.07,83.57154999999999
365,bamnidhi,1,1993-08-15,80.0,303.6137000000001
365,bamnidhi,1,1993-08-16,246.8,685.2216999999999
365,bamnidhi,1,1993-08-17,344.9,991.3630999999997
365,bamnidhi,1,1993-08-18,760.2,952.8366000000001
365,bamnidhi,1,1993-08-19,350.1,1365.357500000001
365,bamnidhi,1,1993-08-20,459.8,2109.0775
365,bamnidhi,1,1993-08-21,1104.0,1733.500300000001
365,bamnidhi,1,1993-08-22,380.0,997.2394000000003
365,bamnidhi,1,1993-08-23,181.6,558.2459
365,bamnidhi,1,1993-08-24,101.1,490.2812000000002
365,bamnidhi,1,1993-08-25,82.41,298.6637999999999
365,bamnidhi,1,1993-08-26,76.02,214.69529999999992
365,bamnidhi,1,1993-08-27,50.86,136.7162
365,bamnidhi,1,1993-08-28,37.65,159.30669999999998
365,bamnidhi,1,1993-08-29,37.0,142.1859
365,bamnidhi,1,1993-08-30,71.07,217.6335999999999
365,bamnidhi,1,1993-08-31,59.0,207.08809999999994
365,bamnidhi,1,1993-09-01,76.88,250.16509999999994
365,bamnidhi,1,1993-09-02,55.63,427.1702
365,bamnidhi,1,1993-09-03,202.8,690.2638999999997
365,bamnidhi,1,1993-09-04,291.8,660.5283000000001
365,bamnidhi,1,1993-09-05,220.0,564.2147000000001
365,bamnidhi,1,1993-09-06,208.8,535.3892000000001
365,bamnidhi,1,1993-09-07,177.3,616.6858999999997
365,bamnidhi,1,1993-09-08,278.9,845.7377999999999
365,bamnidhi,1,1993-09-09,611.9,1432.0025999999998
365,bamnidhi,1,1993-09-10,339.8,1055.2051000000001
365,bamnidhi,1,1993-09-11,182.2,804.3535
365,bamnidhi,1,1993-09-12,120.0,681.6343999999999
365,bamnidhi,1,1993-09-13,80.27,267.9342
365,bamnidhi,1,1993-09-14,73.15,230.87210000000007
365,bamnidhi,1,1993-09-15,117.5,238.1637000000001
365,bamnidhi,1,1993-09-16,141.4,694.2234
365,bamnidhi,1,1993-09-17,316.0,767.9113999999997
365,bamnidhi,1,1993-09-18,214.9,599.0798
365,bamnidhi,1,1993-09-19,195.0,464.1207999999999
365,bamnidhi,1,1993-09-20,94.98,254.46849999999995
365,bamnidhi,1,1993-09-21,102.1,235.58989999999997
365,bamnidhi,1,1993-09-22,108.6,299.6323
365,bamnidhi,1,1993-09-23,82.37,193.775
365,bamnidhi,1,1993-09-24,94.89,203.45309999999995
365,bamnidhi,1,1993-09-25,150.9,561.3396999999999
365,bamnidhi,1,1993-09-26,260.0,1692.1859000000013
365,bamnidhi,1,1993-09-27,1259.0,1983.4971000000014
365,bamnidhi,1,1993-09-28,314.2,1095.9451
365,bamnidhi,1,1993-09-29,216.4,849.7987999999998
365,bamnidhi,1,1993-09-30,128.8,753.5954999999999
365,bamnidhi,1,1993-10-01,107.6,548.4638
365,bamnidhi,1,1993-10-02,85.0,336.39229999999986
365,bamnidhi,1,1993-10-03,93.0,243.64179999999993
365,bamnidhi,1,1993-10-04,62.13,182.4398
365,bamnidhi,1,1993-10-05,62.34,170.7418
365,bamnidhi,1,1993-10-06,55.26,120.74570000000008
365,bamnidhi,1,1993-10-07,50.27,108.28349999999999
365,bamnidhi,1,1993-10-08,42.69,131.28800000000004
365,bamnidhi,1,1993-10-09,61.73,167.60070000000005
365,bamnidhi,1,1993-10-10,64.0,162.46609999999998
365,bamnidhi,1,1993-10-11,51.0,156.173
365,bamnidhi,1,1993-10-12,41.41,109.80249999999998
365,bamnidhi,1,1993-10-13,42.75,108.94720000000001
365,bamnidhi,1,1993-10-14,39.79,175.3716
365,bamnidhi,1,1993-10-15,70.13,174.84650000000005
365,bamnidhi,1,1993-10-16,61.93,237.8081999999999
365,bamnidhi,1,1993-10-17,73.0,217.8035
365,bamnidhi,1,1993-10-18,75.14,270.53469999999993
365,bamnidhi,1,1993-10-19,124.9,302.7081
365,bamnidhi,1,1993-10-20,95.27,357.65409999999997
365,bamnidhi,1,1993-10-21,74.6,272.0975
365,bamnidhi,1,1993-10-22,59.0,244.34929999999997
365,bamnidhi,1,1993-10-23,52.57,190.2333
365,bamnidhi,1,1993-10-24,97.0,175.01409999999998
365,bamnidhi,1,1993-10-25,73.97,136.31309999999996
365,bamnidhi,1,1993-10-26,96.94,117.4337
365,bamnidhi,1,1993-10-27,95.7,99.6769
365,bamnidhi,1,1993-10-28,101.8,90.6241
365,bamnidhi,1,1993-10-29,103.3,89.2827
365,bamnidhi,1,1993-10-30,80.42,64.05679999999998
365,bamnidhi,1,1993-10-31,80.0,70.047
365,bamnidhi,1,1993-11-01,70.69,67.6801
365,bamnidhi,1,1993-11-02,69.98,55.42849999999999
365,bamnidhi,1,1993-11-03,52.35,52.861899999999984
365,bamnidhi,1,1993-11-04,28.72,85.32639999999999
365,bamnidhi,1,1993-11-05,48.91,76.77809999999998
365,bamnidhi,1,1993-11-06,39.16,68.10819999999998
365,bamnidhi,1,1993-11-07,49.0,68.98649999999998
365,bamnidhi,1,1993-11-08,42.02,56.2312
365,bamnidhi,1,1993-11-09,39.42,54.63040000000001
365,bamnidhi,1,1993-11-10,50.17,45.64991
365,bamnidhi,1,1993-11-11,43.61,48.295
365,bamnidhi,1,1993-11-12,46.04,32.8795
365,bamnidhi,1,1993-11-13,46.0,26.74810000000001
365,bamnidhi,1,1993-11-14,43.39,24.685800000000015
365,bamnidhi,1,1993-11-15,65.39,26.162500000000005
365,bamnidhi,1,1993-11-16,36.89,25.980200000000004
365,bamnidhi,1,1993-11-17,52.93,24.822800000000008
365,bamnidhi,1,1993-11-18,43.31,25.09130000000001
365,bamnidhi,1,1993-11-19,42.37,24.261900000000015
365,bamnidhi,1,1993-11-20,56.88,22.853200000000015
365,bamnidhi,1,1993-11-21,35.0,21.88710000000001
365,bamnidhi,1,1993-11-22,50.67,20.35631000000001
365,bamnidhi,1,1993-11-23,50.06,21.56963000000001
365,bamnidhi,1,1993-11-24,31.0,21.055020000000017
365,bamnidhi,1,1993-11-25,47.05,20.567320000000006
365,bamnidhi,1,1993-11-26,35.58,20.756360000000008
365,bamnidhi,1,1993-11-27,35.21,21.238380000000017
365,bamnidhi,1,1993-11-28,42.0,20.744310000000013
365,bamnidhi,1,1993-11-29,55.0,23.606680000000004
365,bamnidhi,1,1993-11-30,29.97,23.194650000000003
365,bamnidhi,1,1993-12-01,52.99,21.221880000000002
365,bamnidhi,1,1993-12-02,50.41,20.607830000000003
365,bamnidhi,1,1993-12-03,65.68,19.01678
365,bamnidhi,1,1993-12-04,35.85,19.1717
365,bamnidhi,1,1993-12-05,58.0,18.718770000000003
365,bamnidhi,1,1993-12-06,38.16,18.032570000000003
365,bamnidhi,1,1993-12-07,65.52,18.631270000000004
365,bamnidhi,1,1993-12-08,44.8,18.172840000000004
365,bamnidhi,1,1993-12-09,44.84,18.248670000000008
365,bamnidhi,1,1993-12-10,64.02,18.464400000000005
365,bamnidhi,1,1993-12-11,38.81,18.684010000000004
365,bamnidhi,1,1993-12-12,25.0,18.15531
365,bamnidhi,1,1993-12-13,18.29,17.97531
365,bamnidhi,1,1993-12-14,14.18,17.60113
365,bamnidhi,1,1993-12-15,12.5,17.879290000000005
365,bamnidhi,1,1993-12-16,12.44,18.916059999999998
365,bamnidhi,1,1993-12-17,16.56,18.48734
365,bamnidhi,1,1993-12-18,15.11,18.528139999999997
365,bamnidhi,1,1993-12-19,12.5,18.746139999999997
365,bamnidhi,1,1993-12-20,15.99,18.75648
365,bamnidhi,1,1993-12-21,16.12,17.434639999999998
365,bamnidhi,1,1993-12-22,14.7,18.96952
365,bamnidhi,1,1993-12-23,14.38,19.03239
365,bamnidhi,1,1993-12-24,17.86,19.182970000000005
365,bamnidhi,1,1993-12-25,25.0,20.20039
365,bamnidhi,1,1993-12-26,27.0,19.78429
365,bamnidhi,1,1993-12-27,25.47,20.878040000000006
365,bamnidhi,1,1993-12-28,25.67,20.762440000000005
365,bamnidhi,1,1993-12-29,26.09,20.75574000000001
365,bamnidhi,1,1993-12-30,29.44,20.762260000000012
365,bamnidhi,1,1993-12-31,30.89,21.447690000000012
365,bamnidhi,1,1994-01-01,31.83,21.838030000000007
365,bamnidhi,1,1994-01-02,30.0,21.06277
365,bamnidhi,1,1994-01-03,31.42,20.01586
365,bamnidhi,1,1994-01-04,32.33,20.47454
365,bamnidhi,1,1994-01-05,33.35,20.961640000000006
365,bamnidhi,1,1994-01-06,33.04,21.4642
365,bamnidhi,1,1994-01-07,32.56,20.93333
365,bamnidhi,1,1994-01-08,31.73,20.979580000000002
365,bamnidhi,1,1994-01-09,25.5,19.224269999999997
365,bamnidhi,1,1994-01-10,25.52,20.031939999999995
365,bamnidhi,1,1994-01-11,25.78,16.693679999999997
365,bamnidhi,1,1994-01-12,25.74,16.631829999999994
365,bamnidhi,1,1994-01-13,33.38,16.06373
365,bamnidhi,1,1994-01-14,33.12,15.37455
365,bamnidhi,1,1994-01-15,31.62,16.664109999999997
365,bamnidhi,1,1994-01-16,33.0,19.541209999999996
365,bamnidhi,1,1994-01-17,35.04,23.987979999999993
365,bamnidhi,1,1994-01-18,35.85,23.15003999999999
365,bamnidhi,1,1994-01-19,32.77,21.680489999999995
365,bamnidhi,1,1994-01-20,35.31,19.54393
365,bamnidhi,1,1994-01-21,29.65,20.37771
365,bamnidhi,1,1994-01-22,33.53,21.442329999999988
365,bamnidhi,1,1994-01-23,30.0,21.36077999999999
365,bamnidhi,1,1994-01-24,31.62,17.640929999999997
365,bamnidhi,1,1994-01-25,29.39,17.159809999999993
365,bamnidhi,1,1994-01-26,30.0,16.888499999999993
365,bamnidhi,1,1994-01-27,31.96,17.573499999999996
365,bamnidhi,1,1994-01-28,27.19,15.629840000000002
365,bamnidhi,1,1994-01-29,28.6,15.160320000000002
365,bamnidhi,1,1994-01-30,30.0,14.573969999999997
365,bamnidhi,1,1994-01-31,32.13,16.127190000000006
365,bamnidhi,1,1994-02-01,27.86,13.699999999999996
365,bamnidhi,1,1994-02-02,25.27,13.465350000000003
365,bamnidhi,1,1994-02-03,24.71,13.175440000000005
365,bamnidhi,1,1994-02-04,32.31,14.229640000000007
365,bamnidhi,1,1994-02-05,31.27,13.366280000000007
365,bamnidhi,1,1994-02-06,26.0,13.069630000000007
365,bamnidhi,1,1994-02-07,29.04,12.258450000000005
365,bamnidhi,1,1994-02-08,27.52,12.845080000000005
365,bamnidhi,1,1994-02-09,27.01,12.762950000000004
365,bamnidhi,1,1994-02-10,27.93,12.588490000000004
365,bamnidhi,1,1994-02-11,33.0,13.383550000000005
365,bamnidhi,1,1994-02-12,33.21,12.701080000000006
365,bamnidhi,1,1994-02-13,29.5,11.760350000000006
365,bamnidhi,1,1994-02-14,31.55,12.741970000000006
365,bamnidhi,1,1994-02-15,29.64,12.440529999999997
365,bamnidhi,1,1994-02-16,33.07,12.00467
365,bamnidhi,1,1994-02-17,31.03,12.14347
365,bamnidhi,1,1994-02-18,29.84,12.044769999999998
365,bamnidhi,1,1994-02-19,32.44,12.950169999999996
365,bamnidhi,1,1994-02-20,30.5,17.40977
365,bamnidhi,1,1994-02-21,29.42,17.472349999999995
365,bamnidhi,1,1994-02-22,29.43,19.88833
365,bamnidhi,1,1994-02-23,25.91,20.10057
365,bamnidhi,1,1994-02-24,28.91,21.170070000000006
365,bamnidhi,1,1994-02-25,25.95,19.50587
365,bamnidhi,1,1994-02-26,27.95,17.32337
365,bamnidhi,1,1994-02-27,27.0,16.962569999999996
365,bamnidhi,1,1994-02-28,28.61,16.780379999999994
365,bamnidhi,1,1994-03-01,29.2,15.597230000000001
365,bamnidhi,1,1994-03-02,26.1,17.904779999999995
365,bamnidhi,1,1994-03-03,25.42,16.94366
365,bamnidhi,1,1994-03-04,25.15,16.941159999999996
365,bamnidhi,1,1994-03-05,29.02,16.665829999999993
365,bamnidhi,1,1994-03-06,29.0,16.483329999999995
365,bamnidhi,1,1994-03-07,28.46,15.382329999999998
365,bamnidhi,1,1994-03-08,25.33,15.198659999999997
365,bamnidhi,1,1994-03-09,23.27,15.080529999999996
365,bamnidhi,1,1994-03-10,24.0,15.407229999999997
365,bamnidhi,1,1994-03-11,27.9,15.45773
365,bamnidhi,1,1994-03-12,26.21,15.356679999999997
365,bamnidhi,1,1994-03-13,26.0,15.06513
365,bamnidhi,1,1994-03-14,26.0,15.14928
365,bamnidhi,1,1994-03-15,29.9,14.854209999999998
365,bamnidhi,1,1994-03-16,29.05,14.97848
365,bamnidhi,1,1994-03-17,26.59,14.600109999999997
365,bamnidhi,1,1994-03-18,23.54,15.218910000000003
365,bamnidhi,1,1994-03-19,22.94,14.402379999999999
365,bamnidhi,1,1994-03-20,22.5,14.51082
365,bamnidhi,1,1994-03-21,23.35,14.964910000000001
365,bamnidhi,1,1994-03-22,27.18,13.628090000000007
365,bamnidhi,1,1994-03-23,30.56,13.327350000000003
365,bamnidhi,1,1994-03-24,26.88,13.298740000000004
365,bamnidhi,1,1994-03-25,25.04,12.625810000000007
365,bamnidhi,1,1994-03-26,24.5,11.601220000000005
365,bamnidhi,1,1994-03-27,24.0,10.385150000000005
365,bamnidhi,1,1994-03-28,20.5,12.939510000000006
365,bamnidhi,1,1994-03-29,20.36,13.058200000000001
365,bamnidhi,1,1994-03-30,18.8,12.380440000000007
365,bamnidhi,1,1994-03-31,19.25,12.113140000000003
365,bamnidhi,1,1994-04-01,21.56,9.984590000000004
365,bamnidhi,1,1994-04-02,15.87,10.065440000000002
365,bamnidhi,1,1994-04-03,22.69,10.548190000000007
365,bamnidhi,1,1994-04-04,22.24,12.552110000000004
365,bamnidhi,1,1994-04-05,21.2,11.946260000000004
365,bamnidhi,1,1994-04-06,17.89,10.907610000000007
365,bamnidhi,1,1994-04-07,17.46,10.664670000000008
365,bamnidhi,1,1994-04-08,17.81,10.909390000000007
365,bamnidhi,1,1994-04-09,18.72,10.887130000000006
365,bamnidhi,1,1994-04-10,18.72,11.333230000000006
365,bamnidhi,1,1994-04-11,14.66,11.366290000000001
365,bamnidhi,1,1994-04-12,14.79,10.952600000000004
365,bamnidhi,1,1994-04-13,16.36,10.996890000000008
365,bamnidhi,1,1994-04-14,17.0,10.493170000000006
365,bamnidhi,1,1994-04-15,19.04,12.203440000000002
365,bamnidhi,1,1994-04-16,25.41,12.235620000000004
365,bamnidhi,1,1994-04-17,25.4,14.044660000000007
365,bamnidhi,1,1994-04-18,25.7,13.260350000000003
365,bamnidhi,1,1994-04-19,18.98,11.529470000000003
365,bamnidhi,1,1994-04-20,19.21,11.106600000000004
365,bamnidhi,1,1994-04-21,18.24,10.811450000000004
365,bamnidhi,1,1994-04-22,17.21,10.614320000000006
365,bamnidhi,1,1994-04-23,19.4,10.593820000000008
365,bamnidhi,1,1994-04-24,22.22,10.578520000000005
365,bamnidhi,1,1994-04-25,23.35,10.571030000000006
365,bamnidhi,1,1994-04-26,16.56,11.447250000000006
365,bamnidhi,1,1994-04-27,17.33,10.377270000000005
365,bamnidhi,1,1994-04-28,16.01,10.727780000000003
365,bamnidhi,1,1994-04-29,16.3,10.169150000000004
365,bamnidhi,1,1994-04-30,16.12,9.580350000000005
365,bamnidhi,1,1994-05-01,17.03,9.983180000000004
365,bamnidhi,1,1994-05-02,17.94,10.003580000000005
365,bamnidhi,1,1994-05-03,19.82,9.637380000000002
365,bamnidhi,1,1994-05-04,19.36,9.080440000000003
365,bamnidhi,1,1994-05-05,19.43,8.337780000000002
365,bamnidhi,1,1994-05-06,18.88,8.08797
365,bamnidhi,1,1994-05-07,19.42,8.03086
365,bamnidhi,1,1994-05-08,19.47,19.47
365,bamnidhi,2,1990-11-29,100.0,30.88077
365,bamnidhi,2,1990-11-30,100.0,30.67967
365,bamnidhi,2,1990-12-01,76.87,30.323260000000005
365,bamnidhi,2,1990-12-02,110.0,30.172510000000006
365,bamnidhi,2,1990-12-03,85.58,30.344710000000006
365,bamnidhi,2,1990-12-04,94.94,32.52760000000001
365,bamnidhi,2,1990-12-05,99.67,32.825559999999996
365,bamnidhi,2,1990-12-06,90.41,30.06566
365,bamnidhi,2,1990-12-07,91.1,29.487260000000003
365,bamnidhi,2,1990-12-08,83.0,29.805360000000004
365,bamnidhi,2,1990-12-09,85.58,31.266759999999998
365,bamnidhi,2,1990-12-10,85.58,27.978160000000003
365,bamnidhi,2,1990-12-11,90.32,29.112160000000003
365,bamnidhi,2,1990-12-12,99.04,28.678160000000002
365,bamnidhi,2,1990-12-13,99.04,28.96596000000001
365,bamnidhi,2,1990-12-14,90.41,28.858360000000012
365,bamnidhi,2,1990-12-15,99.4,27.561860000000006
365,bamnidhi,2,1990-12-16,99.4,29.133560000000006
365,bamnidhi,2,1990-12-17,102.0,26.750259999999997
365,bamnidhi,2,1990-12-18,99.4,28.152059999999995
365,bamnidhi,2,1990-12-19,99.4,25.87616
365,bamnidhi,2,1990-12-20,90.41,24.71846
365,bamnidhi,2,1990-12-21,90.41,24.003269999999997
365,bamnidhi,2,1990-12-22,99.4,25.094660000000005
365,bamnidhi,2,1990-12-23,68.0,25.509160000000005
365,bamnidhi,2,1990-12-24,80.64,24.49214
365,bamnidhi,2,1990-12-25,95.0,25.974529999999994
365,bamnidhi,2,1990-12-26,73.5,25.122939999999993
365,bamnidhi,2,1990-12-27,71.5,24.928669999999997
365,bamnidhi,2,1990-12-28,71.5,25.994769999999995
365,bamnidhi,2,1990-12-29,105.0,25.081099999999996
365,bamnidhi,2,1990-12-30,105.0,25.068799999999996
365,bamnidhi,2,1990-12-31,77.79,25.368199999999987
365,bamnidhi,2,1991-01-01,77.11,22.36983999999999
365,bamnidhi,2,1991-01-02,77.48,21.584999999999994
365,bamnidhi,2,1991-01-03,97.16,22.27995
365,bamnidhi,2,1991-01-04,82.46,21.70445
365,bamnidhi,2,1991-01-05,92.25,21.87295
365,bamnidhi,2,1991-01-06,85.0,25.99919999999999
365,bamnidhi,2,1991-01-07,97.15,26.46839999999999
365,bamnidhi,2,1991-01-08,99.18,24.925099999999993
365,bamnidhi,2,1991-01-09,120.1,24.5579
365,bamnidhi,2,1991-01-10,209.7,35.139519999999976
365,bamnidhi,2,1991-01-11,166.2,39.21481999999999
365,bamnidhi,2,1991-01-12,186.1,36.22891999999999
365,bamnidhi,2,1991-01-13,185.0,40.17176999999998
365,bamnidhi,2,1991-01-14,190.4,56.82184
365,bamnidhi,2,1991-01-15,167.2,36.21816999999998
365,bamnidhi,2,1991-01-16,104.3,34.86774999999998
365,bamnidhi,2,1991-01-17,175.1,31.854719999999997
365,bamnidhi,2,1991-01-18,193.1,27.663899999999998
365,bamnidhi,2,1991-01-19,182.9,27.25192
365,bamnidhi,2,1991-01-20,190.0,26.034499999999994
365,bamnidhi,2,1991-01-21,174.2,25.71547999999999
365,bamnidhi,2,1991-01-22,127.0,27.6577
365,bamnidhi,2,1991-01-23,126.8,27.693599999999993
365,bamnidhi,2,1991-01-24,125.9,29.093159999999994
365,bamnidhi,2,1991-01-25,130.9,26.5982
365,bamnidhi,2,1991-01-26,135.0,27.563829999999992
365,bamnidhi,2,1991-01-27,135.0,28.765229999999992
365,bamnidhi,2,1991-01-28,131.5,26.435369999999992
365,bamnidhi,2,1991-01-29,130.4,28.465539999999987
365,bamnidhi,2,1991-01-30,145.7,27.964069999999996
365,bamnidhi,2,1991-01-31,131.4,26.99998
365,bamnidhi,2,1991-02-01,133.5,27.152769999999997
365,bamnidhi,2,1991-02-02,147.9,27.20108
365,bamnidhi,2,1991-02-03,145.0,25.90838
365,bamnidhi,2,1991-02-04,138.2,26.98721
365,bamnidhi,2,1991-02-05,132.1,26.851049999999997
365,bamnidhi,2,1991-02-06,110.1,25.23043
365,bamnidhi,2,1991-02-07,126.9,25.677729999999993
365,bamnidhi,2,1991-02-08,107.3,24.972029999999997
365,bamnidhi,2,1991-02-09,103.6,25.023269999999993
365,bamnidhi,2,1991-02-10,105.0,25.36348999999999
365,bamnidhi,2,1991-02-11,108.8,25.089829999999992
365,bamnidhi,2,1991-02-12,112.4,24.63779999999999
365,bamnidhi,2,1991-02-13,113.5,24.808629999999997
365,bamnidhi,2,1991-02-14,133.5,25.808089999999996
365,bamnidhi,2,1991-02-15,111.1,25.301029999999997
365,bamnidhi,2,1991-02-16,113.0,24.908629999999995
365,bamnidhi,2,1991-02-17,105.0,24.657889999999995
365,bamnidhi,2,1991-02-18,112.6,24.653879999999994
365,bamnidhi,2,1991-02-19,115.0,22.104339999999997
365,bamnidhi,2,1991-02-20,120.5,21.420840000000002
365,bamnidhi,2,1991-02-21,115.9,21.328449999999993
365,bamnidhi,2,1991-02-22,113.4,21.96465999999999
365,bamnidhi,2,1991-02-23,122.3,19.873279999999998
365,bamnidhi,2,1991-02-24,120.0,24.197889999999994
365,bamnidhi,2,1991-02-25,119.4,25.74414
365,bamnidhi,2,1991-02-26,116.8,25.269899999999993
365,bamnidhi,2,1991-02-27,139.9,23.774639999999994
365,bamnidhi,2,1991-02-28,147.5,24.319389999999995
365,bamnidhi,2,1991-03-01,150.0,22.72973
365,bamnidhi,2,1991-03-02,147.6,26.60825
365,bamnidhi,2,1991-03-03,145.0,25.33435
365,bamnidhi,2,1991-03-04,143.1,30.206419999999998
365,bamnidhi,2,1991-03-05,134.4,30.00500999999999
365,bamnidhi,2,1991-03-06,136.7,25.202990000000003
365,bamnidhi,2,1991-03-07,146.4,26.383350000000014
365,bamnidhi,2,1991-03-08,111.3,22.08495999999999
365,bamnidhi,2,1991-03-09,67.15,17.988699999999998
365,bamnidhi,2,1991-03-10,65.0,18.160559999999993
365,bamnidhi,2,1991-03-11,74.73,20.746619999999993
365,bamnidhi,2,1991-03-12,65.71,19.74816
365,bamnidhi,2,1991-03-13,58.74,17.678440000000002
365,bamnidhi,2,1991-03-14,61.3,18.9656
365,bamnidhi,2,1991-03-15,68.37,17.902749999999994
365,bamnidhi,2,1991-03-16,59.42,18.394809999999993
365,bamnidhi,2,1991-03-17,55.5,16.897489999999994
365,bamnidhi,2,1991-03-18,70.57,18.49939
365,bamnidhi,2,1991-03-19,69.05,16.825580000000006
365,bamnidhi,2,1991-03-20,67.57,15.94328
365,bamnidhi,2,1991-03-21,58.79,19.767540000000007
365,bamnidhi,2,1991-03-22,59.04,16.067940000000007
365,bamnidhi,2,1991-03-23,64.64,18.521979999999996
365,bamnidhi,2,1991-03-24,60.0,18.54121
365,bamnidhi,2,1991-03-25,61.22,17.13281
365,bamnidhi,2,1991-03-26,62.77,16.158730000000002
365,bamnidhi,2,1991-03-27,57.13,15.647770000000005
365,bamnidhi,2,1991-03-28,58.0,15.97033
365,bamnidhi,2,1991-03-29,58.0,15.857220000000005
365,bamnidhi,2,1991-03-30,60.59,15.656270000000006
365,bamnidhi,2,1991-03-31,60.0,16.271970000000007
365,bamnidhi,2,1991-04-01,67.25,16.28297000000001
365,bamnidhi,2,1991-04-02,61.57,16.28754
365,bamnidhi,2,1991-04-03,60.55,16.154770000000006
365,bamnidhi,2,1991-04-04,68.0,16.355120000000007
365,bamnidhi,2,1991-04-05,48.85,16.72619000000001
365,bamnidhi,2,1991-04-06,53.03,16.71884000000001
365,bamnidhi,2,1991-04-07,53.75,18.057760000000005
365,bamnidhi,2,1991-04-08,66.25,16.515650000000004
365,bamnidhi,2,1991-04-09,61.23,17.01778000000001
365,bamnidhi,2,1991-04-10,60.63,17.522070000000006
365,bamnidhi,2,1991-04-11,46.21,17.620880000000003
365,bamnidhi,2,1991-04-12,67.21,17.403680000000005
365,bamnidhi,2,1991-04-13,44.76,17.248200000000008
365,bamnidhi,2,1991-04-14,52.0,18.342100000000006
365,bamnidhi,2,1991-04-15,50.8,17.563890000000004
365,bamnidhi,2,1991-04-16,60.28,16.920300000000005
365,bamnidhi,2,1991-04-17,69.5,17.894689999999997
365,bamnidhi,2,1991-04-18,45.58,15.602910000000001
365,bamnidhi,2,1991-04-19,63.55,15.049330000000007
365,bamnidhi,2,1991-04-20,59.53,18.10503000000001
365,bamnidhi,2,1991-04-21,50.5,16.07427000000001
365,bamnidhi,2,1991-04-22,53.98,16.237530000000007
365,bamnidhi,2,1991-04-23,53.55,16.013230000000007
365,bamnidhi,2,1991-04-24,51.48,15.919130000000006
365,bamnidhi,2,1991-04-25,47.24,16.23463000000001
365,bamnidhi,2,1991-04-26,67.29,15.724830000000008
365,bamnidhi,2,1991-04-27,50.19,15.472070000000008
365,bamnidhi,2,1991-04-28,50.5,17.23423000000001
365,bamnidhi,2,1991-04-29,51.6,16.35493000000001
365,bamnidhi,2,1991-04-30,54.22,16.628430000000005
365,bamnidhi,2,1991-05-01,54.13,16.663630000000005
365,bamnidhi,2,1991-05-02,50.32,17.26733
365,bamnidhi,2,1991-05-03,51.02,17.335130000000003
365,bamnidhi,2,1991-05-04,49.31,17.00263
365,bamnidhi,2,1991-05-05,53.75,17.390230000000006
365,bamnidhi,2,1991-05-06,48.73,17.74763
365,bamnidhi,2,1991-05-07,56.42,17.914420000000003
365,bamnidhi,2,1991-05-08,54.61,18.10042
365,bamnidhi,2,1991-05-09,55.07,18.30442
365,bamnidhi,2,1991-05-10,54.9,18.261020000000006
365,bamnidhi,2,1991-05-11,57.0,18.221610000000005
365,bamnidhi,2,1991-05-12,53.75,18.619010000000006
365,bamnidhi,2,1991-05-13,55.59,18.111620000000002
365,bamnidhi,2,1991-05-14,56.08,20.11166
365,bamnidhi,2,1991-05-15,56.61,18.616570000000003
365,bamnidhi,2,1991-05-16,55.57,18.529570000000007
365,bamnidhi,2,1991-05-17,49.59,18.550770000000004
365,bamnidhi,2,1991-05-18,36.5,18.663980000000006
365,bamnidhi,2,1991-05-19,37.5,18.175030000000003
365,bamnidhi,2,1991-05-20,67.5,18.176730000000006
365,bamnidhi,2,1991-05-21,55.31,18.389390000000002
365,bamnidhi,2,1991-05-22,57.5,18.333630000000003
365,bamnidhi,2,1991-05-23,48.71,17.30327
365,bamnidhi,2,1991-05-24,47.41,19.03787
365,bamnidhi,2,1991-05-25,52.3,18.925330000000002
365,bamnidhi,2,1991-05-26,53.75,18.325190000000003
365,bamnidhi,2,1991-05-27,51.48,18.145530000000004
365,bamnidhi,2,1991-05-28,57.5,18.893880000000003
365,bamnidhi,2,1991-05-29,49.49,19.590590000000002
365,bamnidhi,2,1991-05-30,53.15,17.56729
365,bamnidhi,2,1991-05-31,54.28,18.382290000000005
365,bamnidhi,2,1991-06-01,49.26,20.99461
365,bamnidhi,2,1991-06-02,53.0,19.930550000000004
365,bamnidhi,2,1991-06-03,46.92,18.736470000000004
365,bamnidhi,2,1991-06-04,50.98,21.50105
365,bamnidhi,2,1991-06-05,46.51,19.155450000000005
365,bamnidhi,2,1991-06-06,45.3,19.291750000000004
365,bamnidhi,2,1991-06-07,52.61,19.223650000000006
365,bamnidhi,2,1991-06-08,50.32,21.83692
365,bamnidhi,2,1991-06-09,48.5,22.92603999999999
365,bamnidhi,2,1991-06-10,46.73,20.235229999999998
365,bamnidhi,2,1991-06-11,55.79,19.844459999999994
365,bamnidhi,2,1991-06-12,56.7,24.947509999999987
365,bamnidhi,2,1991-06-13,63.7,25.97648999999998
365,bamnidhi,2,1991-06-14,85.5,59.204170000000005
365,bamnidhi,2,1991-06-15,62.55,85.34001
365,bamnidhi,2,1991-06-16,60.0,79.61947
365,bamnidhi,2,1991-06-17,68.46,42.08079999999999
365,bamnidhi,2,1991-06-18,59.53,32.024899999999995
365,bamnidhi,2,1991-06-19,56.55,31.46078999999999
365,bamnidhi,2,1991-06-20,56.19,26.821469999999998
365,bamnidhi,2,1991-06-21,65.19,22.81857000000001
365,bamnidhi,2,1991-06-22,74.18,18.22295000000001
365,bamnidhi,2,1991-06-23,75.0,20.624760000000016
365,bamnidhi,2,1991-06-24,75.94,18.56224000000001
365,bamnidhi,2,1991-06-25,78.18,20.73261
365,bamnidhi,2,1991-06-26,110.1,31.367059999999995
365,bamnidhi,2,1991-06-27,72.92,27.722670000000004
365,bamnidhi,2,1991-06-28,73.64,25.964820000000003
365,bamnidhi,2,1991-06-29,82.22,28.78157
365,bamnidhi,2,1991-06-30,150.0,34.49146999999999
365,bamnidhi,2,1991-07-01,111.5,38.02256999999998
365,bamnidhi,2,1991-07-02,124.9,100.09280000000007
365,bamnidhi,2,1991-07-03,86.96,59.320350000000026
365,bamnidhi,2,1991-07-04,108.4,41.616269999999986
365,bamnidhi,2,1991-07-05,114.8,44.96374999999998
365,bamnidhi,2,1991-07-06,83.37,42.36214999999997
365,bamnidhi,2,1991-07-07,80.0,37.68606999999998
365,bamnidhi,2,1991-07-08,97.82,31.626119999999993
365,bamnidhi,2,1991-07-09,97.6,27.622619999999987
365,bamnidhi,2,1991-07-10,74.67,30.277619999999988
365,bamnidhi,2,1991-07-11,52.25,24.54602000000001
365,bamnidhi,2,1991-07-12,93.51,23.81247000000001
365,bamnidhi,2,1991-07-13,73.91,22.780700000000007
365,bamnidhi,2,1991-07-14,250.0,19.433050000000005
365,bamnidhi,2,1991-07-15,95.51,34.21226000000001
365,bamnidhi,2,1991-07-16,75.27,40.086649999999985
365,bamnidhi,2,1991-07-17,87.86,65.88148000000002
365,bamnidhi,2,1991-07-18,133.1,206.3177
365,bamnidhi,2,1991-07-19,91.06,362.5808999999998
365,bamnidhi,2,1991-07-20,124.1,318.314
365,bamnidhi,2,1991-07-21,250.0,365.1128999999999
365,bamnidhi,2,1991-07-22,210.6,410.69820000000004
365,bamnidhi,2,1991-07-23,210.0,512.4833999999997
365,bamnidhi,2,1991-07-24,842.4,821.0018999999999
365,bamnidhi,2,1991-07-25,488.4,587.1822999999999
365,bamnidhi,2,1991-07-26,302.1,496.1692000000003
365,bamnidhi,2,1991-07-27,280.0,443.13450000000006
365,bamnidhi,2,1991-07-28,260.0,340.97119999999995
365,bamnidhi,2,1991-07-29,266.5,388.5252999999999
365,bamnidhi,2,1991-07-30,440.2,1174.2746
365,bamnidhi,2,1991-07-31,363.2,1060.1269999999997
365,bamnidhi,2,1991-08-01,265.0,512.8455999999996
365,bamnidhi,2,1991-08-02,221.6,491.3447999999995
365,bamnidhi,2,1991-08-03,229.7,416.62880000000007
365,bamnidhi,2,1991-08-04,260.0,415.1663999999999
365,bamnidhi,2,1991-08-05,305.9,432.6474
365,bamnidhi,2,1991-08-06,335.4,369.1588999999999
365,bamnidhi,2,1991-08-07,309.1,467.69409999999976
365,bamnidhi,2,1991-08-08,361.2,621.3937999999997
365,bamnidhi,2,1991-08-09,320.9,804.0454999999996
365,bamnidhi,2,1991-08-10,260.3,839.8554999999999
365,bamnidhi,2,1991-08-11,410.0,778.4217999999996
365,bamnidhi,2,1991-08-12,332.7,659.1652999999999
365,bamnidhi,2,1991-08-13,350.7,1171.6048999999994
365,bamnidhi,2,1991-08-14,1691.0,1890.288300000001
365,bamnidhi,2,1991-08-15,785.0,1500.2206000000003
365,bamnidhi,2,1991-08-16,773.0,1422.0228000000002
365,bamnidhi,2,1991-08-17,513.3,1375.3668000000002
365,bamnidhi,2,1991-08-18,600.0,1045.9274
365,bamnidhi,2,1991-08-19,407.0,989.9010000000003
365,bamnidhi,2,1991-08-20,317.5,909.3304
365,bamnidhi,2,1991-08-21,301.6,739.4449000000002
365,bamnidhi,2,1991-08-22,334.6,952.4350999999999
365,bamnidhi,2,1991-08-23,746.6,1586.5800000000006
365,bamnidhi,2,1991-08-24,1584.0,2589.0323
365,bamnidhi,2,1991-08-25,905.0,1730.9564000000007
365,bamnidhi,2,1991-08-26,840.04,1284.9798000000003
365,bamnidhi,2,1991-08-27,911.1,1160.1679000000006
365,bamnidhi,2,1991-08-28,727.7,1306.7620000000006
365,bamnidhi,2,1991-08-29,698.1,1204.8925
365,bamnidhi,2,1991-08-30,874.5,1240.0235999999998
365,bamnidhi,2,1991-08-31,881.1,1094.9991000000002
365,bamnidhi,2,1991-09-01,800.0,614.2747999999999
365,bamnidhi,2,1991-09-02,700.0,555.4445
365,bamnidhi,2,1991-09-03,803.2,572.0692
365,bamnidhi,2,1991-09-04,956.9,612.3349
365,bamnidhi,2,1991-09-05,980.8,630.4239999999999
365,bamnidhi,2,1991-09-06,956.0,687.9165999999996
365,bamnidhi,2,1991-09-07,925.7,652.5313999999998
365,bamnidhi,2,1991-09-08,820.0,648.1963
365,bamnidhi,2,1991-09-09,718.0,737.1393
365,bamnidhi,2,1991-09-10,592.9,465.4800999999999
365,bamnidhi,2,1991-09-11,468.0,291.95989999999983
365,bamnidhi,2,1991-09-12,344.2,258.04630000000003
365,bamnidhi,2,1991-09-13,335.9,242.49559999999994
365,bamnidhi,2,1991-09-14,372.9,578.3022
365,bamnidhi,2,1991-09-15,320.0,356.18940000000003
365,bamnidhi,2,1991-09-16,265.9,469.1164999999999
365,bamnidhi,2,1991-09-17,236.1,597.4734000000002
365,bamnidhi,2,1991-09-18,184.6,420.7814000000001
365,bamnidhi,2,1991-09-19,222.3,316.90110000000004
365,bamnidhi,2,1991-09-20,181.0,318.7619
365,bamnidhi,2,1991-09-21,163.8,256.2538
365,bamnidhi,2,1991-09-22,214.1,209.00530000000006
365,bamnidhi,2,1991-09-23,195.0,213.4747000000001
365,bamnidhi,2,1991-09-24,214.4,690.3887
365,bamnidhi,2,1991-09-25,217.7,687.9996000000001
365,bamnidhi,2,1991-09-26,211.8,578.0354999999996
365,bamnidhi,2,1991-09-27,196.8,529.8067
365,bamnidhi,2,1991-09-28,229.3,277.4397
365,bamnidhi,2,1991-09-29,160.0,263.498
365,bamnidhi,2,1991-09-30,196.9,227.70680000000002
365,bamnidhi,2,1991-10-01,173.6,77.49539999999998
365,bamnidhi,2,1991-10-02,155.0,66.5675
365,bamnidhi,2,1991-10-03,186.4,60.827999999999996
365,bamnidhi,2,1991-10-04,172.5,53.42809999999999
365,bamnidhi,2,1991-10-05,187.7,76.0282
365,bamnidhi,2,1991-10-06,170.0,96.62160000000002
365,bamnidhi,2,1991-10-07,202.3,88.63639999999995
365,bamnidhi,2,1991-10-08,181.4,76.43339999999998
365,bamnidhi,2,1991-10-09,187.8,78.07670000000002
365,bamnidhi,2,1991-10-10,202.5,82.01919999999998
365,bamnidhi,2,1991-10-11,185.4,106.56669999999997
365,bamnidhi,2,1991-10-12,164.4,87.04159999999997
365,bamnidhi,2,1991-10-13,145.0,85.8848
365,bamnidhi,2,1991-10-14,127.7,76.96409999999997
365,bamnidhi,2,1991-10-15,155.8,66.27279999999996
365,bamnidhi,2,1991-10-16,117.1,69.7951
365,bamnidhi,2,1991-10-17,120.0,56.8172
365,bamnidhi,2,1991-10-18,110.0,43.187099999999994
365,bamnidhi,2,1991-10-19,70.89,43.23189999999999
365,bamnidhi,2,1991-10-20,75.0,42.60199999999999
365,bamnidhi,2,1991-10-21,60.79,40.59929999999999
365,bamnidhi,2,1991-10-22,51.51,36.752199999999995
365,bamnidhi,2,1991-10-23,48.98,32.289300000000004
365,bamnidhi,2,1991-10-24,58.16,27.014600000000005
365,bamnidhi,2,1991-10-25,54.23,25.82540000000001
365,bamnidhi,2,1991-10-26,60.75,26.05630000000001
365,bamnidhi,2,1991-10-27,50.0,26.450599999999998
365,bamnidhi,2,1991-10-28,42.46,26.246499999999997
365,bamnidhi,2,1991-10-29,37.52,26.0909
365,bamnidhi,2,1991-10-30,34.14,25.044999999999995
365,bamnidhi,2,1991-10-31,27.14,25.8073
365,bamnidhi,2,1991-11-01,28.61,29.520099999999985
365,bamnidhi,2,1991-11-02,18.44,29.480199999999996
365,bamnidhi,2,1991-11-03,58.0,31.64349999999998
365,bamnidhi,2,1991-11-04,88.49,36.00009999999999
365,bamnidhi,2,1991-11-05,65.0,38.95099999999999
365,bamnidhi,2,1991-11-06,63.09,39.49960999999999
365,bamnidhi,2,1991-11-07,72.51,33.88150999999999
365,bamnidhi,2,1991-11-08,81.25,30.60382
365,bamnidhi,2,1991-11-09,64.99,30.495720000000002
365,bamnidhi,2,1991-11-10,65.0,30.326320000000006
365,bamnidhi,2,1991-11-11,61.09,28.47062
365,bamnidhi,2,1991-11-12,67.85,27.787919999999996
365,bamnidhi,2,1991-11-13,81.13,25.8254
365,bamnidhi,2,1991-11-14,85.48,23.20218
365,bamnidhi,2,1991-11-15,64.64,23.942700000000006
365,bamnidhi,2,1991-11-16,71.23,23.858680000000003
365,bamnidhi,2,1991-11-17,85.0,24.155379999999994
365,bamnidhi,2,1991-11-18,90.16,24.825599999999998
365,bamnidhi,2,1991-11-19,89.59,21.762300000000003
365,bamnidhi,2,1991-11-20,90.71,21.788600000000002
365,bamnidhi,2,1991-11-21,95.0,21.535990000000012
365,bamnidhi,2,1991-11-22,86.74,23.262670000000007
365,bamnidhi,2,1991-11-23,96.64,22.78235
365,bamnidhi,2,1991-11-24,90.0,22.05619000000001
365,bamnidhi,2,1991-11-25,86.96,20.34121000000001
365,bamnidhi,2,1991-11-26,80.31,20.927110000000013
365,bamnidhi,2,1991-11-27,92.73,20.47746000000001
365,bamnidhi,2,1991-11-28,87.83,20.01871000000001
365,bamnidhi,2,1991-11-29,94.81,94.81
365,bamnidhi,3,1991-12-18,105.4,23.25397
365,bamnidhi,3,1991-12-19,127.1,21.49804
365,bamnidhi,3,1991-12-20,80.19,21.88154
365,bamnidhi,3,1991-12-21,107.1,20.84528
365,bamnidhi,3,1991-12-22,107.0,19.275560000000002
365,bamnidhi,3,1991-12-23,103.0,20.457810000000006
365,bamnidhi,3,1991-12-24,114.5,21.009930000000008
365,bamnidhi,3,1991-12-25,115.0,23.307429999999997
365,bamnidhi,3,1991-12-26,108.6,67.63898
365,bamnidhi,3,1991-12-27,112.5,70.16986999999999
365,bamnidhi,3,1991-12-28,103.7,35.375429999999994
365,bamnidhi,3,1991-12-29,100.0,25.240930000000002
365,bamnidhi,3,1991-12-30,87.96,25.797330000000006
365,bamnidhi,3,1991-12-31,120.0,26.923580000000005
365,bamnidhi,3,1992-01-01,95.6,29.278990000000004
365,bamnidhi,3,1992-01-02,79.89,26.131220000000003
365,bamnidhi,3,1992-01-03,100.9,24.819049999999997
365,bamnidhi,3,1992-01-04,100.6,20.03385
365,bamnidhi,3,1992-01-05,90.0,18.803410000000003
365,bamnidhi,3,1992-01-06,94.43,18.792750000000005
365,bamnidhi,3,1992-01-07,93.86,17.22655
365,bamnidhi,3,1992-01-08,84.18,17.418279999999996
365,bamnidhi,3,1992-01-09,93.06,17.04818
365,bamnidhi,3,1992-01-10,103.2,18.34326
365,bamnidhi,3,1992-01-11,91.48,16.888059999999996
365,bamnidhi,3,1992-01-12,85.0,16.564179999999997
365,bamnidhi,3,1992-01-13,85.96,17.13366999999999
365,bamnidhi,3,1992-01-14,88.9,17.959169999999997
365,bamnidhi,3,1992-01-15,101.7,17.599739999999994
365,bamnidhi,3,1992-01-16,92.93,17.470139999999994
365,bamnidhi,3,1992-01-17,101.1,17.483339999999995
365,bamnidhi,3,1992-01-18,101.5,17.159939999999995
365,bamnidhi,3,1992-01-19,101.0,18.46104
365,bamnidhi,3,1992-01-20,101.7,18.914310000000004
365,bamnidhi,3,1992-01-21,84.96,18.36841
365,bamnidhi,3,1992-01-22,82.84,19.957040000000003
365,bamnidhi,3,1992-01-23,91.76,19.5017
365,bamnidhi,3,1992-01-24,99.21,19.650380000000002
365,bamnidhi,3,1992-01-25,94.9,18.13593
365,bamnidhi,3,1992-01-26,95.0,17.44754
365,bamnidhi,3,1992-01-27,90.73,18.434569999999997
365,bamnidhi,3,1992-01-28,95.42,18.44417
365,bamnidhi,3,1992-01-29,75.97,18.585569999999997
365,bamnidhi,3,1992-01-30,64.44,18.527919999999998
365,bamnidhi,3,1992-01-31,97.31,17.557820000000003
365,bamnidhi,3,1992-02-01,69.6,17.179089999999995
365,bamnidhi,3,1992-02-02,68.0,16.976139999999997
365,bamnidhi,3,1992-02-03,67.24,17.199469999999994
365,bamnidhi,3,1992-02-04,35.2,17.22677
365,bamnidhi,3,1992-02-05,63.21,17.09764
365,bamnidhi,3,1992-02-06,70.74,16.954439999999998
365,bamnidhi,3,1992-02-07,64.89,17.12263
365,bamnidhi,3,1992-02-08,45.05,16.919519999999995
365,bamnidhi,3,1992-02-09,31.0,15.394109999999996
365,bamnidhi,3,1992-02-10,70.64,15.512469999999999
365,bamnidhi,3,1992-02-11,69.0,16.83282
365,bamnidhi,3,1992-02-12,29.94,13.205359999999999
365,bamnidhi,3,1992-02-13,49.3,13.83404
365,bamnidhi,3,1992-02-14,52.03,15.212720000000001
365,bamnidhi,3,1992-02-15,49.15,15.753599999999999
365,bamnidhi,3,1992-02-16,32.5,15.58121
365,bamnidhi,3,1992-02-17,53.94,15.193410000000002
365,bamnidhi,3,1992-02-18,66.91,13.271270000000007
365,bamnidhi,3,1992-02-19,57.5,12.634080000000006
365,bamnidhi,3,1992-02-20,34.91,13.069380000000002
365,bamnidhi,3,1992-02-21,61.71,12.396180000000006
365,bamnidhi,3,1992-02-22,58.47,12.387880000000003
365,bamnidhi,3,1992-02-23,51.0,13.300830000000003
365,bamnidhi,3,1992-02-24,56.47,12.669880000000004
365,bamnidhi,3,1992-02-25,52.2,12.774280000000006
365,bamnidhi,3,1992-02-26,33.54,12.532280000000005
365,bamnidhi,3,1992-02-27,43.28,10.404960000000006
365,bamnidhi,3,1992-02-28,44.15,14.452200000000003
365,bamnidhi,3,1992-02-29,44.29,13.902000000000003
365,bamnidhi,3,1992-03-01,43.5,14.904530000000005
365,bamnidhi,3,1992-03-02,27.5,13.943030000000006
365,bamnidhi,3,1992-03-03,33.77,13.244000000000003
365,bamnidhi,3,1992-03-04,34.5,12.063900000000007
365,bamnidhi,3,1992-03-05,38.12,11.596100000000003
365,bamnidhi,3,1992-03-06,36.77,12.018300000000005
365,bamnidhi,3,1992-03-07,37.32,10.387640000000003
365,bamnidhi,3,1992-03-08,35.0,10.043690000000007
365,bamnidhi,3,1992-03-09,37.77,10.387120000000005
365,bamnidhi,3,1992-03-10,39.52,10.610480000000004
365,bamnidhi,3,1992-03-11,37.89,11.145000000000005
365,bamnidhi,3,1992-03-12,42.21,12.944580000000004
365,bamnidhi,3,1992-03-13,37.52,12.079960000000003
365,bamnidhi,3,1992-03-14,33.7,9.971800000000007
365,bamnidhi,3,1992-03-15,31.0,11.046680000000007
365,bamnidhi,3,1992-03-16,31.14,9.554990000000005
365,bamnidhi,3,1992-03-17,31.37,9.217690000000006
365,bamnidhi,3,1992-03-18,23.92,9.578990000000006
365,bamnidhi,3,1992-03-19,17.0,9.446690000000006
365,bamnidhi,3,1992-03-20,14.3,9.191990000000004
365,bamnidhi,3,1992-03-21,13.92,5.70565
365,bamnidhi,3,1992-03-22,15.0,5.23761
365,bamnidhi,3,1992-03-23,15.15,5.23644
365,bamnidhi,3,1992-03-24,15.52,5.677570000000003
365,bamnidhi,3,1992-03-25,23.21,7.749340000000002
365,bamnidhi,3,1992-03-26,32.45,9.118500000000001
365,bamnidhi,3,1992-03-27,33.19,8.937800000000001
365,bamnidhi,3,1992-03-28,17.04,6.642160000000002
365,bamnidhi,3,1992-03-29,15.0,5.865470000000004
365,bamnidhi,3,1992-03-30,14.85,6.490070000000004
365,bamnidhi,3,1992-03-31,16.91,6.509750000000004
365,bamnidhi,3,1992-04-01,29.38,6.694320000000002
365,bamnidhi,3,1992-04-02,34.98,10.179380000000002
365,bamnidhi,3,1992-04-03,28.8,10.932280000000002
365,bamnidhi,3,1992-04-04,22.98,10.257980000000005
365,bamnidhi,3,1992-04-05,38.0,9.921620000000004
365,bamnidhi,3,1992-04-06,34.58,11.126890000000003
365,bamnidhi,3,1992-04-07,33.99,11.834950000000006
365,bamnidhi,3,1992-04-08,37.11,12.525740000000008
365,bamnidhi,3,1992-04-09,41.74,13.465440000000001
365,bamnidhi,3,1992-04-10,18.4,12.109100000000005
365,bamnidhi,3,1992-04-11,17.57,11.862050000000009
365,bamnidhi,3,1992-04-12,9.5,12.19520000000001
365,bamnidhi,3,1992-04-13,7.505,6.058790000000003
365,bamnidhi,3,1992-04-14,8.5,5.927010000000003
365,bamnidhi,3,1992-04-15,8.5,5.972960000000004
365,bamnidhi,3,1992-04-16,5.763,6.503000000000003
365,bamnidhi,3,1992-04-17,6.0,5.931690000000002
365,bamnidhi,3,1992-04-18,4.38,6.509320000000003
365,bamnidhi,3,1992-04-19,4.0,7.053080000000003
365,bamnidhi,3,1992-04-20,5.621,6.412200000000002
365,bamnidhi,3,1992-04-21,5.28,6.159009999999999
365,bamnidhi,3,1992-04-22,5.696,6.2062599999999986
365,bamnidhi,3,1992-04-23,5.569,6.043659999999997
365,bamnidhi,3,1992-04-24,5.122,6.117149999999998
365,bamnidhi,3,1992-04-25,5.481,4.708079999999999
365,bamnidhi,3,1992-04-26,8.0,4.66669
365,bamnidhi,3,1992-04-27,5.331,4.5774099999999995
365,bamnidhi,3,1992-04-28,4.699,4.489310000000001
365,bamnidhi,3,1992-04-29,8.887,4.365560000000001
365,bamnidhi,3,1992-04-30,5.239,4.95925
365,bamnidhi,3,1992-05-01,5.333,4.976650000000002
365,bamnidhi,3,1992-05-02,5.596,4.525430000000001
365,bamnidhi,3,1992-05-03,7.0,5.085640000000001
365,bamnidhi,3,1992-05-04,6.324,4.80419
365,bamnidhi,3,1992-05-05,5.104,4.51187
365,bamnidhi,3,1992-05-06,6.687,4.7851
365,bamnidhi,3,1992-05-07,6.111,5.18218
365,bamnidhi,3,1992-05-08,5.402,6.5219200000000015
365,bamnidhi,3,1992-05-09,5.522,6.353599999999999
365,bamnidhi,3,1992-05-10,5.5,6.232570000000001
365,bamnidhi,3,1992-05-11,5.788,4.725510000000001
365,bamnidhi,3,1992-05-12,4.438,4.47911
365,bamnidhi,3,1992-05-13,4.317,4.45707
365,bamnidhi,3,1992-05-14,5.198,4.47907
365,bamnidhi,3,1992-05-15,5.472,4.35224
365,bamnidhi,3,1992-05-16,5.0,4.332909999999999
365,bamnidhi,3,1992-05-17,5.0,4.35121
365,bamnidhi,3,1992-05-18,5.179,4.975700000000001
365,bamnidhi,3,1992-05-19,4.195,4.937540000000001
365,bamnidhi,3,1992-05-20,4.349,5.031020000000001
365,bamnidhi,3,1992-05-21,4.311,4.928710000000001
365,bamnidhi,3,1992-05-22,3.697,5.073370000000001
365,bamnidhi,3,1992-05-23,4.964,5.08091
365,bamnidhi,3,1992-05-24,3.5,5.648340000000003
365,bamnidhi,3,1992-05-25,6.152,5.510540000000003
365,bamnidhi,3,1992-05-26,5.399,5.6070600000000015
365,bamnidhi,3,1992-05-27,5.596,5.595070000000001
365,bamnidhi,3,1992-05-28,5.701,5.554170000000003
365,bamnidhi,3,1992-05-29,5.324,5.465860000000001
365,bamnidhi,3,1992-05-30,4.559,4.9860000000000015
365,bamnidhi,3,1992-05-31,4.5,5.4741700000000035
365,bamnidhi,3,1992-06-01,6.835,4.822700000000002
365,bamnidhi,3,1992-06-02,8.926,5.3575200000000045
365,bamnidhi,3,1992-06-03,9.066,6.1655000000000015
365,bamnidhi,3,1992-06-04,9.912,6.299920000000002
365,bamnidhi,3,1992-06-05,33.29,5.4540700000000015
365,bamnidhi,3,1992-06-06,17.56,13.092710000000002
365,bamnidhi,3,1992-06-07,13.5,13.01283
365,bamnidhi,3,1992-06-08,11.77,11.688940000000004
365,bamnidhi,3,1992-06-09,7.855,5.529360000000004
365,bamnidhi,3,1992-06-10,6.958,5.3824200000000015
365,bamnidhi,3,1992-06-11,5.598,5.676190000000002
365,bamnidhi,3,1992-06-12,5.6,6.24172
365,bamnidhi,3,1992-06-13,8.124,6.488500000000003
365,bamnidhi,3,1992-06-14,7.0,7.86954
365,bamnidhi,3,1992-06-15,5.413,6.676650000000002
365,bamnidhi,3,1992-06-16,5.894,6.349240000000001
365,bamnidhi,3,1992-06-17,5.603,6.201550000000001
365,bamnidhi,3,1992-06-18,5.68,6.2150799999999995
365,bamnidhi,3,1992-06-19,5.558,9.321969999999993
365,bamnidhi,3,1992-06-20,6.204,130.70175000000003
365,bamnidhi,3,1992-06-21,6.2,39.282520000000034
365,bamnidhi,3,1992-06-22,6.729,69.67154000000005
365,bamnidhi,3,1992-06-23,15.28,37.08482999999999
365,bamnidhi,3,1992-06-24,128.7,179.30455000000006
365,bamnidhi,3,1992-06-25,81.33,133.97869999999995
365,bamnidhi,3,1992-06-26,45.87,77.98507999999997
365,bamnidhi,3,1992-06-27,35.76,104.18962999999997
365,bamnidhi,3,1992-06-28,63.0,48.75904
365,bamnidhi,3,1992-06-29,85.27,55.92043
365,bamnidhi,3,1992-06-30,42.46,47.435150000000014
365,bamnidhi,3,1992-07-01,45.72,22.505069999999996
365,bamnidhi,3,1992-07-02,74.6,26.424850000000006
365,bamnidhi,3,1992-07-03,77.79,31.663870000000003
365,bamnidhi,3,1992-07-04,84.72,33.74791
365,bamnidhi,3,1992-07-05,65.0,34.02457
365,bamnidhi,3,1992-07-06,78.58,31.184970000000007
365,bamnidhi,3,1992-07-07,77.39,23.85495000000001
365,bamnidhi,3,1992-07-08,67.97,22.47164
365,bamnidhi,3,1992-07-09,78.38,27.02124999999999
365,bamnidhi,3,1992-07-10,25.91,20.01316
365,bamnidhi,3,1992-07-11,21.0,31.83721
365,bamnidhi,3,1992-07-12,22.0,51.9246
365,bamnidhi,3,1992-07-13,34.61,78.08798000000003
365,bamnidhi,3,1992-07-14,59.36,103.05470000000001
365,bamnidhi,3,1992-07-15,25.96,61.21684999999999
365,bamnidhi,3,1992-07-16,48.68,91.47255999999996
365,bamnidhi,3,1992-07-17,160.1,164.6972
365,bamnidhi,3,1992-07-18,61.59,197.4348
365,bamnidhi,3,1992-07-19,140.0,192.3191
365,bamnidhi,3,1992-07-20,231.1,165.57369999999995
365,bamnidhi,3,1992-07-21,256.5,271.8625
365,bamnidhi,3,1992-07-22,297.0,409.2820999999998
365,bamnidhi,3,1992-07-23,109.9,358.96789999999993
365,bamnidhi,3,1992-07-24,75.11,241.64030000000005
365,bamnidhi,3,1992-07-25,58.76,153.8825
365,bamnidhi,3,1992-07-26,38.0,162.01200000000006
365,bamnidhi,3,1992-07-27,65.88,190.55844999999997
365,bamnidhi,3,1992-07-28,59.66,555.3587999999996
365,bamnidhi,3,1992-07-29,61.44,1560.513200000001
365,bamnidhi,3,1992-07-30,125.4,781.3809
365,bamnidhi,3,1992-07-31,78.43,419.3917999999999
365,bamnidhi,3,1992-08-01,53.04,381.78900000000016
365,bamnidhi,3,1992-08-02,80.0,402.6045
365,bamnidhi,3,1992-08-03,129.9,482.56029999999976
365,bamnidhi,3,1992-08-04,50.57,401.1782999999998
365,bamnidhi,3,1992-08-05,57.23,436.31489999999985
365,bamnidhi,3,1992-08-06,206.5,303.286
365,bamnidhi,3,1992-08-07,67.43,264.28710000000007
365,bamnidhi,3,1992-08-08,138.7,556.5956999999999
365,bamnidhi,3,1992-08-09,200.0,621.5454999999997
365,bamnidhi,3,1992-08-10,225.1,557.911
365,bamnidhi,3,1992-08-11,111.8,390.92940000000004
365,bamnidhi,3,1992-08-12,85.2,333.3037999999999
365,bamnidhi,3,1992-08-13,80.05,360.332
365,bamnidhi,3,1992-08-14,91.63,325.81080000000014
365,bamnidhi,3,1992-08-15,52.0,403.0825000000001
365,bamnidhi,3,1992-08-16,80.0,397.42670000000015
365,bamnidhi,3,1992-08-17,133.3,417.9536
365,bamnidhi,3,1992-08-18,249.0,655.6779999999999
365,bamnidhi,3,1992-08-19,606.1,697.7916
365,bamnidhi,3,1992-08-20,758.9,1801.9106000000002
365,bamnidhi,3,1992-08-21,750.0,2138.6114000000002
365,bamnidhi,3,1992-08-22,290.2,1182.4554
365,bamnidhi,3,1992-08-23,135.0,556.9820999999997
365,bamnidhi,3,1992-08-24,110.8,497.5700999999998
365,bamnidhi,3,1992-08-25,80.31,378.39160000000004
365,bamnidhi,3,1992-08-26,374.5,433.2745
365,bamnidhi,3,1992-08-27,261.8,435.0885
365,bamnidhi,3,1992-08-28,168.7,455.6422
365,bamnidhi,3,1992-08-29,136.8,302.0626
365,bamnidhi,3,1992-08-30,165.0,289.63699999999994
365,bamnidhi,3,1992-08-31,110.9,265.8335999999999
365,bamnidhi,3,1992-09-01,77.0,206.47200000000004
365,bamnidhi,3,1992-09-02,60.8,150.30530000000002
365,bamnidhi,3,1992-09-03,141.6,175.04540000000006
365,bamnidhi,3,1992-09-04,133.1,318.5803000000001
365,bamnidhi,3,1992-09-05,356.8,469.50870000000003
365,bamnidhi,3,1992-09-06,295.0,448.4408999999999
365,bamnidhi,3,1992-09-07,401.0,469.4158000000001
365,bamnidhi,3,1992-09-08,475.3,504.63750000000016
365,bamnidhi,3,1992-09-09,650.2,886.0332000000003
365,bamnidhi,3,1992-09-10,600.0,1270.1078000000007
365,bamnidhi,3,1992-09-11,725.0,1409.996900000001
365,bamnidhi,3,1992-09-12,360.6,1099.9084000000007
365,bamnidhi,3,1992-09-13,220.0,746.5837999999999
365,bamnidhi,3,1992-09-14,188.8,470.8980000000001
365,bamnidhi,3,1992-09-15,130.7,342.1512999999999
365,bamnidhi,3,1992-09-16,121.4,234.09100000000007
365,bamnidhi,3,1992-09-17,116.6,245.68439999999995
365,bamnidhi,3,1992-09-18,98.21,132.63149999999996
365,bamnidhi,3,1992-09-19,70.53,108.48099999999997
365,bamnidhi,3,1992-09-20,55.0,115.39520000000002
365,bamnidhi,3,1992-09-21,47.18,74.46789999999999
365,bamnidhi,3,1992-09-22,42.81,67.71540999999999
365,bamnidhi,3,1992-09-23,35.28,49.36560999999997
365,bamnidhi,3,1992-09-24,33.48,43.6932
365,bamnidhi,3,1992-09-25,28.94,41.037
365,bamnidhi,3,1992-09-26,25.75,40.96979999999999
365,bamnidhi,3,1992-09-27,35.0,38.227699999999984
365,bamnidhi,3,1992-09-28,27.95,33.585199999999986
365,bamnidhi,3,1992-09-29,26.75,33.44999999999999
365,bamnidhi,3,1992-09-30,29.12,32.51835
365,bamnidhi,3,1992-10-01,24.46,30.023199999999996
365,bamnidhi,3,1992-10-02,20.0,30.390100000000007
365,bamnidhi,3,1992-10-03,28.88,27.387200000000004
365,bamnidhi,3,1992-10-04,32.0,25.792100000000005
365,bamnidhi,3,1992-10-05,25.64,25.633800000000004
365,bamnidhi,3,1992-10-06,24.0,25.092000000000002
365,bamnidhi,3,1992-10-07,27.96,25.0816
365,bamnidhi,3,1992-10-08,31.06,24.656800000000008
365,bamnidhi,3,1992-10-09,27.39,27.00840000000001
365,bamnidhi,3,1992-10-10,25.56,24.472500000000004
365,bamnidhi,3,1992-10-11,25.0,23.998300000000004
365,bamnidhi,3,1992-10-12,35.35,26.025400000000005
365,bamnidhi,3,1992-10-13,27.14,27.977000000000007
365,bamnidhi,3,1992-10-14,24.73,26.202500000000004
365,bamnidhi,3,1992-10-15,26.01,27.1043
365,bamnidhi,3,1992-10-16,23.6,27.342399999999998
365,bamnidhi,3,1992-10-17,18.53,25.955199999999994
365,bamnidhi,3,1992-10-18,15.0,25.1129
365,bamnidhi,3,1992-10-19,27.37,23.50680000000001
365,bamnidhi,3,1992-10-20,23.53,20.628199999999996
365,bamnidhi,3,1992-10-21,21.57,19.7676
365,bamnidhi,3,1992-10-22,26.86,21.206300000000006
365,bamnidhi,3,1992-10-23,25.62,19.890500000000003
365,bamnidhi,3,1992-10-24,23.71,20.0727
365,bamnidhi,3,1992-10-25,25.0,20.078500000000002
365,bamnidhi,3,1992-10-26,28.64,20.369500000000002
365,bamnidhi,3,1992-10-27,29.56,19.875800000000005
365,bamnidhi,3,1992-10-28,28.58,20.10620000000001
365,bamnidhi,3,1992-10-29,27.78,20.424000000000007
365,bamnidhi,3,1992-10-30,36.77,19.729900000000004
365,bamnidhi,3,1992-10-31,29.23,19.07110000000001
365,bamnidhi,3,1992-11-01,25.0,19.93160000000001
365,bamnidhi,3,1992-11-02,46.1,20.319400000000012
365,bamnidhi,3,1992-11-03,80.54,20.448210000000007
365,bamnidhi,3,1992-11-04,65.04,25.98399999999999
365,bamnidhi,3,1992-11-05,44.68,25.831849999999985
365,bamnidhi,3,1992-11-06,70.63,20.11128
365,bamnidhi,3,1992-11-07,111.2,20.085209999999996
365,bamnidhi,3,1992-11-08,100.0,19.817500000000006
365,bamnidhi,3,1992-11-09,97.92,19.74355
365,bamnidhi,3,1992-11-10,100.0,20.11735
365,bamnidhi,3,1992-11-11,96.7,20.60665
365,bamnidhi,3,1992-11-12,89.45,20.973680000000005
365,bamnidhi,3,1992-11-13,86.77,19.40518
365,bamnidhi,3,1992-11-14,131.2,17.281900000000004
365,bamnidhi,3,1992-11-15,140.0,17.3569
365,bamnidhi,3,1992-11-16,94.47,18.338810000000002
365,bamnidhi,3,1992-11-17,124.8,18.271180000000005
365,bamnidhi,3,1992-11-18,109.8,17.545180000000006
365,bamnidhi,3,1992-11-19,145.3,17.812410000000003
365,bamnidhi,3,1992-11-20,137.6,17.571
365,bamnidhi,3,1992-11-21,132.0,20.356099999999998
365,bamnidhi,3,1992-11-22,145.0,19.62255
365,bamnidhi,3,1992-11-23,146.6,19.87715
365,bamnidhi,3,1992-11-24,173.5,25.847499999999997
365,bamnidhi,3,1992-11-25,134.6,19.110900000000004
365,bamnidhi,3,1992-11-26,121.6,17.355779999999996
365,bamnidhi,3,1992-11-27,127.0,18.11141
365,bamnidhi,3,1992-11-28,128.6,17.981220000000004
365,bamnidhi,3,1992-11-29,150.0,17.855730000000005
365,bamnidhi,3,1992-11-30,140.6,17.631000000000007
365,bamnidhi,3,1992-12-01,150.1,19.081500000000005
365,bamnidhi,3,1992-12-02,130.9,19.118440000000003
365,bamnidhi,3,1992-12-03,137.3,17.925520000000002
365,bamnidhi,3,1992-12-04,129.0,18.942790000000006
365,bamnidhi,3,1992-12-05,135.5,18.53379
365,bamnidhi,3,1992-12-06,125.0,18.55688
365,bamnidhi,3,1992-12-07,151.9,19.655540000000002
365,bamnidhi,3,1992-12-08,140.9,19.24019
365,bamnidhi,3,1992-12-09,162.4,16.412630000000004
365,bamnidhi,3,1992-12-10,157.3,17.050000000000004
365,bamnidhi,3,1992-12-11,154.6,17.49453
365,bamnidhi,3,1992-12-12,162.1,17.98079
365,bamnidhi,3,1992-12-13,140.0,17.90833
365,bamnidhi,3,1992-12-14,163.9,18.796730000000004
365,bamnidhi,3,1992-12-15,157.0,18.581690000000002
365,bamnidhi,3,1992-12-16,189.0,18.453080000000003
365,bamnidhi,3,1992-12-17,168.1,168.1
