Date,usgs_01076500,usgs_01078000,usgs_01064500,usgs_01048000,usgs_01022500,usgs_01054200,usgs_01052500,usgs_01010000,usgs_01055000,usgs_01047000
2013-01-01,895.0,105.0,707.0,669.0,351.0,110.0,176.0,768.0,118.0,487.0
2013-01-02,733.0,84.3,667.0,613.0,339.0,106.0,171.0,756.0,114.0,459.0
2013-01-03,667.0,76.7,632.0,568.0,326.0,102.0,167.0,742.0,111.0,428.0
2013-01-04,814.0,84.0,618.0,542.0,321.0,98.5,164.0,731.0,109.0,402.0
2013-01-05,830.0,90.5,601.0,523.0,309.0,95.3,161.0,716.0,106.0,390.0
2013-01-06,749.0,83.4,567.0,501.0,300.0,92.4,158.0,707.0,104.0,366.0
2013-01-07,716.0,80.2,516.0,484.0,288.0,89.6,157.0,698.0,100.0,347.0
2013-01-08,633.0,73.5,484.0,464.0,283.0,86.9,153.0,689.0,97.5,328.0
2013-01-09,654.0,73.8,508.0,464.0,275.0,86.9,157.0,677.0,107.0,330.0
2013-01-10,687.0,77.2,508.0,453.0,270.0,85.6,156.0,670.0,105.0,317.0
2013-01-11,663.0,76.2,492.0,440.0,263.0,84.0,149.0,663.0,93.4,309.0
2013-01-12,679.0,80.7,491.0,422.0,256.0,88.4,143.0,654.0,92.6,292.0
2013-01-13,760.0,91.0,513.0,412.0,273.0,103.0,141.0,653.0,96.7,286.0
2013-01-14,1210.0,124.0,754.0,453.0,384.0,229.0,221.0,665.0,123.0,279.0
2013-01-15,1690.0,193.0,1240.0,657.0,592.0,272.0,277.0,783.0,191.0,383.0
2013-01-16,1340.0,164.0,883.0,646.0,583.0,158.0,224.0,1010.0,153.0,366.0
2013-01-17,1070.0,134.0,761.0,561.0,550.0,128.0,197.0,1150.0,133.0,345.0
2013-01-18,687.0,95.8,637.0,494.0,456.0,111.0,181.0,1230.0,118.0,330.0
2013-01-19,687.0,104.0,606.0,463.0,373.0,102.0,165.0,1220.0,107.0,314.0
2013-01-20,841.0,97.5,671.0,500.0,344.0,102.0,167.0,1150.0,107.0,351.0
2013-01-21,752.0,82.4,571.0,482.0,320.0,97.5,161.0,1090.0,102.0,321.0
2013-01-22,663.0,74.0,526.0,445.0,292.0,92.8,153.0,1020.0,95.9,296.0
2013-01-23,526.0,61.8,388.0,396.0,270.0,88.3,147.0,972.0,90.4,278.0
2013-01-24,486.0,54.0,284.0,356.0,,84.1,142.0,919.0,87.1,257.0
2013-01-25,484.0,53.1,374.0,338.0,242.0,80.8,138.0,880.0,83.4,244.0
2013-01-26,484.0,52.5,464.0,321.0,226.0,78.1,132.0,848.0,80.5,227.0
2013-01-27,459.0,50.0,426.0,309.0,222.0,75.4,128.0,823.0,78.2,213.0
2013-01-28,451.0,47.0,408.0,298.0,211.0,72.8,125.0,804.0,76.2,199.0
2013-01-29,466.0,50.4,443.0,293.0,207.0,,123.0,796.0,74.3,191.0
2013-01-30,541.0,58.7,485.0,321.0,218.0,81.8,180.0,791.0,93.8,195.0
2013-01-31,3610.0,312.0,1860.0,1320.0,844.0,780.0,715.0,804.0,1150.0,955.0
2013-02-01,4450.0,570.0,1970.0,3970.0,1440.0,301.0,593.0,837.0,691.0,5020.0
2013-02-02,2800.0,,1450.0,2270.0,1190.0,200.0,382.0,899.0,365.0,2370.0
2013-02-03,1800.0,262.0,1180.0,1510.0,958.0,159.0,296.0,1040.0,287.0,1430.0
2013-02-04,1530.0,198.0,1040.0,1090.0,717.0,141.0,248.0,1260.0,,981.0
2013-02-05,1100.0,145.0,952.0,851.0,507.0,127.0,222.0,1240.0,208.0,741.0
2013-02-06,1010.0,115.0,876.0,680.0,397.0,118.0,202.0,1110.0,185.0,567.0
2013-02-07,959.0,97.8,823.0,596.0,340.0,111.0,185.0,976.0,165.0,476.0
2013-02-08,853.0,82.9,757.0,520.0,302.0,106.0,174.0,878.0,151.0,417.0
2013-02-09,853.0,73.0,731.0,493.0,278.0,102.0,161.0,810.0,141.0,395.0
2013-02-10,918.0,77.8,733.0,488.0,264.0,98.7,150.0,753.0,134.0,390.0
2013-02-11,894.0,78.9,719.0,491.0,257.0,96.2,143.0,699.0,129.0,390.0
2013-02-12,942.0,80.1,751.0,488.0,247.0,96.5,139.0,660.0,126.0,365.0
2013-02-13,894.0,75.4,731.0,466.0,262.0,94.9,139.0,631.0,126.0,336.0
2013-02-14,796.0,70.4,685.0,448.0,247.0,91.2,139.0,615.0,126.0,315.0
2013-02-15,739.0,67.3,624.0,430.0,236.0,87.5,133.0,597.0,125.0,294.0
2013-02-16,690.0,66.3,569.0,421.0,238.0,82.7,131.0,584.0,120.0,276.0
2013-02-17,568.0,61.9,505.0,416.0,231.0,77.5,126.0,570.0,113.0,272.0
2013-02-18,593.0,55.2,477.0,406.0,217.0,75.0,117.0,555.0,106.0,272.0
2013-02-19,690.0,63.3,473.0,397.0,238.0,76.9,112.0,550.0,101.0,268.0
2013-02-20,690.0,59.6,489.0,478.0,522.0,78.0,112.0,557.0,95.6,321.0
2013-02-21,617.0,57.4,453.0,568.0,869.0,73.2,106.0,584.0,92.3,348.0
2013-02-22,564.0,55.2,442.0,548.0,809.0,72.0,106.0,575.0,89.2,
2013-02-23,564.0,54.0,450.0,492.0,722.0,71.8,104.0,565.0,86.5,
2013-02-24,572.0,54.8,450.0,480.0,624.0,72.9,101.0,555.0,85.1,313.0
2013-02-25,548.0,56.5,438.0,469.0,538.0,72.6,98.8,549.0,82.6,309.0
2013-02-26,507.0,54.0,424.0,463.0,466.0,70.3,95.7,543.0,79.1,305.0
2013-02-27,499.0,56.1,424.0,445.0,424.0,68.5,94.0,538.0,77.1,293.0
2013-02-28,507.0,73.1,431.0,466.0,485.0,72.6,97.5,537.0,78.3,289.0
2013-03-01,507.0,73.5,433.0,500.0,643.0,73.8,96.6,543.0,82.3,317.0
2013-03-02,491.0,67.3,415.0,506.0,580.0,70.3,93.5,551.0,86.5,313.0
2013-03-03,459.0,63.2,405.0,487.0,567.0,67.5,91.1,558.0,82.8,309.0
2013-03-04,459.0,61.6,394.0,495.0,609.0,63.8,87.8,570.0,75.0,352.0
2013-03-05,450.0,59.3,381.0,483.0,688.0,60.9,87.0,601.0,72.1,366.0
2013-03-06,450.0,58.6,375.0,495.0,793.0,60.0,83.9,634.0,70.9,371.0
2013-03-07,450.0,59.3,363.0,484.0,711.0,59.3,80.8,648.0,69.0,362.0
2013-03-08,442.0,60.1,357.0,455.0,627.0,59.0,81.6,639.0,68.3,334.0
2013-03-09,434.0,59.3,354.0,440.0,601.0,61.7,82.3,628.0,71.7,321.0
2013-03-10,483.0,68.1,378.0,475.0,558.0,69.7,87.0,623.0,88.4,329.0
2013-03-11,564.0,80.2,408.0,504.0,535.0,76.0,103.0,617.0,93.0,334.0
2013-03-12,969.0,130.0,659.0,595.0,689.0,127.0,144.0,636.0,151.0,504.0
2013-03-13,6470.0,426.0,5970.0,2840.0,2860.0,1020.0,1130.0,758.0,1160.0,2310.0
2013-03-14,4560.0,426.0,2690.0,4180.0,3790.0,317.0,647.0,1090.0,522.0,3130.0
2013-03-15,2600.0,296.0,1700.0,2850.0,2940.0,201.0,378.0,1680.0,260.0,2160.0
2013-03-16,1990.0,227.0,1420.0,2090.0,2160.0,155.0,264.0,2290.0,192.0,1470.0
2013-03-17,1500.0,176.0,1130.0,1540.0,1520.0,123.0,210.0,2480.0,157.0,1010.0
2013-03-18,1230.0,148.0,957.0,1230.0,1080.0,114.0,197.0,2250.0,140.0,765.0
2013-03-19,1290.0,139.0,1010.0,1040.0,866.0,112.0,179.0,1980.0,128.0,652.0
2013-03-20,1110.0,125.0,903.0,897.0,744.0,112.0,162.0,1760.0,120.0,578.0
2013-03-21,975.0,112.0,852.0,866.0,673.0,106.0,160.0,1600.0,117.0,560.0
2013-03-22,927.0,110.0,820.0,816.0,604.0,97.4,155.0,1450.0,110.0,504.0
2013-03-23,861.0,101.0,765.0,769.0,558.0,91.4,147.0,1350.0,107.0,459.0
2013-03-24,803.0,96.8,721.0,742.0,522.0,85.7,140.0,1260.0,103.0,435.0
2013-03-25,778.0,96.1,705.0,725.0,516.0,83.8,135.0,1200.0,101.0,424.0
2013-03-26,810.0,101.0,687.0,820.0,525.0,82.5,139.0,1150.0,104.0,432.0
2013-03-27,880.0,115.0,692.0,1040.0,593.0,82.5,140.0,1110.0,110.0,513.0
2013-03-28,960.0,137.0,715.0,1320.0,730.0,84.7,138.0,1100.0,129.0,644.0
2013-03-29,1100.0,179.0,757.0,1840.0,784.0,101.0,155.0,1100.0,181.0,958.0
2013-03-30,1370.0,254.0,881.0,2610.0,796.0,128.0,187.0,1150.0,233.0,1130.0
2013-03-31,1590.0,301.0,963.0,2720.0,789.0,145.0,208.0,1210.0,245.0,1240.0
2013-04-01,2530.0,597.0,1240.0,3120.0,1030.0,221.0,236.0,1330.0,357.0,1370.0
2013-04-02,2840.0,708.0,1520.0,3920.0,1350.0,237.0,272.0,1630.0,372.0,1930.0
2013-04-03,1940.0,482.0,1170.0,2550.0,1210.0,158.0,,1920.0,216.0,1240.0
2013-04-04,1570.0,325.0,1010.0,1900.0,996.0,133.0,191.0,1890.0,183.0,972.0
2013-04-05,1510.0,291.0,1010.0,1910.0,808.0,138.0,203.0,1790.0,212.0,979.0
2013-04-06,1580.0,312.0,1070.0,2160.0,708.0,144.0,192.0,1690.0,221.0,1150.0
2013-04-07,1380.0,265.0,970.0,1780.0,,130.0,181.0,1590.0,183.0,860.0
2013-04-08,1420.0,280.0,982.0,1740.0,608.0,163.0,217.0,1520.0,232.0,881.0
2013-04-09,2740.0,452.0,1690.0,2800.0,626.0,383.0,459.0,1460.0,450.0,1730.0
2013-04-10,4220.0,745.0,2190.0,,805.0,503.0,714.0,1440.0,486.0,2000.0
2013-04-11,4430.0,932.0,2440.0,3370.0,883.0,511.0,799.0,1480.0,523.0,2250.0
2013-04-12,3190.0,760.0,2080.0,2950.0,832.0,354.0,559.0,1660.0,399.0,2000.0
2013-04-13,2550.0,531.0,1780.0,2470.0,784.0,270.0,410.0,1840.0,308.0,1560.0
2013-04-14,2680.0,490.0,1790.0,2480.0,780.0,296.0,400.0,2070.0,371.0,1490.0
2013-04-15,2450.0,440.0,1780.0,2720.0,877.0,348.0,501.0,2360.0,465.0,1740.0
2013-04-16,2440.0,388.0,1930.0,2960.0,819.0,497.0,800.0,2870.0,607.0,
2013-04-17,3540.0,408.0,2910.0,3390.0,796.0,1040.0,2080.0,4630.0,1150.0,3030.0
2013-04-18,3670.0,388.0,2980.0,3820.0,745.0,709.0,1650.0,8050.0,814.0,3280.0
2013-04-19,3000.0,309.0,2890.0,2680.0,696.0,,2180.0,12900.0,1070.0,2740.0
2013-04-20,7930.0,379.0,6940.0,5670.0,722.0,2170.0,5060.0,20900.0,2690.0,5630.0
2013-04-21,4860.0,366.0,3940.0,4760.0,835.0,732.0,2740.0,24200.0,1050.0,3990.0
2013-04-22,3120.0,253.0,2610.0,2790.0,809.0,459.0,1250.0,21000.0,613.0,2710.0
2013-04-23,2500.0,199.0,2160.0,2210.0,702.0,379.0,1060.0,16700.0,515.0,2060.0
2013-04-24,2150.0,175.0,1890.0,1950.0,780.0,403.0,1350.0,13600.0,651.0,1670.0
2013-04-25,2560.0,160.0,2470.0,2330.0,966.0,769.0,2350.0,14400.0,1070.0,1850.0
2013-04-26,2580.0,144.0,2450.0,2420.0,834.0,531.0,1690.0,14700.0,749.0,1770.0
2013-04-27,2100.0,130.0,1990.0,1870.0,692.0,410.0,1220.0,12800.0,572.0,1520.0
2013-04-28,2040.0,119.0,1930.0,1660.0,585.0,434.0,1200.0,10600.0,580.0,1430.0
2013-04-29,2180.0,116.0,2030.0,1610.0,507.0,485.0,1280.0,9490.0,647.0,1280.0
2013-04-30,2380.0,108.0,2140.0,1590.0,447.0,498.0,1300.0,9170.0,653.0,1370.0
2013-05-01,2510.0,99.4,2220.0,1530.0,400.0,469.0,1190.0,8850.0,593.0,1370.0
2013-05-02,2470.0,92.5,2160.0,1400.0,364.0,449.0,1020.0,8100.0,522.0,1310.0
2013-05-03,2430.0,86.9,2090.0,1250.0,334.0,373.0,854.0,7010.0,409.0,1090.0
2013-05-04,2140.0,82.5,1820.0,1100.0,311.0,331.0,691.0,5750.0,366.0,973.0
2013-05-05,2090.0,77.8,1760.0,1020.0,292.0,302.0,590.0,4770.0,335.0,890.0
2013-05-06,1940.0,73.4,1640.0,934.0,275.0,282.0,499.0,3990.0,304.0,782.0
2013-05-07,1850.0,69.6,1580.0,869.0,262.0,271.0,429.0,3340.0,287.0,806.0
2013-05-08,1820.0,67.3,1580.0,810.0,249.0,268.0,365.0,2760.0,263.0,795.0
2013-05-09,2390.0,88.1,2250.0,797.0,260.0,416.0,367.0,2280.0,292.0,872.0
2013-05-10,2280.0,88.4,2050.0,928.0,351.0,434.0,497.0,2010.0,277.0,892.0
2013-05-11,1970.0,82.0,1820.0,1080.0,350.0,388.0,432.0,2280.0,399.0,1090.0
2013-05-12,4490.0,82.8,3230.0,2480.0,373.0,663.0,690.0,4910.0,525.0,1960.0
2013-05-13,2540.0,72.9,1810.0,2460.0,494.0,296.0,428.0,5530.0,295.0,1630.0
2013-05-14,1840.0,63.6,1310.0,1490.0,496.0,208.0,313.0,4200.0,209.0,1080.0
2013-05-15,1510.0,58.9,1100.0,1120.0,429.0,173.0,262.0,3020.0,173.0,728.0
2013-05-16,1350.0,62.4,1050.0,1020.0,399.0,181.0,269.0,2470.0,190.0,572.0
2013-05-17,1170.0,59.3,991.0,932.0,384.0,150.0,237.0,2600.0,157.0,551.0
2013-05-18,1010.0,51.2,883.0,782.0,342.0,129.0,210.0,2470.0,138.0,488.0
2013-05-19,903.0,52.5,810.0,713.0,306.0,118.0,185.0,2030.0,126.0,459.0
2013-05-20,1490.0,95.1,1020.0,946.0,,182.0,541.0,1750.0,327.0,796.0
2013-05-21,1630.0,96.7,1240.0,2200.0,443.0,180.0,991.0,2360.0,580.0,
2013-05-22,3010.0,189.0,1610.0,5120.0,499.0,367.0,1840.0,2730.0,1220.0,3650.0
2013-05-23,2920.0,259.0,1500.0,3810.0,644.0,249.0,1200.0,3630.0,641.0,2730.0
2013-05-24,2660.0,259.0,1750.0,4030.0,1020.0,538.0,2540.0,9580.0,1790.0,4630.0
2013-05-25,3910.0,372.0,2730.0,8760.0,2180.0,1400.0,3080.0,14900.0,2340.0,6920.0
2013-05-26,5030.0,613.0,3120.0,8560.0,2220.0,911.0,2680.0,17900.0,1620.0,7120.0
2013-05-27,3890.0,509.0,2180.0,4870.0,2010.0,445.0,1330.0,16600.0,706.0,4140.0
2013-05-28,2840.0,298.0,1680.0,2990.0,1550.0,295.0,760.0,12300.0,408.0,2380.0
2013-05-29,2250.0,193.0,1430.0,2210.0,1110.0,238.0,554.0,8190.0,320.0,1690.0
2013-05-30,2180.0,202.0,1440.0,1970.0,969.0,214.0,510.0,6060.0,306.0,1360.0
2013-05-31,1760.0,166.0,1190.0,1620.0,797.0,167.0,392.0,5220.0,233.0,864.0
2013-06-01,1460.0,125.0,1010.0,1300.0,651.0,138.0,312.0,5020.0,187.0,698.0
2013-06-02,1240.0,102.0,904.0,1060.0,538.0,137.0,296.0,4830.0,456.0,751.0
2013-06-03,2310.0,183.0,1110.0,2410.0,457.0,206.0,377.0,4920.0,713.0,4260.0
2013-06-04,1680.0,167.0,895.0,1670.0,402.0,128.0,269.0,4610.0,288.0,2590.0
2013-06-05,1270.0,118.0,776.0,1090.0,345.0,107.0,218.0,3300.0,209.0,1400.0
2013-06-06,1040.0,94.4,696.0,847.0,304.0,92.8,186.0,2390.0,170.0,552.0
2013-06-07,949.0,89.0,665.0,725.0,310.0,93.6,218.0,1890.0,167.0,541.0
2013-06-08,1770.0,283.0,1540.0,1800.0,788.0,530.0,1020.0,1870.0,708.0,2090.0
2013-06-09,1770.0,292.0,1360.0,2550.0,1170.0,253.0,775.0,3020.0,389.0,2190.0
2013-06-10,1290.0,174.0,974.0,1490.0,930.0,155.0,513.0,3320.0,252.0,1440.0
2013-06-11,1810.0,262.0,1310.0,1480.0,779.0,392.0,774.0,2750.0,674.0,1220.0
2013-06-12,3300.0,,2170.0,4170.0,1310.0,537.0,1180.0,2880.0,871.0,3250.0
2013-06-13,2690.0,373.0,1730.0,3160.0,1350.0,322.0,716.0,4730.0,473.0,2870.0
2013-06-14,1900.0,258.0,1240.0,1930.0,1130.0,195.0,446.0,4950.0,291.0,1680.0
2013-06-15,1460.0,184.0,1000.0,1370.0,897.0,142.0,331.0,3700.0,226.0,1160.0
2013-06-16,1140.0,134.0,858.0,1070.0,658.0,118.0,282.0,2660.0,182.0,793.0
2013-06-17,1080.0,114.0,833.0,923.0,515.0,122.0,401.0,2520.0,213.0,551.0
2013-06-18,1260.0,105.0,898.0,867.0,439.0,105.0,290.0,3200.0,173.0,517.0
2013-06-19,1060.0,97.9,788.0,738.0,378.0,91.7,225.0,2820.0,140.0,465.0
2013-06-20,849.0,84.1,686.0,633.0,323.0,79.2,188.0,2080.0,118.0,411.0
2013-06-21,722.0,71.6,619.0,554.0,287.0,71.9,163.0,1580.0,103.0,372.0
2013-06-22,639.0,62.6,582.0,499.0,261.0,66.8,147.0,1280.0,93.3,341.0
2013-06-23,785.0,67.0,652.0,499.0,242.0,82.3,174.0,1210.0,137.0,357.0
2013-06-24,1100.0,156.0,1100.0,718.0,231.0,89.7,423.0,1150.0,273.0,457.0
2013-06-25,989.0,133.0,768.0,701.0,222.0,68.3,277.0,1000.0,134.0,379.0
2013-06-26,942.0,172.0,767.0,753.0,218.0,101.0,204.0,952.0,197.0,333.0
2013-06-27,1040.0,241.0,701.0,2440.0,219.0,79.9,191.0,1950.0,381.0,1130.0
2013-06-28,1520.0,515.0,1050.0,2710.0,271.0,292.0,299.0,5000.0,512.0,2290.0
2013-06-29,2890.0,837.0,2020.0,5880.0,494.0,389.0,422.0,8950.0,573.0,3590.0
2013-06-30,2520.0,639.0,2140.0,6730.0,465.0,368.0,386.0,12300.0,371.0,3180.0
2013-07-01,1680.0,485.0,1330.0,3170.0,398.0,169.0,311.0,10500.0,248.0,2400.0
2013-07-02,6060.0,387.0,3770.0,7120.0,356.0,1780.0,1560.0,7050.0,2020.0,5490.0
2013-07-03,5830.0,609.0,3020.0,7100.0,344.0,544.0,1410.0,4510.0,738.0,4210.0
2013-07-04,3350.0,605.0,1920.0,3430.0,320.0,320.0,759.0,3100.0,399.0,2500.0
2013-07-05,2330.0,363.0,1440.0,2400.0,285.0,275.0,480.0,2480.0,264.0,1540.0
2013-07-06,1780.0,220.0,1170.0,1780.0,247.0,173.0,340.0,2250.0,215.0,979.0
2013-07-07,1430.0,151.0,986.0,1400.0,216.0,132.0,261.0,1640.0,166.0,712.0
2013-07-08,1390.0,138.0,953.0,1540.0,202.0,283.0,228.0,1230.0,184.0,577.0
2013-07-09,2050.0,329.0,1380.0,1480.0,196.0,395.0,233.0,961.0,183.0,
2013-07-10,1680.0,339.0,1190.0,1180.0,183.0,280.0,280.0,807.0,177.0,501.0
2013-07-11,3180.0,416.0,2340.0,1510.0,187.0,856.0,289.0,713.0,269.0,594.0
2013-07-12,2510.0,276.0,1780.0,1620.0,193.0,414.0,264.0,649.0,171.0,541.0
2013-07-13,1680.0,173.0,1250.0,1080.0,212.0,221.0,175.0,544.0,127.0,
2013-07-14,1320.0,138.0,1040.0,852.0,210.0,164.0,141.0,462.0,105.0,354.0
2013-07-15,1110.0,115.0,909.0,715.0,,130.0,120.0,398.0,89.5,309.0
2013-07-16,920.0,94.6,798.0,611.0,166.0,105.0,104.0,347.0,77.0,258.0
2013-07-17,779.0,80.4,716.0,532.0,145.0,92.8,93.6,323.0,68.2,205.0
2013-07-18,2500.0,70.9,1220.0,521.0,136.0,122.0,198.0,781.0,81.7,206.0
2013-07-19,2100.0,77.6,1100.0,821.0,147.0,97.9,373.0,1410.0,328.0,257.0
2013-07-20,1590.0,74.4,900.0,809.0,132.0,78.8,217.0,5090.0,185.0,266.0
2013-07-21,1230.0,64.0,752.0,721.0,123.0,73.1,155.0,5250.0,130.0,233.0
2013-07-22,972.0,58.6,668.0,580.0,117.0,65.7,113.0,3370.0,87.0,190.0
2013-07-23,1620.0,257.0,969.0,1580.0,170.0,135.0,110.0,2100.0,135.0,222.0
2013-07-24,2970.0,379.0,1600.0,2420.0,291.0,146.0,155.0,2030.0,204.0,398.0
2013-07-25,1780.0,202.0,991.0,1270.0,234.0,85.3,132.0,2180.0,124.0,289.0
2013-07-26,1310.0,146.0,813.0,919.0,516.0,73.0,98.9,1580.0,91.8,215.0
2013-07-27,1070.0,121.0,752.0,765.0,1330.0,69.9,88.5,1110.0,82.1,195.0
2013-07-28,885.0,93.7,664.0,644.0,882.0,59.7,77.3,848.0,67.9,179.0
2013-07-29,899.0,81.3,656.0,570.0,642.0,64.5,102.0,779.0,78.8,169.0
2013-07-30,1360.0,84.6,668.0,826.0,481.0,69.3,138.0,2560.0,160.0,183.0
2013-07-31,879.0,75.1,576.0,662.0,377.0,52.5,84.7,2550.0,85.9,180.0
2013-08-01,714.0,62.2,524.0,506.0,304.0,46.8,68.2,1720.0,64.6,153.0
2013-08-02,1080.0,74.0,684.0,611.0,275.0,70.2,64.4,1210.0,188.0,313.0
2013-08-03,929.0,66.1,639.0,1400.0,291.0,57.3,69.8,1360.0,170.0,593.0
2013-08-04,720.0,55.3,539.0,940.0,343.0,48.0,82.6,1950.0,109.0,386.0
2013-08-05,716.0,49.3,484.0,708.0,398.0,47.5,97.6,1690.0,93.1,331.0
2013-08-06,608.0,45.8,445.0,554.0,319.0,39.8,76.8,1330.0,70.1,260.0
2013-08-07,522.0,40.5,416.0,457.0,260.0,36.0,58.4,1010.0,,214.0
2013-08-08,482.0,36.7,404.0,406.0,221.0,34.1,52.9,797.0,62.4,196.0
2013-08-09,839.0,44.0,1610.0,835.0,385.0,1410.0,174.0,1100.0,481.0,635.0
2013-08-10,3130.0,70.1,2670.0,3000.0,2000.0,522.0,385.0,2000.0,366.0,1470.0
2013-08-11,1380.0,62.4,1070.0,1410.0,2020.0,175.0,138.0,2000.0,147.0,569.0
2013-08-12,941.0,45.1,754.0,929.0,1410.0,112.0,89.5,1350.0,99.6,373.0
2013-08-13,808.0,44.5,668.0,746.0,828.0,109.0,69.1,958.0,86.5,293.0
2013-08-14,1240.0,69.0,1030.0,837.0,563.0,134.0,64.4,1020.0,95.2,285.0
2013-08-15,926.0,70.6,749.0,694.0,438.0,87.7,58.4,1950.0,72.5,249.0
2013-08-16,728.0,49.4,606.0,552.0,368.0,70.8,51.0,1910.0,60.3,206.0
2013-08-17,619.0,39.5,542.0,467.0,324.0,64.4,48.1,1580.0,53.9,166.0
2013-08-18,544.0,34.5,488.0,410.0,283.0,56.8,45.6,1190.0,48.5,150.0
2013-08-19,495.0,31.1,455.0,367.0,247.0,53.5,41.7,886.0,44.7,140.0
2013-08-20,454.0,28.3,424.0,325.0,220.0,47.6,38.4,682.0,40.1,131.0
2013-08-21,416.0,26.0,392.0,292.0,199.0,43.7,35.3,557.0,36.0,122.0
2013-08-22,387.0,23.9,370.0,266.0,180.0,40.7,,481.0,32.8,115.0
2013-08-23,360.0,22.3,353.0,235.0,166.0,37.2,62.0,490.0,30.5,112.0
2013-08-24,334.0,20.9,332.0,215.0,151.0,34.0,44.2,693.0,28.3,128.0
2013-08-25,320.0,19.8,318.0,207.0,136.0,32.2,35.1,791.0,25.8,113.0
2013-08-26,317.0,20.8,312.0,196.0,128.0,34.2,32.9,598.0,26.6,107.0
2013-08-27,335.0,23.0,319.0,190.0,125.0,36.4,36.8,487.0,32.4,109.0
2013-08-28,326.0,24.2,312.0,190.0,122.0,45.2,45.6,479.0,30.3,110.0
2013-08-29,774.0,138.0,429.0,200.0,128.0,81.7,52.3,729.0,59.6,123.0
2013-08-30,529.0,132.0,408.0,238.0,152.0,60.5,,942.0,48.9,142.0
2013-08-31,424.0,78.3,361.0,307.0,172.0,58.7,62.3,878.0,84.4,177.0
2013-09-01,460.0,80.4,353.0,414.0,186.0,106.0,79.1,748.0,70.0,215.0
2013-09-02,1130.0,158.0,1180.0,1410.0,377.0,1060.0,58.3,715.0,542.0,1330.0
2013-09-03,1560.0,266.0,1230.0,3420.0,1750.0,377.0,78.0,966.0,311.0,2390.0
2013-09-04,1010.0,188.0,802.0,1610.0,3300.0,172.0,85.1,1730.0,142.0,1230.0
2013-09-05,649.0,116.0,582.0,1010.0,2900.0,110.0,70.8,1420.0,84.7,682.0
2013-09-06,528.0,78.7,494.0,714.0,1930.0,83.0,49.3,1010.0,62.0,303.0
2013-09-07,424.0,59.0,433.0,561.0,1160.0,69.2,39.5,741.0,51.6,246.0
2013-09-08,377.0,48.4,398.0,479.0,831.0,68.0,38.0,629.0,46.9,220.0
2013-09-09,360.0,41.3,384.0,429.0,796.0,64.3,46.9,630.0,46.3,198.0
2013-09-10,349.0,38.9,365.0,383.0,651.0,56.2,38.8,602.0,40.8,179.0
2013-09-11,395.0,42.5,364.0,351.0,546.0,59.2,74.9,598.0,53.7,171.0
2013-09-12,916.0,48.2,645.0,363.0,484.0,625.0,605.0,3090.0,963.0,238.0
2013-09-13,3380.0,103.0,1840.0,3190.0,450.0,989.0,1040.0,8390.0,1390.0,2850.0
2013-09-14,2570.0,138.0,1230.0,2770.0,515.0,488.0,961.0,8620.0,647.0,2470.0
2013-09-15,1670.0,100.0,858.0,1570.0,562.0,259.0,581.0,6550.0,301.0,1450.0
2013-09-16,1170.0,76.2,667.0,1020.0,538.0,170.0,351.0,4680.0,197.0,809.0
2013-09-17,942.0,75.0,569.0,779.0,462.0,131.0,324.0,3630.0,151.0,452.0
2013-09-18,764.0,74.4,503.0,640.0,398.0,107.0,208.0,2740.0,122.0,385.0
2013-09-19,646.0,61.6,456.0,550.0,347.0,91.4,156.0,2060.0,102.0,338.0
2013-09-20,558.0,51.6,421.0,487.0,309.0,79.7,125.0,1590.0,87.6,294.0
2013-09-21,494.0,44.7,391.0,440.0,279.0,73.5,105.0,1270.0,78.4,265.0
2013-09-22,981.0,55.4,679.0,434.0,296.0,261.0,383.0,1220.0,572.0,373.0
2013-09-23,1280.0,67.6,827.0,1020.0,466.0,172.0,419.0,2750.0,314.0,776.0
2013-09-24,807.0,51.9,558.0,683.0,412.0,115.0,242.0,,181.0,472.0
2013-09-25,651.0,42.4,475.0,506.0,380.0,97.2,183.0,2520.0,144.0,392.0
2013-09-26,568.0,37.1,438.0,438.0,343.0,88.3,155.0,2150.0,123.0,329.0
2013-09-27,512.0,33.8,412.0,395.0,309.0,80.2,133.0,1770.0,108.0,265.0
2013-09-28,475.0,30.7,386.0,356.0,278.0,74.8,117.0,1450.0,97.2,244.0
2013-09-29,442.0,28.4,368.0,331.0,254.0,70.0,105.0,1190.0,88.7,228.0
2013-09-30,416.0,28.4,354.0,311.0,235.0,66.5,97.2,990.0,82.6,211.0
2013-10-01,397.0,27.3,341.0,292.0,220.0,63.9,90.0,852.0,77.5,201.0
2013-10-02,375.0,31.9,329.0,274.0,206.0,60.3,83.9,746.0,72.1,191.0
2013-10-03,357.0,32.8,315.0,256.0,191.0,56.6,78.6,658.0,66.7,180.0
2013-10-04,340.0,27.2,303.0,240.0,177.0,53.9,73.4,586.0,63.0,168.0
2013-10-05,332.0,25.3,299.0,228.0,169.0,53.7,70.6,529.0,61.6,163.0
2013-10-06,328.0,24.7,294.0,221.0,160.0,54.1,67.8,483.0,59.7,159.0
2013-10-07,,32.7,340.0,229.0,157.0,83.3,84.1,467.0,88.2,168.0
2013-10-08,866.0,55.5,761.0,369.0,199.0,236.0,339.0,564.0,307.0,405.0
2013-10-09,673.0,54.9,536.0,624.0,203.0,102.0,195.0,782.0,141.0,394.0
2013-10-10,503.0,42.8,420.0,422.0,185.0,80.7,132.0,756.0,106.0,304.0
2013-10-11,434.0,37.3,374.0,,177.0,71.5,109.0,653.0,91.4,264.0
2013-10-12,399.0,34.2,349.0,312.0,168.0,66.2,96.2,568.0,82.6,239.0
2013-10-13,374.0,32.1,337.0,289.0,159.0,64.4,90.1,510.0,80.6,222.0
2013-10-14,359.0,31.4,328.0,277.0,152.0,63.2,87.7,477.0,78.6,213.0
2013-10-15,351.0,31.6,321.0,271.0,148.0,61.2,91.8,458.0,76.0,206.0
2013-10-16,366.0,31.8,312.0,266.0,145.0,59.7,,442.0,72.9,199.0
2013-10-17,356.0,32.8,308.0,258.0,149.0,58.5,86.3,438.0,71.7,193.0
2013-10-18,490.0,36.3,356.0,260.0,155.0,95.7,145.0,482.0,112.0,206.0
2013-10-19,658.0,42.3,429.0,309.0,164.0,84.9,185.0,707.0,111.0,248.0
2013-10-20,508.0,40.2,354.0,325.0,158.0,69.1,132.0,1010.0,86.2,229.0
2013-10-21,457.0,36.4,332.0,278.0,149.0,62.6,115.0,1020.0,75.4,207.0
2013-10-22,444.0,32.8,317.0,255.0,142.0,59.7,104.0,928.0,71.9,197.0
2013-10-23,417.0,31.7,314.0,246.0,141.0,59.1,134.0,871.0,81.2,198.0
2013-10-24,396.0,30.4,305.0,256.0,139.0,55.8,119.0,881.0,73.1,197.0
2013-10-25,372.0,29.2,296.0,245.0,134.0,53.5,102.0,791.0,67.5,189.0
2013-10-26,358.0,28.2,290.0,232.0,130.0,52.0,94.7,716.0,64.5,180.0
2013-10-27,345.0,28.2,287.0,224.0,133.0,52.0,94.6,677.0,64.4,177.0
2013-10-28,334.0,27.8,283.0,220.0,135.0,50.8,95.1,822.0,62.7,175.0
2013-10-29,325.0,27.2,279.0,215.0,131.0,49.5,92.5,977.0,60.3,170.0
2013-10-30,318.0,26.8,274.0,209.0,129.0,48.0,84.2,918.0,58.5,167.0
2013-10-31,317.0,27.4,274.0,213.0,129.0,49.0,88.6,815.0,60.9,171.0
2013-11-01,2280.0,48.5,1700.0,386.0,210.0,446.0,656.0,1660.0,449.0,390.0
2013-11-02,3170.0,87.9,2050.0,1220.0,323.0,260.0,565.0,4850.0,334.0,990.0
2013-11-03,1520.0,73.8,1000.0,763.0,335.0,130.0,297.0,3860.0,168.0,625.0
2013-11-04,1070.0,54.7,764.0,518.0,312.0,95.4,208.0,2700.0,123.0,468.0
2013-11-05,876.0,45.5,646.0,416.0,272.0,82.8,166.0,1960.0,105.0,364.0
2013-11-06,787.0,42.3,571.0,367.0,241.0,78.6,159.0,1570.0,99.9,267.0
2013-11-07,757.0,45.2,545.0,353.0,226.0,78.5,199.0,1600.0,109.0,269.0
2013-11-08,1020.0,49.4,586.0,370.0,238.0,76.6,338.0,2950.0,135.0,292.0
2013-11-09,814.0,44.6,527.0,373.0,225.0,67.9,220.0,2630.0,105.0,278.0
2013-11-10,733.0,42.7,486.0,336.0,211.0,66.6,182.0,2110.0,100.0,257.0
2013-11-11,767.0,42.7,484.0,326.0,214.0,68.2,210.0,1770.0,107.0,255.0
2013-11-12,739.0,45.3,464.0,325.0,210.0,65.3,189.0,1550.0,99.2,250.0
2013-11-13,646.0,41.6,457.0,308.0,199.0,54.6,148.0,1180.0,79.9,227.0
2013-11-14,592.0,37.9,428.0,274.0,188.0,58.6,146.0,1090.0,83.8,200.0
2013-11-15,575.0,36.6,411.0,272.0,182.0,56.6,147.0,1290.0,82.3,212.0
2013-11-16,550.0,36.0,399.0,277.0,175.0,56.9,146.0,1220.0,83.7,211.0
2013-11-17,551.0,35.8,394.0,275.0,170.0,56.9,155.0,1250.0,87.9,222.0
2013-11-18,2000.0,60.3,1300.0,366.0,265.0,354.0,657.0,2110.0,567.0,720.0
2013-11-19,2390.0,86.3,1470.0,1550.0,479.0,203.0,665.0,7260.0,329.0,1130.0
2013-11-20,1350.0,72.8,881.0,848.0,428.0,113.0,303.0,6020.0,180.0,693.0
2013-11-21,1030.0,57.4,701.0,567.0,368.0,93.8,206.0,3900.0,134.0,480.0
2013-11-22,943.0,52.3,653.0,482.0,321.0,86.6,224.0,2920.0,133.0,314.0
2013-11-23,905.0,54.7,621.0,450.0,287.0,81.2,213.0,2280.0,127.0,308.0
2013-11-24,750.0,51.0,557.0,431.0,252.0,70.0,145.0,1740.0,91.6,296.0
2013-11-25,610.0,38.2,495.0,298.0,191.0,62.5,115.0,839.0,85.5,282.0
2013-11-26,710.0,49.0,529.0,370.0,212.0,66.7,170.0,1050.0,122.0,277.0
2013-11-27,3200.0,209.0,2740.0,1500.0,824.0,818.0,442.0,1460.0,918.0,1400.0
2013-11-28,5430.0,422.0,3950.0,5780.0,2650.0,619.0,827.0,2890.0,784.0,3800.0
2013-11-29,2100.0,232.0,1850.0,2240.0,2330.0,211.0,360.0,4520.0,252.0,1990.0
2013-11-30,1300.0,162.0,1420.0,1330.0,1730.0,152.0,219.0,3790.0,143.0,967.0
2013-12-01,1450.0,135.0,1210.0,1170.0,1120.0,153.0,217.0,3030.0,149.0,448.0
2013-12-02,1300.0,114.0,1100.0,1010.0,926.0,143.0,217.0,2490.0,149.0,465.0
2013-12-03,1140.0,96.9,988.0,973.0,902.0,127.0,212.0,2150.0,146.0,637.0
2013-12-04,1010.0,86.8,890.0,1030.0,802.0,110.0,191.0,1890.0,136.0,657.0
2013-12-05,915.0,78.0,818.0,888.0,683.0,99.6,169.0,1710.0,124.0,442.0
2013-12-06,1060.0,81.1,937.0,865.0,629.0,162.0,219.0,1660.0,182.0,544.0
2013-12-07,1410.0,99.7,1090.0,1180.0,623.0,149.0,231.0,1550.0,170.0,654.0
2013-12-08,1020.0,87.4,814.0,968.0,543.0,96.5,150.0,1390.0,118.0,563.0
2013-12-09,880.0,73.0,737.0,725.0,451.0,91.6,131.0,1250.0,117.0,486.0
2013-12-10,820.0,70.0,725.0,695.0,403.0,86.9,140.0,1130.0,113.0,439.0
2013-12-11,680.0,60.0,661.0,673.0,356.0,86.9,127.0,1060.0,102.0,393.0
2013-12-12,590.0,49.1,663.0,625.0,304.0,77.7,117.0,1000.0,90.7,346.0
2013-12-13,490.0,,581.0,571.0,268.0,70.0,111.0,958.0,85.2,310.0
2013-12-14,470.0,38.1,470.0,537.0,240.0,63.4,106.0,919.0,82.5,296.0
2013-12-15,490.0,40.8,478.0,513.0,229.0,62.1,106.0,889.0,82.5,277.0
2013-12-16,570.0,46.0,575.0,498.0,224.0,67.6,106.0,865.0,82.7,267.0
2013-12-17,540.0,48.2,523.0,494.0,219.0,63.7,106.0,844.0,79.1,265.0
2013-12-18,570.0,50.3,599.0,504.0,216.0,,101.0,834.0,75.0,275.0
2013-12-19,610.0,51.0,608.0,502.0,211.0,65.9,97.5,820.0,71.2,272.0
2013-12-20,630.0,50.9,603.0,498.0,207.0,64.7,95.1,810.0,68.1,265.0
2013-12-21,630.0,53.1,579.0,490.0,202.0,63.8,92.7,804.0,65.1,259.0
2013-12-22,1100.0,80.4,1040.0,483.0,233.0,154.0,179.0,800.0,162.0,293.0
2013-12-23,2000.0,126.0,1420.0,625.0,256.0,175.0,182.0,787.0,184.0,366.0
2013-12-24,1800.0,150.0,1130.0,641.0,268.0,131.0,145.0,774.0,128.0,373.0
2013-12-25,1100.0,131.0,590.0,569.0,253.0,85.0,123.0,765.0,99.6,323.0
2013-12-26,860.0,98.4,,517.0,236.0,70.3,115.0,751.0,91.0,277.0
2013-12-27,930.0,89.8,581.0,478.0,226.0,67.6,109.0,742.0,84.5,267.0
2013-12-28,830.0,80.3,584.0,,218.0,67.2,104.0,736.0,79.7,262.0
2013-12-29,810.0,73.6,567.0,465.0,213.0,69.0,101.0,727.0,77.0,252.0
2013-12-30,780.0,73.5,545.0,476.0,208.0,67.0,104.0,718.0,79.1,267.0
2013-12-31,590.0,71.0,365.0,469.0,204.0,61.5,99.0,713.0,73.0,247.0
2014-01-01,550.0,62.8,407.0,439.0,201.0,58.3,95.8,701.0,68.7,230.0
2014-01-02,570.0,57.6,357.0,413.0,199.0,,92.7,693.0,66.1,221.0
2014-01-03,520.0,56.6,357.0,395.0,197.0,55.7,89.7,684.0,63.3,213.0
2014-01-04,480.0,57.0,360.0,384.0,196.0,54.1,88.3,679.0,62.2,206.0
2014-01-05,520.0,55.9,429.0,377.0,194.0,53.1,88.3,673.0,61.6,198.0
2014-01-06,1100.0,75.0,833.0,531.0,316.0,301.0,153.0,679.0,107.0,262.0
2014-01-07,2600.0,185.0,1850.0,1820.0,1130.0,236.0,299.0,731.0,276.0,948.0
2014-01-08,1700.0,198.0,886.0,2240.0,1190.0,146.0,248.0,908.0,199.0,913.0
2014-01-09,,152.0,780.0,1710.0,1130.0,126.0,210.0,1270.0,168.0,768.0
2014-01-10,990.0,123.0,748.0,1310.0,978.0,143.0,185.0,1440.0,150.0,689.0
2014-01-11,1400.0,109.0,1060.0,1120.0,841.0,338.0,171.0,1350.0,136.0,750.0
2014-01-12,11000.0,343.0,7190.0,1910.0,1800.0,790.0,522.0,1570.0,425.0,1080.0
2014-01-13,4950.0,520.0,3480.0,2820.0,2220.0,378.0,376.0,2480.0,294.0,1200.0
2014-01-14,3100.0,425.0,2400.0,2220.0,2060.0,301.0,281.0,3070.0,235.0,909.0
2014-01-15,3800.0,450.0,2780.0,3030.0,2980.0,456.0,411.0,3110.0,363.0,1100.0
2014-01-16,2900.0,472.0,2230.0,3030.0,3000.0,289.0,329.0,2910.0,260.0,1120.0
2014-01-17,2200.0,371.0,1870.0,2180.0,2530.0,214.0,254.0,2700.0,198.0,955.0
2014-01-18,1800.0,271.0,1550.0,1680.0,2010.0,171.0,206.0,2500.0,157.0,773.0
2014-01-19,1500.0,211.0,1350.0,1370.0,1550.0,147.0,178.0,2310.0,,511.0
2014-01-20,1300.0,175.0,1170.0,1190.0,1240.0,129.0,158.0,2090.0,122.0,471.0
2014-01-21,990.0,133.0,979.0,1020.0,1010.0,92.8,146.0,1910.0,113.0,423.0
2014-01-22,790.0,105.0,945.0,891.0,892.0,101.0,139.0,1730.0,106.0,370.0
2014-01-23,,86.3,782.0,787.0,784.0,92.8,131.0,1580.0,100.0,361.0
2014-01-24,670.0,78.9,765.0,729.0,685.0,86.7,126.0,1430.0,95.4,363.0
2014-01-25,720.0,80.8,758.0,691.0,611.0,82.6,121.0,1300.0,90.5,363.0
2014-01-26,750.0,79.7,810.0,660.0,541.0,83.4,118.0,1200.0,87.6,359.0
2014-01-27,720.0,82.6,789.0,621.0,482.0,80.3,114.0,1120.0,,346.0
2014-01-28,640.0,74.2,730.0,588.0,432.0,76.5,111.0,1050.0,82.9,322.0
2014-01-29,620.0,68.7,696.0,546.0,389.0,72.2,110.0,999.0,82.1,297.0
2014-01-30,600.0,65.5,696.0,518.0,353.0,69.4,108.0,954.0,81.3,279.0
2014-01-31,610.0,65.7,724.0,505.0,324.0,69.4,108.0,918.0,80.9,279.0
2014-02-01,620.0,66.8,658.0,493.0,,68.1,106.0,891.0,79.5,282.0
2014-02-02,610.0,69.2,601.0,480.0,305.0,70.8,107.0,877.0,78.8,292.0
2014-02-03,600.0,69.1,574.0,485.0,312.0,68.1,105.0,867.0,76.3,283.0
2014-02-04,540.0,64.9,557.0,476.0,292.0,63.7,103.0,857.0,74.7,267.0
2014-02-05,540.0,63.0,524.0,459.0,276.0,59.5,100.0,841.0,73.0,260.0
2014-02-06,500.0,62.5,514.0,459.0,262.0,57.8,98.7,815.0,70.9,264.0
2014-02-07,,59.9,546.0,459.0,250.0,57.1,95.4,793.0,68.8,259.0
2014-02-08,470.0,58.6,532.0,451.0,239.0,55.5,93.1,775.0,67.0,250.0
2014-02-09,490.0,58.6,472.0,435.0,229.0,53.0,90.0,757.0,64.1,244.0
2014-02-10,470.0,57.9,422.0,427.0,220.0,50.5,86.3,742.0,60.8,237.0
2014-02-11,460.0,55.4,405.0,415.0,212.0,49.1,84.8,718.0,58.1,232.0
2014-02-12,450.0,54.8,378.0,408.0,205.0,47.2,81.4,707.0,55.8,228.0
2014-02-13,450.0,54.9,360.0,397.0,199.0,45.8,81.4,691.0,54.1,226.0
2014-02-14,,56.0,408.0,412.0,250.0,52.0,85.6,683.0,54.1,235.0
2014-02-15,490.0,62.7,419.0,435.0,411.0,52.5,87.0,677.0,54.1,242.0
2014-02-16,460.0,60.7,402.0,447.0,396.0,51.0,84.8,667.0,53.0,242.0
2014-02-17,430.0,56.9,371.0,419.0,364.0,49.1,81.3,654.0,52.4,224.0
2014-02-18,430.0,53.9,360.0,397.0,,46.3,78.6,631.0,,216.0
2014-02-19,450.0,54.1,414.0,387.0,315.0,49.1,78.0,611.0,50.0,214.0
2014-02-20,450.0,54.8,435.0,412.0,307.0,49.1,78.6,599.0,50.4,213.0
2014-02-21,490.0,63.0,427.0,412.0,295.0,55.9,82.0,597.0,51.7,
2014-02-22,530.0,140.0,488.0,537.0,454.0,76.9,95.4,594.0,65.6,282.0
2014-02-23,560.0,166.0,480.0,682.0,566.0,62.8,96.2,587.0,66.7,350.0
2014-02-24,520.0,155.0,431.0,700.0,530.0,54.8,89.6,572.0,59.0,353.0
2014-02-25,460.0,129.0,376.0,601.0,459.0,49.8,85.2,554.0,53.4,302.0
2014-02-26,420.0,107.0,345.0,531.0,397.0,47.4,80.3,530.0,50.0,268.0
2014-02-27,410.0,90.6,346.0,469.0,348.0,45.6,76.3,504.0,48.0,249.0
2014-02-28,400.0,80.4,344.0,425.0,311.0,44.3,75.0,483.0,46.4,233.0
2014-03-01,390.0,71.5,323.0,395.0,285.0,43.1,72.5,463.0,44.9,214.0
2014-03-02,385.0,67.5,351.0,377.0,265.0,44.5,69.5,442.0,43.4,205.0
2014-03-03,370.0,64.0,308.0,372.0,245.0,42.9,67.2,422.0,42.4,202.0
2014-03-04,360.0,57.8,308.0,354.0,234.0,42.9,64.1,403.0,41.0,191.0
2014-03-05,350.0,55.5,326.0,338.0,221.0,43.4,61.5,387.0,40.0,190.0
2014-03-06,340.0,53.7,304.0,338.0,215.0,42.9,59.0,371.0,38.7,189.0
2014-03-07,340.0,51.7,310.0,329.0,209.0,43.4,57.5,356.0,38.1,188.0
2014-03-08,350.0,51.2,313.0,329.0,206.0,45.2,57.0,342.0,38.5,195.0
2014-03-09,350.0,52.9,308.0,338.0,201.0,44.7,56.1,328.0,38.8,199.0
2014-03-10,350.0,53.0,301.0,340.0,194.0,42.7,56.6,311.0,38.5,195.0
2014-03-11,360.0,54.1,299.0,344.0,194.0,41.4,56.6,301.0,37.8,196.0
2014-03-12,380.0,64.4,291.0,346.0,206.0,41.4,57.0,291.0,38.1,201.0
2014-03-13,430.0,139.0,297.0,387.0,447.0,41.2,56.6,284.0,38.1,230.0
2014-03-14,420.0,148.0,284.0,420.0,464.0,40.0,56.1,277.0,38.1,233.0
2014-03-15,410.0,147.0,310.0,456.0,409.0,41.5,57.5,274.0,39.4,237.0
2014-03-16,410.0,126.0,308.0,468.0,435.0,41.5,60.0,272.0,44.2,246.0
2014-03-17,400.0,112.0,261.0,464.0,381.0,38.5,61.5,270.0,41.8,239.0
2014-03-18,390.0,96.2,290.0,428.0,342.0,37.2,61.5,267.0,39.7,226.0
2014-03-19,390.0,87.2,290.0,402.0,313.0,36.2,61.5,268.0,39.4,221.0
2014-03-20,400.0,83.8,298.0,420.0,441.0,36.6,60.5,270.0,40.5,234.0
2014-03-21,410.0,89.1,316.0,504.0,839.0,39.7,60.5,278.0,41.7,255.0
2014-03-22,400.0,83.4,292.0,511.0,737.0,37.4,62.5,278.0,39.4,252.0
2014-03-23,390.0,78.4,289.0,473.0,566.0,35.9,62.0,274.0,38.8,237.0
2014-03-24,380.0,71.5,274.0,436.0,477.0,34.2,61.0,271.0,37.8,230.0
2014-03-25,370.0,69.0,274.0,,399.0,33.0,61.5,267.0,37.2,227.0
2014-03-26,360.0,68.1,278.0,398.0,347.0,32.0,60.0,265.0,37.8,226.0
2014-03-27,350.0,65.0,290.0,402.0,319.0,31.1,59.5,263.0,36.3,220.0
2014-03-28,380.0,63.4,291.0,408.0,308.0,31.2,58.5,260.0,36.6,215.0
2014-03-29,470.0,76.3,316.0,460.0,456.0,65.5,66.6,259.0,42.5,236.0
2014-03-30,1000.0,243.0,542.0,626.0,1340.0,147.0,89.6,263.0,65.4,401.0
2014-03-31,1850.0,671.0,708.0,783.0,3140.0,129.0,187.0,269.0,77.0,409.0
2014-04-01,1850.0,723.0,640.0,794.0,2310.0,85.9,127.0,275.0,53.9,410.0
2014-04-02,1700.0,718.0,702.0,727.0,1970.0,123.0,111.0,290.0,66.9,384.0
2014-04-03,1700.0,633.0,681.0,674.0,1690.0,95.4,155.0,307.0,57.8,392.0
2014-04-04,1750.0,602.0,703.0,658.0,1410.0,87.2,142.0,318.0,58.2,385.0
2014-04-05,2050.0,713.0,828.0,746.0,1580.0,137.0,109.0,347.0,80.5,415.0
2014-04-06,2200.0,733.0,953.0,958.0,1880.0,152.0,148.0,380.0,107.0,471.0
2014-04-07,2300.0,645.0,986.0,1130.0,1850.0,131.0,157.0,419.0,131.0,534.0
2014-04-08,5060.0,969.0,2440.0,2160.0,2570.0,,455.0,479.0,439.0,823.0
2014-04-09,6440.0,1150.0,3540.0,4410.0,3590.0,862.0,1080.0,573.0,569.0,2260.0
2014-04-10,4330.0,1010.0,2520.0,4910.0,3250.0,388.0,984.0,721.0,421.0,2770.0
2014-04-11,4970.0,962.0,2740.0,4780.0,2800.0,700.0,721.0,951.0,385.0,2650.0
2014-04-12,6970.0,1080.0,3870.0,6360.0,2540.0,869.0,692.0,1360.0,710.0,
2014-04-13,7120.0,1130.0,3920.0,6690.0,2380.0,677.0,721.0,2120.0,568.0,5260.0
2014-04-14,7110.0,1110.0,3950.0,5320.0,2270.0,1230.0,672.0,4070.0,644.0,4070.0
2014-04-15,14900.0,1180.0,12300.0,11200.0,2220.0,5190.0,4100.0,8530.0,3930.0,8380.0
2014-04-16,20300.0,1290.0,17600.0,18300.0,3680.0,2240.0,6260.0,16100.0,3380.0,12300.0
2014-04-17,7240.0,1010.0,5130.0,7920.0,4390.0,564.0,2110.0,21300.0,928.0,5320.0
2014-04-18,4770.0,669.0,3470.0,4810.0,3340.0,381.0,1080.0,23300.0,583.0,3430.0
2014-04-19,3840.0,464.0,2760.0,4210.0,2270.0,351.0,851.0,19700.0,509.0,2890.0
2014-04-20,3280.0,366.0,2480.0,3960.0,1690.0,366.0,739.0,16300.0,506.0,2640.0
2014-04-21,3020.0,310.0,2420.0,4070.0,1370.0,494.0,1060.0,13800.0,686.0,2910.0
2014-04-22,3530.0,277.0,3180.0,4750.0,1160.0,960.0,1980.0,13400.0,1270.0,3820.0
2014-04-23,4490.0,257.0,4010.0,5960.0,1060.0,926.0,2840.0,15500.0,1360.0,4930.0
2014-04-24,3340.0,225.0,3110.0,5150.0,1210.0,578.0,1890.0,16800.0,912.0,4260.0
2014-04-25,2480.0,190.0,2350.0,3740.0,1260.0,423.0,1150.0,16100.0,693.0,3290.0
2014-04-26,2290.0,178.0,2210.0,3380.0,1180.0,440.0,1320.0,15000.0,752.0,3080.0
2014-04-27,2440.0,230.0,2220.0,3650.0,1180.0,435.0,1370.0,13300.0,834.0,3190.0
2014-04-28,2380.0,227.0,2060.0,3230.0,1130.0,445.0,1360.0,12800.0,740.0,2960.0
2014-04-29,2160.0,188.0,1960.0,2680.0,1000.0,401.0,1330.0,13100.0,663.0,
2014-04-30,1980.0,167.0,,2400.0,870.0,324.0,1420.0,13800.0,617.0,2210.0
2014-05-01,3030.0,324.0,2660.0,3430.0,913.0,621.0,2500.0,15600.0,1220.0,3210.0
2014-05-02,4350.0,370.0,3570.0,4480.0,1300.0,734.0,3170.0,20200.0,1190.0,3610.0
2014-05-03,3130.0,279.0,2580.0,3170.0,1230.0,485.0,2040.0,19900.0,837.0,2820.0
2014-05-04,3370.0,233.0,2670.0,2700.0,1060.0,711.0,2550.0,17400.0,1090.0,2470.0
2014-05-05,5280.0,204.0,3070.0,3020.0,952.0,531.0,2520.0,16100.0,879.0,2360.0
2014-05-06,3750.0,180.0,2440.0,2330.0,831.0,371.0,1560.0,14900.0,652.0,1900.0
2014-05-07,2750.0,153.0,1940.0,1890.0,722.0,298.0,1050.0,12500.0,492.0,1570.0
2014-05-08,2360.0,138.0,1790.0,1600.0,625.0,268.0,886.0,10400.0,444.0,1340.0
2014-05-09,2180.0,127.0,1750.0,1420.0,548.0,247.0,770.0,8460.0,396.0,1160.0
2014-05-10,2670.0,122.0,2070.0,1340.0,510.0,385.0,1080.0,7470.0,490.0,1180.0
2014-05-11,3490.0,118.0,2640.0,1690.0,546.0,362.0,1280.0,8740.0,557.0,1380.0
2014-05-12,2550.0,105.0,2020.0,1400.0,512.0,268.0,807.0,7680.0,406.0,982.0
2014-05-13,2300.0,96.6,1880.0,1150.0,464.0,229.0,624.0,5930.0,333.0,857.0
2014-05-14,1830.0,91.6,1500.0,985.0,414.0,192.0,526.0,4690.0,275.0,720.0
2014-05-15,1750.0,86.6,1490.0,878.0,383.0,202.0,457.0,4050.0,256.0,720.0
2014-05-16,1950.0,,1660.0,832.0,363.0,305.0,423.0,3550.0,288.0,900.0
2014-05-17,9220.0,450.0,8390.0,4530.0,356.0,2840.0,1100.0,3250.0,3170.0,7100.0
2014-05-18,6280.0,575.0,4400.0,8580.0,436.0,689.0,1240.0,6960.0,993.0,5560.0
2014-05-19,3380.0,357.0,2580.0,3150.0,528.0,377.0,,5870.0,534.0,3100.0
2014-05-20,2670.0,236.0,2410.0,2750.0,835.0,403.0,701.0,4340.0,476.0,2520.0
2014-05-21,2040.0,168.0,1900.0,2050.0,,264.0,478.0,3320.0,340.0,1820.0
2014-05-22,1660.0,140.0,1540.0,1580.0,724.0,214.0,381.0,2840.0,275.0,1360.0
2014-05-23,1730.0,212.0,1550.0,1320.0,609.0,265.0,361.0,3210.0,239.0,1110.0
2014-05-24,1870.0,252.0,1980.0,1190.0,518.0,373.0,337.0,2940.0,285.0,928.0
2014-05-25,1860.0,217.0,1730.0,1140.0,452.0,288.0,323.0,2320.0,283.0,670.0
2014-05-26,1540.0,170.0,1380.0,1060.0,402.0,220.0,286.0,1880.0,224.0,611.0
2014-05-27,1560.0,142.0,1390.0,1140.0,366.0,359.0,1340.0,1620.0,606.0,750.0
2014-05-28,1870.0,147.0,2390.0,2880.0,339.0,930.0,2440.0,1680.0,,1870.0
2014-05-29,1630.0,137.0,1820.0,2500.0,315.0,432.0,977.0,2410.0,520.0,1800.0
2014-05-30,1340.0,117.0,1400.0,1600.0,292.0,277.0,628.0,2260.0,339.0,
2014-05-31,1410.0,118.0,1330.0,1460.0,269.0,299.0,574.0,2350.0,319.0,1150.0
2014-06-01,1240.0,113.0,1160.0,1260.0,246.0,211.0,417.0,2320.0,231.0,900.0
2014-06-02,1060.0,96.2,1010.0,998.0,229.0,166.0,324.0,1860.0,186.0,618.0
2014-06-03,950.0,84.1,902.0,822.0,215.0,136.0,262.0,1490.0,157.0,534.0
2014-06-04,847.0,75.0,826.0,728.0,203.0,118.0,215.0,1270.0,142.0,486.0
2014-06-05,796.0,70.1,795.0,731.0,211.0,114.0,230.0,1550.0,148.0,513.0
2014-06-06,775.0,66.5,754.0,707.0,386.0,105.0,235.0,2330.0,129.0,483.0
2014-06-07,723.0,59.3,696.0,627.0,474.0,91.1,206.0,2440.0,108.0,443.0
2014-06-08,662.0,51.8,637.0,559.0,404.0,79.8,163.0,1810.0,,397.0
2014-06-09,609.0,46.4,588.0,494.0,339.0,73.9,135.0,1350.0,80.2,347.0
2014-06-10,573.0,43.5,559.0,440.0,285.0,70.8,117.0,1030.0,74.5,308.0
2014-06-11,555.0,40.7,542.0,409.0,246.0,67.1,109.0,848.0,71.4,285.0
2014-06-12,563.0,46.5,527.0,391.0,216.0,83.8,134.0,846.0,78.2,272.0
2014-06-13,1470.0,109.0,1270.0,632.0,201.0,462.0,833.0,2100.0,521.0,642.0
2014-06-14,2550.0,212.0,2050.0,2980.0,503.0,465.0,825.0,7130.0,521.0,
2014-06-15,1580.0,170.0,1220.0,1880.0,540.0,190.0,481.0,7310.0,243.0,1720.0
2014-06-16,1080.0,103.0,902.0,1140.0,409.0,120.0,285.0,5650.0,153.0,1180.0
2014-06-17,853.0,76.3,739.0,810.0,318.0,91.9,196.0,3810.0,110.0,555.0
2014-06-18,797.0,69.1,708.0,814.0,332.0,109.0,407.0,2680.0,220.0,
2014-06-19,795.0,63.3,711.0,1270.0,401.0,93.6,485.0,2700.0,167.0,968.0
2014-06-20,661.0,50.8,591.0,784.0,353.0,73.2,249.0,2490.0,109.0,620.0
2014-06-21,587.0,42.2,532.0,566.0,296.0,66.6,182.0,1860.0,89.1,469.0
2014-06-22,540.0,37.4,494.0,469.0,250.0,,153.0,1450.0,78.2,384.0
2014-06-23,508.0,34.0,467.0,412.0,,57.0,130.0,1170.0,70.0,335.0
2014-06-24,480.0,31.3,440.0,371.0,191.0,53.0,113.0,967.0,62.6,294.0
2014-06-25,483.0,36.5,439.0,351.0,179.0,208.0,204.0,1760.0,70.8,286.0
2014-06-26,12300.0,184.0,7380.0,2750.0,367.0,2900.0,1330.0,3900.0,686.0,3240.0
2014-06-27,5830.0,172.0,3080.0,2670.0,667.0,493.0,590.0,3150.0,267.0,2490.0
2014-06-28,2790.0,102.0,1710.0,1180.0,529.0,233.0,281.0,2130.0,139.0,1520.0
2014-06-29,1680.0,71.7,1230.0,774.0,409.0,155.0,193.0,1460.0,98.0,816.0
2014-06-30,1240.0,54.1,994.0,590.0,316.0,120.0,159.0,1070.0,78.4,461.0
2014-07-01,1010.0,44.3,849.0,489.0,254.0,101.0,140.0,829.0,68.1,390.0
2014-07-02,866.0,38.4,757.0,474.0,213.0,89.3,118.0,685.0,60.0,342.0
2014-07-03,1180.0,43.5,1660.0,1230.0,186.0,190.0,110.0,567.0,93.7,343.0
2014-07-04,3000.0,100.0,1850.0,1360.0,169.0,321.0,965.0,553.0,377.0,908.0
2014-07-05,2300.0,142.0,1810.0,4760.0,909.0,608.0,641.0,1120.0,1360.0,3730.0
2014-07-06,1470.0,101.0,1260.0,3470.0,1910.0,221.0,349.0,1900.0,381.0,2660.0
2014-07-07,1100.0,72.9,944.0,1790.0,1580.0,136.0,211.0,1790.0,200.0,1430.0
2014-07-08,1020.0,74.2,851.0,1290.0,1110.0,127.0,223.0,1400.0,154.0,755.0
2014-07-09,1160.0,86.7,833.0,1060.0,708.0,141.0,205.0,1200.0,143.0,534.0
2014-07-10,1080.0,101.0,742.0,856.0,506.0,97.3,196.0,942.0,109.0,455.0
2014-07-11,844.0,81.1,635.0,674.0,390.0,79.3,148.0,726.0,85.7,377.0
2014-07-12,727.0,58.6,579.0,550.0,319.0,71.6,116.0,577.0,73.8,328.0
2014-07-13,,47.2,535.0,467.0,272.0,65.6,102.0,488.0,72.6,273.0
2014-07-14,695.0,40.9,590.0,455.0,243.0,75.2,180.0,422.0,138.0,320.0
2014-07-15,679.0,36.8,548.0,533.0,262.0,74.3,116.0,388.0,117.0,358.0
2014-07-16,910.0,74.7,849.0,2580.0,467.0,224.0,347.0,386.0,321.0,693.0
2014-07-17,1100.0,97.4,902.0,2030.0,1040.0,161.0,290.0,549.0,199.0,894.0
2014-07-18,765.0,66.1,634.0,1260.0,1060.0,90.1,146.0,593.0,,634.0
2014-07-19,632.0,49.1,525.0,862.0,822.0,70.9,105.0,501.0,85.5,452.0
2014-07-20,570.0,42.6,481.0,674.0,574.0,64.6,88.1,395.0,75.0,322.0
2014-07-21,529.0,37.5,456.0,559.0,433.0,61.5,77.2,322.0,69.8,293.0
2014-07-22,490.0,32.9,422.0,476.0,345.0,53.9,69.7,272.0,61.1,268.0
2014-07-23,470.0,31.6,402.0,431.0,291.0,51.6,141.0,241.0,59.5,245.0
2014-07-24,946.0,61.7,660.0,656.0,278.0,,553.0,227.0,166.0,406.0
2014-07-25,760.0,66.0,551.0,617.0,272.0,64.6,184.0,219.0,85.4,359.0
2014-07-26,563.0,46.5,431.0,447.0,233.0,49.8,113.0,203.0,62.8,276.0
2014-07-27,526.0,50.4,397.0,380.0,208.0,46.7,98.2,187.0,64.3,240.0
2014-07-28,3340.0,293.0,1360.0,445.0,200.0,621.0,433.0,229.0,243.0,279.0
2014-07-29,7520.0,447.0,3660.0,3460.0,220.0,596.0,1200.0,1560.0,431.0,1570.0
2014-07-30,2700.0,251.0,1440.0,1540.0,217.0,,431.0,4110.0,159.0,934.0
2014-07-31,1600.0,145.0,966.0,1030.0,196.0,121.0,255.0,3090.0,110.0,625.0
2014-08-01,1300.0,104.0,793.0,1440.0,176.0,109.0,199.0,2040.0,101.0,839.0
2014-08-02,1050.0,83.0,679.0,1070.0,161.0,82.1,156.0,1440.0,79.1,519.0
2014-08-03,876.0,69.1,606.0,770.0,149.0,73.9,147.0,1050.0,67.8,405.0
2014-08-04,778.0,58.6,556.0,620.0,139.0,68.7,726.0,888.0,61.6,353.0
2014-08-05,694.0,51.5,542.0,534.0,130.0,67.9,434.0,699.0,63.8,326.0
2014-08-06,637.0,49.3,508.0,486.0,167.0,62.5,264.0,556.0,117.0,344.0
2014-08-07,563.0,41.1,473.0,762.0,224.0,55.0,187.0,,81.5,305.0
2014-08-08,575.0,36.1,433.0,735.0,211.0,56.3,179.0,566.0,72.4,336.0
2014-08-09,525.0,31.7,398.0,617.0,204.0,47.1,146.0,525.0,57.6,380.0
2014-08-10,468.0,28.6,370.0,533.0,156.0,42.0,119.0,448.0,48.9,322.0
2014-08-11,465.0,26.8,393.0,450.0,131.0,40.9,108.0,374.0,49.4,280.0
2014-08-12,432.0,24.1,377.0,434.0,114.0,39.4,93.9,343.0,44.0,263.0
2014-08-13,1120.0,340.0,643.0,407.0,109.0,451.0,111.0,339.0,81.1,244.0
2014-08-14,5780.0,684.0,5090.0,5630.0,168.0,1500.0,1060.0,377.0,934.0,3830.0
2014-08-15,1920.0,357.0,1710.0,3180.0,221.0,276.0,469.0,1040.0,265.0,2680.0
2014-08-16,1230.0,184.0,1100.0,1720.0,183.0,157.0,252.0,1360.0,145.0,1450.0
2014-08-17,993.0,125.0,885.0,1280.0,161.0,124.0,284.0,1100.0,118.0,960.0
2014-08-18,908.0,97.8,824.0,1070.0,148.0,128.0,443.0,1030.0,121.0,759.0
2014-08-19,811.0,78.3,759.0,875.0,133.0,99.1,328.0,1180.0,97.9,513.0
2014-08-20,677.0,64.5,631.0,711.0,121.0,79.5,208.0,1060.0,75.3,434.0
2014-08-21,590.0,55.2,560.0,585.0,111.0,69.7,158.0,820.0,63.4,373.0
2014-08-22,562.0,307.0,524.0,498.0,105.0,65.5,132.0,641.0,58.2,392.0
2014-08-23,577.0,328.0,529.0,450.0,101.0,70.1,122.0,524.0,57.7,496.0
2014-08-24,547.0,197.0,493.0,419.0,94.9,62.3,108.0,443.0,51.4,444.0
2014-08-25,487.0,130.0,447.0,380.0,90.3,53.3,95.0,379.0,44.3,368.0
2014-08-26,439.0,95.6,410.0,341.0,86.1,47.7,83.0,326.0,38.9,309.0
2014-08-27,403.0,77.0,382.0,308.0,82.4,43.5,74.1,291.0,34.9,267.0
2014-08-28,374.0,68.4,356.0,274.0,79.9,39.4,67.2,257.0,31.3,235.0
2014-08-29,346.0,56.8,336.0,247.0,74.7,37.6,63.0,237.0,29.1,209.0
2014-08-30,331.0,48.7,322.0,228.0,68.9,36.0,58.0,210.0,27.0,195.0
2014-08-31,320.0,46.2,312.0,215.0,65.9,35.7,58.3,208.0,27.7,187.0
2014-09-01,330.0,,315.0,213.0,71.2,38.4,64.1,,,188.0
2014-09-02,322.0,59.1,306.0,243.0,76.2,36.4,60.2,308.0,32.1,190.0
2014-09-03,359.0,,322.0,291.0,76.9,65.2,136.0,480.0,157.0,321.0
2014-09-04,393.0,51.1,342.0,485.0,71.5,43.4,107.0,900.0,70.1,312.0
2014-09-05,324.0,44.3,291.0,339.0,67.2,35.3,67.9,1040.0,44.1,227.0
2014-09-06,301.0,39.0,279.0,268.0,68.7,,56.0,779.0,35.7,194.0
2014-09-07,393.0,35.7,314.0,243.0,84.2,36.1,59.7,850.0,33.6,179.0
2014-09-08,364.0,32.1,287.0,219.0,75.6,30.8,58.6,977.0,29.3,167.0
2014-09-09,306.0,29.7,263.0,198.0,67.5,28.1,48.2,758.0,26.2,157.0
2014-09-10,285.0,27.7,252.0,183.0,62.5,26.4,42.4,582.0,24.0,148.0
2014-09-11,278.0,26.7,248.0,179.0,61.0,27.8,46.3,488.0,25.7,148.0
2014-09-12,322.0,26.4,270.0,190.0,65.3,36.2,85.4,477.0,43.9,178.0
2014-09-13,308.0,25.2,255.0,205.0,62.9,28.9,64.8,578.0,33.5,174.0
2014-09-14,297.0,28.7,251.0,199.0,60.7,29.6,59.0,519.0,32.6,161.0
2014-09-15,293.0,27.9,247.0,184.0,57.4,27.4,56.5,511.0,31.2,156.0
2014-09-16,284.0,29.2,,176.0,54.0,26.6,50.2,481.0,28.0,145.0
2014-09-17,284.0,30.9,236.0,168.0,54.4,27.6,48.7,431.0,28.6,141.0
2014-09-18,272.0,28.7,229.0,163.0,53.5,25.6,,411.0,26.3,136.0
2014-09-19,254.0,25.7,219.0,157.0,50.7,23.5,41.0,401.0,23.0,129.0
2014-09-20,243.0,23.7,212.0,,49.2,22.0,38.4,395.0,21.9,124.0
2014-09-21,243.0,23.4,214.0,143.0,51.5,23.2,38.4,358.0,23.6,122.0
2014-09-22,244.0,23.2,220.0,143.0,55.1,26.1,40.1,330.0,27.0,127.0
2014-09-23,245.0,21.2,214.0,142.0,54.3,24.2,49.2,352.0,26.9,126.0
2014-09-24,234.0,20.6,204.0,140.0,53.4,21.7,47.1,387.0,23.3,117.0
2014-09-25,227.0,19.8,200.0,133.0,49.9,21.0,41.1,351.0,22.0,113.0
2014-09-26,223.0,19.0,194.0,128.0,50.3,20.7,37.3,312.0,20.7,110.0
2014-09-27,219.0,18.1,192.0,126.0,49.3,19.5,34.8,278.0,19.5,108.0
2014-09-28,214.0,17.1,187.0,122.0,48.0,18.2,,250.0,18.0,104.0
2014-09-29,210.0,16.1,182.0,116.0,46.2,17.9,31.2,227.0,17.1,100.0
2014-09-30,207.0,56.4,182.0,111.0,45.7,18.2,30.3,219.0,17.3,98.4
2014-10-01,208.0,37.6,187.0,110.0,46.2,19.4,29.9,244.0,18.5,102.0
2014-10-02,207.0,26.6,185.0,111.0,45.7,20.0,29.8,326.0,19.3,103.0
2014-10-03,207.0,21.6,184.0,112.0,46.4,19.8,29.2,300.0,18.7,99.9
2014-10-04,211.0,24.1,185.0,114.0,46.3,20.2,28.7,270.0,19.2,101.0
2014-10-05,416.0,82.4,325.0,135.0,81.1,79.2,72.9,293.0,136.0,300.0
2014-10-06,469.0,77.4,321.0,392.0,99.3,42.8,89.2,1300.0,81.5,414.0
2014-10-07,359.0,53.2,253.0,309.0,79.8,204.0,69.1,1340.0,234.0,235.0
2014-10-08,1450.0,71.3,917.0,621.0,73.0,415.0,256.0,1330.0,520.0,2430.0
2014-10-09,1460.0,91.7,835.0,955.0,87.9,143.0,285.0,3150.0,203.0,1400.0
2014-10-10,731.0,68.1,440.0,512.0,84.4,,154.0,3070.0,109.0,783.0
2014-10-11,530.0,51.2,341.0,344.0,75.8,51.8,109.0,2220.0,78.1,553.0
2014-10-12,446.0,42.9,300.0,270.0,70.1,44.1,81.6,1620.0,64.7,427.0
2014-10-13,394.0,38.0,275.0,231.0,65.1,39.4,68.6,1250.0,57.1,348.0
2014-10-14,367.0,35.3,260.0,208.0,62.9,38.0,61.7,1010.0,52.6,295.0
2014-10-15,345.0,33.6,250.0,193.0,61.5,36.5,58.1,860.0,49.9,252.0
2014-10-16,2380.0,440.0,257.0,199.0,61.7,241.0,63.3,763.0,69.2,485.0
2014-10-17,9080.0,780.0,3810.0,1590.0,447.0,1050.0,417.0,852.0,881.0,3190.0
2014-10-18,3290.0,462.0,1360.0,1990.0,725.0,218.0,334.0,3850.0,338.0,2420.0
2014-10-19,1950.0,303.0,868.0,964.0,509.0,131.0,425.0,4910.0,200.0,1410.0
2014-10-20,1410.0,192.0,666.0,656.0,379.0,92.1,235.0,4700.0,138.0,923.0
2014-10-21,1120.0,138.0,555.0,513.0,290.0,81.1,163.0,3490.0,110.0,726.0
2014-10-22,1030.0,118.0,,601.0,,1040.0,368.0,2590.0,309.0,1050.0
2014-10-23,1490.0,323.0,2670.0,,642.0,1990.0,480.0,2040.0,1080.0,3020.0
2014-10-24,2960.0,744.0,3760.0,9610.0,1730.0,1280.0,1390.0,2070.0,1880.0,9350.0
2014-10-25,2030.0,608.0,1890.0,4410.0,1570.0,454.0,668.0,4700.0,619.0,4710.0
2014-10-26,1550.0,343.0,1300.0,2480.0,1220.0,293.0,507.0,5690.0,440.0,2690.0
2014-10-27,1390.0,226.0,1070.0,1840.0,869.0,210.0,550.0,5260.0,317.0,1820.0
2014-10-28,1160.0,170.0,908.0,1390.0,624.0,167.0,486.0,4500.0,254.0,1350.0
2014-10-29,1010.0,145.0,814.0,1240.0,492.0,144.0,381.0,3660.0,237.0,1100.0
2014-10-30,1030.0,136.0,767.0,1210.0,418.0,135.0,302.0,3470.0,255.0,1020.0
2014-10-31,941.0,123.0,688.0,1100.0,361.0,116.0,257.0,2920.0,194.0,840.0
2014-11-01,834.0,112.0,630.0,915.0,321.0,112.0,,2350.0,168.0,675.0
2014-11-02,785.0,120.0,628.0,883.0,410.0,121.0,199.0,1930.0,161.0,524.0
2014-11-03,710.0,114.0,560.0,811.0,615.0,99.2,170.0,1620.0,139.0,468.0
2014-11-04,659.0,100.0,594.0,696.0,556.0,90.4,157.0,1410.0,125.0,410.0
2014-11-05,630.0,93.2,534.0,638.0,557.0,98.4,158.0,1360.0,126.0,401.0
2014-11-06,599.0,88.4,492.0,611.0,655.0,95.8,151.0,1980.0,118.0,401.0
2014-11-07,663.0,118.0,553.0,685.0,1070.0,134.0,210.0,2100.0,172.0,534.0
2014-11-08,723.0,116.0,549.0,929.0,1410.0,115.0,235.0,2150.0,158.0,659.0
2014-11-09,644.0,100.0,487.0,760.0,1280.0,94.2,180.0,1930.0,126.0,564.0
2014-11-10,611.0,92.3,462.0,660.0,1030.0,88.6,,1720.0,117.0,513.0
2014-11-11,577.0,85.0,443.0,600.0,803.0,83.0,164.0,1610.0,111.0,475.0
2014-11-12,563.0,80.7,432.0,570.0,662.0,82.9,221.0,1580.0,111.0,458.0
2014-11-13,581.0,77.3,,562.0,584.0,80.4,349.0,2010.0,115.0,469.0
2014-11-14,555.0,74.6,425.0,564.0,549.0,78.4,231.0,2410.0,107.0,452.0
2014-11-15,509.0,71.5,402.0,549.0,521.0,70.6,174.0,2000.0,95.5,418.0
2014-11-16,463.0,67.0,372.0,507.0,463.0,66.1,143.0,1570.0,85.2,371.0
2014-11-17,505.0,85.8,405.0,491.0,446.0,72.0,159.0,1360.0,96.0,379.0
2014-11-18,1130.0,193.0,686.0,632.0,917.0,147.0,176.0,1170.0,145.0,495.0
2014-11-19,891.0,163.0,564.0,674.0,975.0,87.2,126.0,931.0,90.0,456.0
2014-11-20,686.0,119.0,450.0,524.0,810.0,82.7,125.0,732.0,84.4,373.0
2014-11-21,570.0,97.3,401.0,458.0,657.0,69.1,121.0,687.0,81.5,358.0
2014-11-22,500.0,78.4,381.0,367.0,528.0,103.0,112.0,719.0,78.1,343.0
2014-11-23,580.0,86.3,421.0,451.0,463.0,107.0,139.0,828.0,97.9,359.0
2014-11-24,1460.0,129.0,1230.0,741.0,532.0,676.0,515.0,1070.0,364.0,596.0
2014-11-25,2910.0,202.0,2160.0,2230.0,975.0,478.0,1210.0,2980.0,406.0,1540.0
2014-11-26,1660.0,162.0,1240.0,1430.0,921.0,229.0,554.0,6490.0,225.0,1070.0
2014-11-27,1360.0,149.0,1030.0,1160.0,893.0,178.0,372.0,5110.0,182.0,851.0
2014-11-28,1090.0,130.0,843.0,952.0,776.0,136.0,262.0,3200.0,133.0,668.0
2014-11-29,870.0,100.0,707.0,766.0,628.0,108.0,195.0,2490.0,112.0,546.0
2014-11-30,840.0,112.0,689.0,714.0,542.0,123.0,205.0,1960.0,112.0,491.0
2014-12-01,900.0,117.0,769.0,818.0,697.0,168.0,337.0,1700.0,129.0,529.0
2014-12-02,1230.0,163.0,961.0,1030.0,885.0,171.0,306.0,1530.0,126.0,658.0
2014-12-03,1140.0,160.0,840.0,818.0,1320.0,159.0,208.0,1420.0,118.0,718.0
2014-12-04,1240.0,166.0,878.0,855.0,2130.0,159.0,238.0,1310.0,121.0,759.0
2014-12-05,900.0,125.0,684.0,,1670.0,108.0,138.0,1230.0,111.0,539.0
2014-12-06,1000.0,165.0,654.0,696.0,1330.0,155.0,179.0,1170.0,128.0,522.0
2014-12-07,1280.0,240.0,654.0,802.0,1470.0,129.0,171.0,1110.0,121.0,522.0
2014-12-08,870.0,140.0,654.0,745.0,1090.0,110.0,120.0,1060.0,104.0,522.0
2014-12-09,1250.0,196.0,715.0,846.0,1030.0,286.0,162.0,1050.0,179.0,569.0
2014-12-10,3800.0,563.0,1650.0,2110.0,2800.0,538.0,187.0,1100.0,599.0,1800.0
2014-12-11,4520.0,875.0,2370.0,4920.0,4250.0,527.0,293.0,1230.0,592.0,3730.0
2014-12-12,2790.0,743.0,1720.0,4090.0,4180.0,290.0,269.0,1460.0,341.0,3140.0
2014-12-13,1880.0,447.0,1310.0,2760.0,3300.0,185.0,217.0,1650.0,232.0,2030.0
2014-12-14,1520.0,313.0,1130.0,2150.0,2370.0,154.0,195.0,1690.0,191.0,1430.0
2014-12-15,1290.0,249.0,1010.0,1700.0,1800.0,134.0,180.0,1630.0,170.0,1120.0
2014-12-16,1120.0,205.0,924.0,1420.0,1440.0,124.0,167.0,1510.0,157.0,930.0
2014-12-17,1380.0,268.0,1010.0,1760.0,,226.0,167.0,1400.0,341.0,1020.0
2014-12-18,2370.0,436.0,1360.0,3610.0,1450.0,278.0,205.0,1300.0,389.0,1990.0
2014-12-19,1760.0,369.0,1090.0,2470.0,1360.0,179.0,185.0,1220.0,237.0,1460.0
2014-12-20,1310.0,260.0,911.0,1620.0,1150.0,131.0,145.0,1160.0,161.0,1000.0
2014-12-21,1160.0,210.0,820.0,1370.0,959.0,131.0,159.0,,155.0,705.0
2014-12-22,1100.0,185.0,831.0,1230.0,821.0,131.0,,1080.0,153.0,768.0
2014-12-23,1030.0,179.0,795.0,1160.0,727.0,110.0,152.0,1050.0,151.0,818.0
2014-12-24,1230.0,290.0,872.0,1180.0,725.0,166.0,147.0,1040.0,190.0,806.0
2014-12-25,,676.0,5020.0,3590.0,2000.0,1500.0,972.0,1370.0,1230.0,2920.0
2014-12-26,6190.0,781.0,3390.0,4290.0,2330.0,523.0,1190.0,2080.0,756.0,2790.0
2014-12-27,3540.0,586.0,2140.0,2780.0,2090.0,299.0,628.0,2980.0,419.0,1880.0
2014-12-28,3340.0,460.0,2040.0,2410.0,1740.0,,661.0,3280.0,445.0,1650.0
2014-12-29,3520.0,481.0,2120.0,2460.0,1520.0,286.0,646.0,2860.0,390.0,1660.0
2014-12-30,2250.0,343.0,1420.0,1610.0,1240.0,158.0,303.0,2450.0,214.0,1030.0
2014-12-31,1650.0,199.0,1180.0,1160.0,904.0,143.0,202.0,2120.0,,827.0
2015-01-01,1420.0,190.0,1060.0,1030.0,761.0,137.0,192.0,1870.0,157.0,702.0
2015-01-02,1330.0,185.0,961.0,912.0,640.0,135.0,192.0,1680.0,150.0,605.0
2015-01-03,1090.0,150.0,856.0,825.0,529.0,133.0,159.0,1530.0,148.0,534.0
2015-01-04,1140.0,149.0,817.0,775.0,460.0,147.0,160.0,1420.0,161.0,490.0
2015-01-05,1190.0,161.0,817.0,775.0,489.0,151.0,185.0,1330.0,161.0,472.0
2015-01-06,905.0,126.0,786.0,720.0,415.0,134.0,183.0,1270.0,152.0,441.0
2015-01-07,929.0,133.0,736.0,673.0,383.0,118.0,174.0,1220.0,139.0,402.0
2015-01-08,732.0,109.0,657.0,635.0,365.0,106.0,162.0,1180.0,126.0,374.0
2015-01-09,751.0,108.0,613.0,605.0,353.0,97.3,154.0,1150.0,115.0,354.0
2015-01-10,749.0,102.0,588.0,577.0,344.0,89.3,146.0,1130.0,107.0,338.0
2015-01-11,650.0,97.2,551.0,552.0,330.0,83.4,138.0,1110.0,100.0,323.0
2015-01-12,706.0,101.0,530.0,,320.0,79.0,131.0,1080.0,98.7,311.0
2015-01-13,689.0,97.0,495.0,507.0,312.0,75.7,124.0,1060.0,95.3,300.0
2015-01-14,639.0,90.0,472.0,490.0,304.0,73.1,117.0,1040.0,92.1,290.0
2015-01-15,666.0,89.5,456.0,474.0,300.0,70.3,112.0,1010.0,89.3,281.0
2015-01-16,650.0,88.0,448.0,462.0,298.0,68.0,109.0,991.0,,273.0
2015-01-17,597.0,80.9,440.0,450.0,295.0,66.1,105.0,975.0,84.4,266.0
2015-01-18,630.0,80.2,474.0,445.0,293.0,86.4,126.0,962.0,115.0,260.0
2015-01-19,1950.0,260.0,2670.0,2030.0,457.0,1160.0,800.0,995.0,925.0,1340.0
2015-01-20,2240.0,340.0,1890.0,2800.0,753.0,360.0,955.0,1140.0,468.0,1880.0
2015-01-21,1510.0,243.0,1300.0,1880.0,638.0,219.0,348.0,1460.0,268.0,1310.0
2015-01-22,1240.0,173.0,1000.0,1380.0,542.0,159.0,240.0,1480.0,183.0,950.0
2015-01-23,1050.0,140.0,822.0,1110.0,438.0,136.0,195.0,1370.0,156.0,748.0
2015-01-24,905.0,122.0,693.0,907.0,385.0,118.0,174.0,1240.0,135.0,596.0
2015-01-25,816.0,114.0,603.0,753.0,339.0,105.0,159.0,1120.0,117.0,491.0
2015-01-26,663.0,102.0,555.0,653.0,321.0,95.0,147.0,1010.0,104.0,430.0
2015-01-27,646.0,96.0,513.0,589.0,307.0,88.2,137.0,918.0,97.7,397.0
2015-01-28,624.0,94.4,481.0,578.0,297.0,83.0,130.0,849.0,96.6,370.0
2015-01-29,613.0,91.2,450.0,566.0,289.0,80.6,124.0,795.0,96.6,352.0
2015-01-30,640.0,90.2,421.0,552.0,282.0,80.6,119.0,754.0,95.6,343.0
2015-01-31,597.0,87.9,398.0,,275.0,79.5,115.0,714.0,92.9,329.0
2015-02-01,577.0,84.5,383.0,524.0,269.0,78.4,112.0,679.0,90.3,315.0
2015-02-02,559.0,82.5,372.0,510.0,263.0,77.4,,647.0,87.6,301.0
2015-02-03,576.0,83.2,365.0,500.0,257.0,76.6,105.0,619.0,85.4,289.0
2015-02-04,567.0,82.3,358.0,491.0,252.0,75.8,103.0,588.0,83.0,279.0
2015-02-05,572.0,81.6,353.0,482.0,248.0,74.9,99.6,562.0,80.8,279.0
2015-02-06,529.0,79.4,348.0,473.0,244.0,73.8,96.7,536.0,78.6,269.0
2015-02-07,511.0,77.5,343.0,465.0,241.0,72.9,94.3,512.0,76.6,258.0
2015-02-08,507.0,77.1,340.0,457.0,237.0,72.2,91.8,489.0,74.4,251.0
2015-02-09,494.0,75.6,337.0,450.0,234.0,71.8,89.3,470.0,72.4,243.0
2015-02-10,466.0,77.7,334.0,444.0,230.0,71.2,86.9,452.0,70.3,235.0
2015-02-11,449.0,77.5,331.0,437.0,228.0,70.8,84.6,434.0,69.5,235.0
2015-02-12,440.0,76.1,329.0,431.0,224.0,69.8,82.3,418.0,67.8,231.0
2015-02-13,419.0,74.2,327.0,425.0,222.0,68.4,80.1,404.0,66.3,228.0
2015-02-14,415.0,71.5,324.0,419.0,220.0,67.1,77.9,391.0,64.5,224.0
2015-02-15,426.0,72.0,322.0,413.0,218.0,65.7,75.8,379.0,62.7,221.0
2015-02-16,419.0,71.7,320.0,407.0,220.0,64.3,73.6,368.0,61.0,218.0
2015-02-17,423.0,70.4,318.0,402.0,217.0,63.0,71.5,357.0,59.7,215.0
2015-02-18,423.0,69.7,314.0,396.0,215.0,61.9,69.1,348.0,58.8,213.0
2015-02-19,428.0,69.9,312.0,392.0,211.0,61.2,67.0,337.0,58.7,212.0
2015-02-20,420.0,69.5,310.0,387.0,208.0,60.0,64.8,329.0,58.2,209.0
2015-02-21,410.0,68.0,308.0,382.0,206.0,58.8,62.9,321.0,57.3,206.0
2015-02-22,400.0,68.7,305.0,378.0,205.0,59.1,61.1,313.0,56.5,206.0
2015-02-23,402.0,68.5,303.0,378.0,201.0,58.0,60.2,305.0,56.4,204.0
2015-02-24,386.0,67.1,300.0,372.0,197.0,56.6,58.4,298.0,55.2,200.0
2015-02-25,394.0,67.6,298.0,367.0,,55.1,58.0,292.0,54.0,198.0
2015-02-26,392.0,67.0,296.0,360.0,194.0,54.0,56.6,286.0,52.9,197.0
2015-02-27,383.0,65.6,294.0,354.0,189.0,52.5,56.3,280.0,51.8,195.0
2015-02-28,370.0,64.3,293.0,348.0,186.0,50.8,55.7,275.0,50.6,193.0
2015-03-01,375.0,64.3,291.0,343.0,183.0,49.5,55.2,269.0,49.7,192.0
2015-03-02,375.0,64.8,289.0,343.0,180.0,48.5,55.2,265.0,49.4,191.0
2015-03-03,368.0,63.7,288.0,341.0,178.0,47.7,54.9,260.0,49.2,189.0
2015-03-04,370.0,63.9,289.0,344.0,179.0,47.9,54.9,256.0,49.2,188.0
2015-03-05,380.0,62.9,288.0,345.0,183.0,46.5,55.1,251.0,48.5,187.0
2015-03-06,363.0,59.0,286.0,339.0,181.0,,54.6,247.0,46.5,186.0
2015-03-07,363.0,56.6,283.0,336.0,179.0,41.8,54.6,242.0,44.5,184.0
2015-03-08,,56.4,280.0,332.0,177.0,40.4,54.5,238.0,44.5,183.0
2015-03-09,360.0,55.7,278.0,330.0,175.0,39.8,54.2,235.0,44.5,181.0
2015-03-10,365.0,56.1,277.0,327.0,173.0,39.5,54.0,231.0,44.1,177.0
2015-03-11,401.0,69.3,378.0,336.0,178.0,67.5,60.9,,56.0,187.0
2015-03-12,500.0,97.8,547.0,378.0,215.0,144.0,78.0,225.0,77.5,209.0
2015-03-13,465.0,106.0,473.0,377.0,203.0,95.3,76.1,221.0,63.5,214.0
2015-03-14,433.0,91.1,420.0,373.0,197.0,86.6,70.4,219.0,56.4,212.0
2015-03-15,430.0,86.9,386.0,371.0,203.0,82.6,66.5,216.0,55.0,199.0
2015-03-16,419.0,87.0,350.0,373.0,203.0,74.2,64.1,213.0,54.1,196.0
2015-03-17,408.0,82.9,327.0,371.0,197.0,67.6,63.2,210.0,56.0,196.0
2015-03-18,379.0,78.0,284.0,360.0,193.0,63.7,59.8,208.0,56.0,191.0
2015-03-19,381.0,72.0,273.0,346.0,186.0,61.0,59.3,205.0,55.5,187.0
2015-03-20,389.0,70.0,281.0,335.0,178.0,59.8,57.0,203.0,54.1,184.0
2015-03-21,392.0,68.4,277.0,334.0,176.0,57.9,56.6,201.0,54.2,184.0
2015-03-22,366.0,66.0,251.0,339.0,175.0,56.7,56.6,199.0,52.8,180.0
2015-03-23,349.0,63.0,241.0,332.0,168.0,55.4,55.1,197.0,51.1,175.0
2015-03-24,350.0,62.0,264.0,322.0,171.0,55.4,53.7,196.0,50.2,175.0
2015-03-25,361.0,62.8,262.0,322.0,168.0,59.7,52.8,194.0,50.2,181.0
2015-03-26,400.0,74.7,285.0,361.0,188.0,84.9,61.1,192.0,71.4,207.0
2015-03-27,708.0,148.0,416.0,501.0,260.0,169.0,142.0,191.0,263.0,289.0
2015-03-28,800.0,220.0,444.0,746.0,331.0,122.0,289.0,190.0,151.0,471.0
2015-03-29,660.0,187.0,384.0,829.0,292.0,97.6,154.0,189.0,111.0,584.0
2015-03-30,575.0,165.0,373.0,724.0,268.0,82.2,108.0,189.0,91.2,479.0
2015-03-31,530.0,137.0,351.0,652.0,262.0,77.1,93.6,188.0,80.7,431.0
2015-04-01,510.0,137.0,347.0,593.0,266.0,73.8,85.3,188.0,78.3,396.0
2015-04-02,490.0,136.0,349.0,553.0,261.0,69.2,79.7,186.0,79.0,369.0
2015-04-03,660.0,199.0,395.0,542.0,324.0,109.0,97.1,187.0,144.0,356.0
2015-04-04,1700.0,450.0,936.0,1090.0,550.0,242.0,655.0,190.0,417.0,678.0
2015-04-05,1750.0,500.0,863.0,1360.0,633.0,205.0,692.0,195.0,252.0,891.0
2015-04-06,1310.0,377.0,675.0,1160.0,605.0,118.0,372.0,207.0,153.0,765.0
2015-04-07,1050.0,289.0,599.0,1010.0,566.0,98.3,264.0,225.0,139.0,670.0
2015-04-08,1060.0,291.0,596.0,1010.0,530.0,89.6,215.0,248.0,147.0,654.0
2015-04-09,1000.0,264.0,586.0,946.0,501.0,85.8,189.0,279.0,125.0,616.0
2015-04-10,1010.0,261.0,581.0,862.0,519.0,94.5,181.0,320.0,139.0,567.0
2015-04-11,1650.0,402.0,974.0,1450.0,836.0,236.0,458.0,383.0,248.0,1100.0
2015-04-12,1750.0,472.0,996.0,1840.0,1220.0,241.0,482.0,498.0,259.0,1210.0
2015-04-13,2940.0,639.0,1440.0,3210.0,1670.0,597.0,919.0,721.0,638.0,2120.0
2015-04-14,6550.0,934.0,3230.0,6320.0,2230.0,1470.0,1970.0,1250.0,1500.0,4450.0
2015-04-15,6670.0,1030.0,3460.0,7010.0,2720.0,929.0,2360.0,2500.0,1240.0,4530.0
2015-04-16,5010.0,859.0,2760.0,5100.0,2650.0,719.0,,6190.0,968.0,3540.0
2015-04-17,4750.0,705.0,2820.0,4440.0,2380.0,964.0,1970.0,12600.0,1200.0,3280.0
2015-04-18,5380.0,619.0,3300.0,4830.0,2150.0,1210.0,2340.0,16200.0,1330.0,3680.0
2015-04-19,5050.0,519.0,3390.0,4460.0,1940.0,1000.0,1920.0,20600.0,1130.0,3140.0
2015-04-20,3960.0,436.0,2710.0,3460.0,1750.0,657.0,1530.0,18600.0,831.0,2580.0
2015-04-21,7870.0,883.0,8060.0,8980.0,2670.0,3070.0,1960.0,16400.0,2560.0,5450.0
2015-04-22,6450.0,769.0,5420.0,8490.0,4020.0,1050.0,2270.0,18300.0,1380.0,4940.0
2015-04-23,5550.0,606.0,4180.0,5180.0,3390.0,801.0,2030.0,19700.0,1100.0,4210.0
2015-04-24,4000.0,482.0,2980.0,4340.0,2640.0,495.0,1150.0,20400.0,659.0,3570.0
2015-04-25,2900.0,344.0,2280.0,2910.0,2060.0,347.0,750.0,16200.0,440.0,2470.0
2015-04-26,2280.0,273.0,1890.0,2300.0,1670.0,308.0,632.0,12600.0,394.0,1820.0
2015-04-27,2020.0,226.0,1760.0,2030.0,1390.0,361.0,773.0,11600.0,477.0,1580.0
2015-04-28,2240.0,196.0,1750.0,1950.0,1220.0,418.0,1120.0,12200.0,631.0,1610.0
2015-04-29,2260.0,176.0,1780.0,1910.0,1060.0,451.0,1400.0,13100.0,705.0,1460.0
2015-04-30,2140.0,158.0,1760.0,1760.0,928.0,399.0,1420.0,13200.0,636.0,1030.0
2015-05-01,2050.0,144.0,1680.0,1590.0,804.0,378.0,,11900.0,578.0,973.0
2015-05-02,1960.0,135.0,1590.0,1430.0,689.0,369.0,1490.0,10700.0,540.0,994.0
2015-05-03,2280.0,125.0,1790.0,1370.0,600.0,403.0,1560.0,10000.0,529.0,1060.0
2015-05-04,2410.0,116.0,1870.0,1320.0,535.0,438.0,1540.0,9160.0,517.0,1070.0
2015-05-05,3290.0,106.0,2530.0,1340.0,479.0,486.0,1770.0,8920.0,590.0,1280.0
2015-05-06,2760.0,98.3,2090.0,1270.0,426.0,341.0,1220.0,8000.0,422.0,1060.0
2015-05-07,2310.0,91.5,1780.0,1040.0,386.0,320.0,882.0,6280.0,353.0,890.0
2015-05-08,2360.0,85.2,1800.0,933.0,346.0,300.0,752.0,4950.0,318.0,877.0
2015-05-09,2240.0,79.9,1650.0,834.0,311.0,266.0,619.0,3940.0,260.0,743.0
2015-05-10,2230.0,78.3,1730.0,758.0,293.0,284.0,535.0,3480.0,256.0,741.0
2015-05-11,2460.0,107.0,1890.0,763.0,286.0,297.0,1060.0,4480.0,378.0,937.0
2015-05-12,3220.0,112.0,2310.0,1200.0,292.0,479.0,1760.0,5280.0,433.0,1210.0
2015-05-13,2590.0,98.5,1780.0,1190.0,302.0,275.0,1270.0,7880.0,321.0,1230.0
2015-05-14,1720.0,84.4,1210.0,892.0,287.0,179.0,703.0,7690.0,213.0,835.0
2015-05-15,1340.0,74.6,963.0,688.0,266.0,142.0,500.0,5500.0,168.0,633.0
2015-05-16,1170.0,67.6,847.0,593.0,245.0,126.0,406.0,3850.0,147.0,540.0
2015-05-17,1070.0,64.2,829.0,555.0,255.0,132.0,393.0,2940.0,149.0,519.0
2015-05-18,1020.0,59.9,837.0,557.0,287.0,120.0,333.0,2410.0,137.0,511.0
2015-05-19,977.0,57.9,790.0,575.0,275.0,145.0,379.0,2100.0,219.0,522.0
2015-05-20,1070.0,60.4,812.0,846.0,301.0,131.0,651.0,2130.0,205.0,756.0
2015-05-21,900.0,,666.0,761.0,270.0,100.0,394.0,2090.0,151.0,601.0
2015-05-22,773.0,47.8,583.0,573.0,243.0,87.5,301.0,1870.0,122.0,475.0
2015-05-23,680.0,42.5,529.0,479.0,237.0,78.6,254.0,1580.0,104.0,404.0
2015-05-24,615.0,39.7,491.0,423.0,221.0,71.9,221.0,1360.0,93.8,344.0
2015-05-25,567.0,37.3,465.0,390.0,208.0,66.7,195.0,1180.0,84.3,311.0
2015-05-26,,36.5,459.0,367.0,210.0,64.6,232.0,1150.0,85.0,290.0
2015-05-27,520.0,36.7,458.0,353.0,218.0,61.6,229.0,2290.0,79.7,280.0
2015-05-28,814.0,64.4,496.0,416.0,209.0,72.4,456.0,2930.0,172.0,516.0
2015-05-29,757.0,60.1,468.0,753.0,235.0,60.2,860.0,2990.0,114.0,727.0
2015-05-30,601.0,44.7,422.0,552.0,263.0,52.4,381.0,2610.0,82.1,541.0
2015-05-31,1140.0,77.4,548.0,456.0,244.0,99.7,447.0,2810.0,163.0,464.0
2015-06-01,4490.0,273.0,2190.0,783.0,244.0,567.0,837.0,3750.0,515.0,604.0
2015-06-02,4730.0,327.0,2530.0,1880.0,363.0,655.0,1110.0,2900.0,706.0,1340.0
2015-06-03,2620.0,201.0,1530.0,2060.0,541.0,311.0,817.0,2530.0,412.0,1420.0
2015-06-04,1740.0,123.0,1060.0,1240.0,492.0,173.0,534.0,2320.0,240.0,918.0
2015-06-05,1340.0,90.5,832.0,877.0,405.0,124.0,390.0,1870.0,170.0,660.0
2015-06-06,1130.0,73.4,718.0,679.0,328.0,112.0,479.0,1650.0,146.0,540.0
2015-06-07,953.0,59.7,622.0,572.0,268.0,89.5,364.0,1570.0,117.0,470.0
2015-06-08,830.0,49.8,556.0,483.0,222.0,77.5,343.0,1300.0,101.0,390.0
2015-06-09,905.0,51.1,571.0,459.0,201.0,86.7,1170.0,3320.0,175.0,406.0
2015-06-10,2930.0,67.0,1040.0,790.0,208.0,163.0,1600.0,7140.0,267.0,703.0
2015-06-11,1820.0,54.7,788.0,785.0,195.0,93.9,693.0,10600.0,152.0,585.0
2015-06-12,1210.0,44.7,599.0,552.0,182.0,72.7,449.0,9490.0,111.0,469.0
2015-06-13,1110.0,42.8,609.0,1880.0,199.0,170.0,2170.0,6360.0,933.0,2570.0
2015-06-14,1010.0,37.8,588.0,1920.0,217.0,101.0,1140.0,4340.0,314.0,2000.0
2015-06-15,888.0,41.8,500.0,928.0,207.0,74.6,541.0,3020.0,182.0,989.0
2015-06-16,1160.0,65.3,543.0,669.0,189.0,81.8,474.0,2190.0,177.0,605.0
2015-06-17,1510.0,92.3,626.0,643.0,176.0,91.9,595.0,2010.0,204.0,590.0
2015-06-18,1090.0,73.3,520.0,588.0,156.0,66.1,381.0,2040.0,133.0,489.0
2015-06-19,1060.0,68.0,479.0,468.0,141.0,63.3,326.0,2300.0,115.0,418.0
2015-06-20,1070.0,76.3,471.0,413.0,133.0,56.4,275.0,2960.0,97.0,321.0
2015-06-21,1700.0,74.6,596.0,584.0,380.0,90.1,1020.0,2270.0,261.0,536.0
2015-06-22,2370.0,138.0,956.0,1440.0,1110.0,373.0,2150.0,1720.0,387.0,1130.0
2015-06-23,3490.0,142.0,1350.0,1430.0,776.0,364.0,1620.0,1410.0,511.0,945.0
2015-06-24,5190.0,134.0,2070.0,2180.0,917.0,269.0,1630.0,1260.0,700.0,1190.0
2015-06-25,2460.0,90.3,1080.0,1330.0,726.0,126.0,717.0,1230.0,263.0,768.0
2015-06-26,1660.0,69.4,798.0,840.0,503.0,90.3,466.0,1000.0,170.0,540.0
2015-06-27,1300.0,56.4,671.0,635.0,367.0,74.3,358.0,793.0,131.0,427.0
2015-06-28,2270.0,168.0,1540.0,770.0,320.0,720.0,596.0,664.0,494.0,451.0
2015-06-29,3370.0,322.0,2350.0,2920.0,628.0,569.0,701.0,667.0,591.0,1420.0
2015-06-30,2080.0,191.0,1350.0,1700.0,581.0,234.0,437.0,841.0,279.0,923.0
2015-07-01,3030.0,253.0,1600.0,1170.0,467.0,364.0,535.0,837.0,412.0,714.0
2015-07-02,4740.0,432.0,2840.0,2320.0,382.0,416.0,758.0,1820.0,523.0,1570.0
2015-07-03,2430.0,241.0,1500.0,1480.0,304.0,179.0,419.0,2470.0,243.0,934.0
2015-07-04,1660.0,135.0,1110.0,963.0,245.0,125.0,303.0,1790.0,170.0,631.0
2015-07-05,1350.0,101.0,948.0,737.0,207.0,107.0,257.0,1210.0,144.0,497.0
2015-07-06,1120.0,79.5,802.0,623.0,183.0,89.9,216.0,873.0,120.0,411.0
2015-07-07,966.0,67.4,716.0,529.0,162.0,80.8,184.0,688.0,103.0,344.0
2015-07-08,910.0,68.4,690.0,472.0,149.0,80.8,195.0,708.0,108.0,317.0
2015-07-09,819.0,57.9,616.0,443.0,137.0,69.7,216.0,1000.0,88.9,301.0
2015-07-10,735.0,50.4,565.0,396.0,127.0,64.7,157.0,827.0,78.6,269.0
2015-07-11,647.0,42.7,509.0,356.0,119.0,56.6,128.0,638.0,65.9,240.0
2015-07-12,575.0,37.0,463.0,316.0,112.0,50.7,110.0,547.0,59.6,216.0
2015-07-13,516.0,32.0,426.0,282.0,104.0,46.6,97.7,566.0,55.1,198.0
2015-07-14,476.0,31.9,400.0,260.0,96.0,45.0,103.0,529.0,49.0,181.0
2015-07-15,474.0,34.7,393.0,239.0,94.0,52.1,120.0,463.0,58.8,172.0
2015-07-16,450.0,31.0,384.0,227.0,95.0,51.8,143.0,496.0,58.2,166.0
2015-07-17,401.0,27.0,348.0,222.0,92.2,41.6,94.6,525.0,45.3,153.0
2015-07-18,433.0,26.0,338.0,207.0,89.8,40.1,99.9,423.0,51.6,147.0
2015-07-19,559.0,27.0,387.0,220.0,95.0,58.6,232.0,471.0,78.3,175.0
2015-07-20,5700.0,28.0,1080.0,1010.0,112.0,89.5,969.0,1150.0,204.0,375.0
2015-07-21,2190.0,30.0,642.0,953.0,108.0,51.0,359.0,3720.0,103.0,341.0
2015-07-22,1380.0,27.0,471.0,505.0,108.0,41.5,211.0,3850.0,65.6,246.0
2015-07-23,1010.0,24.6,394.0,388.0,105.0,36.6,150.0,3370.0,49.3,205.0
2015-07-24,806.0,23.0,353.0,312.0,106.0,35.9,175.0,2200.0,45.6,179.0
2015-07-25,698.0,21.0,336.0,291.0,175.0,38.5,168.0,2140.0,44.5,198.0
2015-07-26,634.0,19.8,349.0,296.0,179.0,38.9,140.0,2190.0,48.0,193.0
2015-07-27,637.0,20.0,363.0,289.0,151.0,42.0,145.0,1710.0,51.0,196.0
2015-07-28,713.0,18.8,404.0,295.0,204.0,47.8,146.0,1880.0,46.9,191.0
2015-07-29,729.0,17.5,392.0,347.0,249.0,38.4,113.0,2820.0,36.9,195.0
2015-07-30,557.0,16.3,338.0,365.0,182.0,34.2,88.7,2310.0,32.2,166.0
2015-07-31,616.0,16.0,357.0,480.0,148.0,38.8,86.4,2160.0,48.8,192.0
2015-08-01,540.0,14.4,326.0,421.0,125.0,31.2,82.2,2180.0,40.3,201.0
2015-08-02,461.0,13.9,296.0,335.0,108.0,27.8,87.2,1970.0,39.1,170.0
2015-08-03,417.0,13.6,276.0,277.0,119.0,27.0,71.4,2100.0,64.5,154.0
2015-08-04,812.0,14.7,312.0,402.0,129.0,36.7,84.5,1640.0,392.0,259.0
2015-08-05,628.0,14.4,324.0,712.0,116.0,31.5,152.0,1520.0,107.0,342.0
2015-08-06,490.0,13.1,279.0,464.0,132.0,31.7,170.0,1580.0,70.7,255.0
2015-08-07,423.0,12.3,257.0,341.0,127.0,26.9,118.0,1560.0,55.3,205.0
2015-08-08,370.0,11.4,241.0,270.0,107.0,24.2,91.2,1310.0,45.1,177.0
2015-08-09,341.0,10.8,230.0,230.0,90.9,22.6,73.8,1080.0,38.1,157.0
2015-08-10,331.0,10.1,225.0,205.0,80.5,22.5,68.5,932.0,35.0,144.0
2015-08-11,459.0,21.6,345.0,193.0,74.1,247.0,117.0,851.0,179.0,145.0
2015-08-12,1940.0,36.3,1230.0,447.0,216.0,215.0,366.0,1010.0,379.0,443.0
2015-08-13,955.0,31.8,546.0,604.0,303.0,64.0,204.0,1250.0,121.0,325.0
2015-08-14,661.0,22.0,390.0,374.0,211.0,43.5,135.0,1070.0,71.3,225.0
2015-08-15,529.0,25.8,337.0,281.0,152.0,35.0,101.0,864.0,53.1,182.0
2015-08-16,454.0,24.8,337.0,253.0,121.0,31.6,97.8,720.0,45.5,220.0
2015-08-17,402.0,18.3,292.0,313.0,106.0,27.7,76.8,614.0,38.1,188.0
2015-08-18,363.0,17.0,265.0,236.0,95.2,25.1,64.6,549.0,32.5,152.0
2015-08-19,335.0,16.4,242.0,196.0,88.6,24.2,55.7,572.0,29.5,134.0
2015-08-20,349.0,13.6,236.0,174.0,81.0,31.0,53.4,498.0,27.6,123.0
2015-08-21,340.0,12.9,235.0,165.0,77.3,25.2,49.0,484.0,31.7,122.0
2015-08-22,344.0,12.8,232.0,182.0,75.5,26.6,56.5,470.0,50.9,195.0
2015-08-23,325.0,12.2,223.0,259.0,76.1,23.7,52.1,437.0,36.5,191.0
2015-08-24,299.0,12.5,217.0,304.0,77.6,27.3,46.7,401.0,41.0,160.0
2015-08-25,356.0,37.4,231.0,246.0,76.8,30.0,79.0,369.0,48.3,145.0
2015-08-26,723.0,37.4,390.0,819.0,154.0,221.0,207.0,390.0,220.0,775.0
2015-08-27,490.0,26.2,333.0,1090.0,194.0,77.7,115.0,654.0,67.2,728.0
2015-08-28,366.0,20.7,259.0,547.0,138.0,43.5,77.4,652.0,43.9,465.0
2015-08-29,320.0,17.1,226.0,369.0,110.0,32.5,62.5,579.0,34.4,319.0
2015-08-30,287.0,15.1,210.0,284.0,95.1,28.5,51.9,466.0,30.0,242.0
2015-08-31,265.0,13.3,199.0,239.0,86.9,25.4,47.5,390.0,27.0,199.0
2015-09-01,248.0,11.9,189.0,209.0,78.9,22.8,44.5,334.0,24.5,171.0
2015-09-02,233.0,10.6,181.0,189.0,,20.6,40.3,289.0,22.9,149.0
2015-09-03,221.0,10.0,176.0,174.0,66.9,20.8,37.6,253.0,21.3,137.0
2015-09-04,212.0,9.86,170.0,158.0,62.3,20.6,35.3,225.0,19.5,129.0
2015-09-05,202.0,8.95,164.0,145.0,56.9,18.6,32.7,204.0,17.6,119.0
2015-09-06,196.0,8.4,,135.0,53.8,17.5,30.8,179.0,16.9,111.0
2015-09-07,189.0,8.01,155.0,131.0,52.0,16.6,29.2,164.0,15.7,105.0
2015-09-08,184.0,7.54,151.0,123.0,50.7,15.5,27.8,159.0,14.5,101.0
2015-09-09,196.0,11.7,152.0,115.0,50.2,15.1,34.2,163.0,15.2,98.3
2015-09-10,209.0,10.2,153.0,111.0,48.4,15.6,40.3,172.0,18.0,99.2
2015-09-11,333.0,38.9,205.0,147.0,87.4,32.9,51.4,181.0,28.8,109.0
2015-09-12,455.0,30.0,252.0,174.0,134.0,34.1,49.7,198.0,33.7,135.0
2015-09-13,320.0,26.2,207.0,197.0,104.0,24.3,43.1,186.0,25.8,122.0
2015-09-14,860.0,82.1,330.0,242.0,171.0,123.0,345.0,230.0,119.0,177.0
2015-09-15,802.0,63.6,367.0,373.0,176.0,57.2,711.0,480.0,93.1,232.0
2015-09-16,497.0,37.3,276.0,295.0,136.0,33.1,224.0,772.0,52.7,163.0
2015-09-17,372.0,26.9,219.0,221.0,114.0,25.5,121.0,659.0,35.5,129.0
2015-09-18,313.0,21.2,194.0,180.0,101.0,22.2,87.0,499.0,28.3,111.0
2015-09-19,273.0,17.8,179.0,153.0,85.6,19.9,69.5,391.0,23.7,103.0
2015-09-20,259.0,15.7,171.0,137.0,75.1,18.4,62.9,322.0,22.1,94.4
2015-09-21,,13.8,166.0,122.0,67.5,17.6,61.2,279.0,21.8,87.6
2015-09-22,242.0,12.8,162.0,113.0,61.7,16.9,54.3,250.0,19.9,84.8
2015-09-23,225.0,12.1,159.0,107.0,57.7,16.8,50.1,228.0,19.0,83.0
2015-09-24,213.0,12.5,155.0,101.0,55.0,16.0,46.3,206.0,17.6,81.3
2015-09-25,201.0,12.7,150.0,96.2,51.2,14.8,42.0,185.0,15.9,78.1
2015-09-26,193.0,11.5,146.0,91.6,48.0,14.3,40.0,167.0,15.6,75.6
2015-09-27,185.0,10.5,143.0,88.0,45.9,14.3,38.3,154.0,15.2,75.1
2015-09-28,180.0,10.1,139.0,85.2,45.2,14.1,36.7,143.0,15.1,73.8
2015-09-29,185.0,11.3,145.0,87.2,47.2,15.2,39.0,137.0,17.1,76.7
2015-09-30,4970.0,541.0,3130.0,2460.0,227.0,1220.0,991.0,236.0,1360.0,2670.0
2015-10-01,5040.0,493.0,2680.0,5990.0,2230.0,369.0,953.0,2730.0,534.0,4320.0
2015-10-02,1800.0,213.0,1060.0,1880.0,3270.0,114.0,313.0,4000.0,173.0,1870.0
2015-10-03,1130.0,110.0,688.0,1130.0,2300.0,71.5,190.0,2760.0,105.0,999.0
2015-10-04,840.0,72.0,534.0,800.0,1230.0,55.7,142.0,1800.0,77.5,636.0
2015-10-05,679.0,52.0,451.0,617.0,738.0,47.1,118.0,1290.0,63.6,307.0
2015-10-06,583.0,42.9,403.0,500.0,529.0,41.9,103.0,989.0,56.6,273.0
2015-10-07,514.0,36.8,367.0,419.0,414.0,37.4,93.5,795.0,51.3,248.0
2015-10-08,462.0,32.5,336.0,357.0,336.0,33.7,84.9,662.0,46.3,230.0
2015-10-09,535.0,40.8,354.0,339.0,292.0,43.5,105.0,576.0,92.5,237.0
2015-10-10,1690.0,63.6,664.0,608.0,369.0,73.9,260.0,528.0,152.0,480.0
2015-10-11,1090.0,64.6,496.0,604.0,380.0,48.7,173.0,536.0,88.3,396.0
2015-10-12,811.0,50.5,402.0,458.0,349.0,40.0,126.0,,67.1,321.0
2015-10-13,667.0,41.8,358.0,388.0,315.0,35.8,105.0,524.0,58.0,279.0
2015-10-14,598.0,37.2,346.0,360.0,309.0,35.0,99.3,479.0,59.7,279.0
2015-10-15,547.0,33.7,322.0,346.0,287.0,33.1,139.0,430.0,54.4,260.0
2015-10-16,498.0,31.5,308.0,311.0,257.0,31.4,116.0,458.0,49.4,232.0
2015-10-17,468.0,29.8,295.0,280.0,241.0,30.3,103.0,833.0,47.5,216.0
2015-10-18,443.0,28.5,285.0,263.0,254.0,29.7,103.0,955.0,49.1,212.0
2015-10-19,416.0,27.6,275.0,252.0,233.0,29.2,93.7,914.0,46.6,201.0
2015-10-20,418.0,29.7,271.0,240.0,214.0,30.1,90.9,778.0,46.5,191.0
2015-10-21,448.0,30.6,271.0,236.0,201.0,30.4,91.7,689.0,46.6,186.0
2015-10-22,435.0,31.6,273.0,242.0,188.0,30.3,92.8,648.0,51.3,186.0
2015-10-23,426.0,30.8,266.0,250.0,186.0,30.9,104.0,636.0,63.0,205.0
2015-10-24,399.0,28.1,254.0,271.0,173.0,28.6,88.9,632.0,52.2,199.0
2015-10-25,402.0,29.4,253.0,251.0,165.0,28.7,87.2,650.0,50.0,189.0
2015-10-26,467.0,30.1,256.0,243.0,164.0,29.1,106.0,1650.0,51.6,190.0
2015-10-27,431.0,29.0,247.0,240.0,156.0,27.7,96.8,,,182.0
2015-10-28,406.0,32.0,246.0,228.0,149.0,29.9,98.6,1400.0,49.7,178.0
2015-10-29,2720.0,230.0,2770.0,3630.0,1300.0,824.0,1160.0,3140.0,836.0,2960.0
2015-10-30,2470.0,232.0,1700.0,3320.0,2260.0,213.0,792.0,7510.0,355.0,2840.0
2015-10-31,1360.0,135.0,978.0,1630.0,1830.0,110.0,374.0,5650.0,176.0,1620.0
2015-11-01,1030.0,95.7,752.0,1150.0,1300.0,84.1,275.0,3900.0,134.0,926.0
2015-11-02,894.0,76.1,645.0,917.0,876.0,71.3,329.0,3410.0,118.0,550.0
2015-11-03,781.0,63.9,572.0,762.0,655.0,62.6,263.0,3310.0,102.0,491.0
2015-11-04,700.0,55.8,613.0,645.0,536.0,57.2,212.0,3340.0,90.9,441.0
2015-11-05,641.0,51.5,515.0,564.0,455.0,53.5,184.0,2940.0,83.3,395.0
2015-11-06,607.0,54.4,463.0,514.0,405.0,51.6,169.0,2440.0,80.0,365.0
2015-11-07,584.0,48.6,438.0,483.0,373.0,49.0,157.0,2120.0,78.1,343.0
2015-11-08,536.0,,412.0,446.0,332.0,46.3,141.0,1840.0,69.6,319.0
2015-11-09,504.0,40.5,393.0,408.0,299.0,43.8,129.0,1560.0,64.8,290.0
2015-11-10,482.0,38.6,378.0,387.0,280.0,43.0,122.0,1360.0,63.2,275.0
2015-11-11,487.0,67.7,389.0,376.0,264.0,44.5,120.0,1210.0,62.9,264.0
2015-11-12,531.0,84.3,413.0,371.0,253.0,49.2,120.0,1110.0,70.1,262.0
2015-11-13,876.0,113.0,573.0,495.0,345.0,91.3,229.0,1250.0,175.0,397.0
2015-11-14,908.0,102.0,551.0,693.0,400.0,71.6,438.0,2160.0,137.0,462.0
2015-11-15,735.0,80.2,462.0,565.0,368.0,55.2,279.0,2270.0,101.0,375.0
2015-11-16,634.0,67.0,419.0,473.0,330.0,49.7,213.0,1950.0,86.3,329.0
2015-11-17,575.0,58.1,392.0,421.0,296.0,45.8,177.0,1630.0,76.0,294.0
2015-11-18,528.0,52.2,371.0,388.0,268.0,41.6,143.0,1380.0,68.6,266.0
2015-11-19,514.0,50.9,368.0,374.0,249.0,43.5,150.0,1200.0,71.1,319.0
2015-11-20,5540.0,251.0,3220.0,1870.0,285.0,931.0,973.0,2000.0,807.0,1700.0
2015-11-21,3360.0,279.0,1970.0,3110.0,680.0,280.0,635.0,5330.0,390.0,2110.0
2015-11-22,1870.0,165.0,1240.0,1580.0,,153.0,369.0,4670.0,217.0,1290.0
2015-11-23,1400.0,120.0,980.0,1220.0,1850.0,113.0,286.0,3500.0,164.0,886.0
2015-11-24,1120.0,94.9,801.0,978.0,1950.0,79.9,186.0,2590.0,100.0,490.0
2015-11-25,994.0,80.8,719.0,728.0,1440.0,73.6,170.0,1770.0,85.9,387.0
2015-11-26,899.0,73.5,667.0,648.0,984.0,68.8,162.0,1450.0,94.0,391.0
2015-11-27,853.0,69.8,638.0,657.0,763.0,70.1,181.0,1460.0,96.6,418.0
2015-11-28,815.0,67.8,616.0,645.0,666.0,69.5,201.0,1610.0,97.4,423.0
2015-11-29,760.0,63.9,577.0,606.0,605.0,63.2,164.0,1690.0,83.1,390.0
2015-11-30,679.0,58.1,522.0,520.0,532.0,42.8,91.1,1140.0,55.7,307.0
2015-12-01,610.0,54.1,485.0,397.0,458.0,56.9,115.0,987.0,62.8,272.0
2015-12-02,1180.0,83.0,598.0,615.0,438.0,94.3,225.0,1170.0,165.0,385.0
2015-12-03,2700.0,171.0,848.0,1520.0,554.0,135.0,652.0,1370.0,490.0,904.0
2015-12-04,1980.0,172.0,794.0,2200.0,769.0,111.0,416.0,1970.0,282.0,1260.0
2015-12-05,1420.0,131.0,658.0,1360.0,729.0,85.8,293.0,2380.0,188.0,903.0
2015-12-06,1210.0,106.0,601.0,1060.0,627.0,76.3,246.0,2160.0,163.0,707.0
2015-12-07,1100.0,92.6,575.0,900.0,543.0,69.2,219.0,1980.0,148.0,603.0
2015-12-08,1000.0,83.1,543.0,797.0,473.0,64.0,207.0,1800.0,133.0,527.0
2015-12-09,919.0,,517.0,710.0,424.0,61.4,189.0,1560.0,120.0,467.0
2015-12-10,868.0,72.9,510.0,670.0,390.0,61.7,176.0,1470.0,114.0,438.0
2015-12-11,847.0,70.0,508.0,694.0,373.0,62.8,181.0,1400.0,115.0,445.0
2015-12-12,836.0,66.4,494.0,662.0,357.0,62.2,217.0,1400.0,127.0,438.0
2015-12-13,812.0,62.8,,630.0,338.0,59.6,230.0,1640.0,125.0,430.0
2015-12-14,772.0,60.7,472.0,599.0,323.0,58.0,204.0,1780.0,115.0,418.0
2015-12-15,1110.0,78.5,647.0,1300.0,573.0,114.0,700.0,1660.0,407.0,1030.0
2015-12-16,1570.0,86.5,901.0,2320.0,1030.0,129.0,988.0,1470.0,360.0,1650.0
2015-12-17,1240.0,81.7,699.0,1390.0,888.0,91.5,461.0,1630.0,216.0,1070.0
2015-12-18,2810.0,101.0,1270.0,2220.0,1050.0,205.0,610.0,1830.0,440.0,1620.0
2015-12-19,2210.0,101.0,1100.0,1980.0,1040.0,133.0,483.0,2400.0,277.0,1700.0
2015-12-20,1510.0,86.4,805.0,1330.0,859.0,88.1,306.0,2640.0,175.0,1070.0
2015-12-21,1240.0,75.2,695.0,990.0,681.0,94.9,289.0,2200.0,155.0,707.0
2015-12-22,1430.0,101.0,,1010.0,621.0,137.0,441.0,1990.0,261.0,540.0
2015-12-23,3690.0,236.0,1600.0,1920.0,998.0,288.0,1100.0,1900.0,500.0,1060.0
2015-12-24,5100.0,457.0,3380.0,3360.0,1250.0,800.0,1230.0,,938.0,2330.0
2015-12-25,3790.0,432.0,2400.0,3190.0,1330.0,320.0,818.0,6270.0,496.0,2370.0
2015-12-26,2480.0,271.0,1640.0,1990.0,1100.0,188.0,511.0,8550.0,304.0,1510.0
2015-12-27,2500.0,261.0,1530.0,1600.0,923.0,206.0,499.0,6410.0,285.0,1080.0
2015-12-28,3100.0,296.0,1620.0,1490.0,808.0,206.0,404.0,4340.0,217.0,891.0
2015-12-29,2140.0,213.0,1260.0,826.0,608.0,134.0,232.0,3250.0,137.0,655.0
2015-12-30,1860.0,180.0,1150.0,796.0,546.0,128.0,260.0,2730.0,138.0,738.0
2015-12-31,1650.0,167.0,,861.0,593.0,117.0,280.0,2430.0,140.0,684.0
2016-01-01,1520.0,167.0,986.0,796.0,631.0,102.0,247.0,2170.0,130.0,602.0
2016-01-02,1350.0,147.0,891.0,733.0,566.0,91.9,216.0,1950.0,122.0,566.0
2016-01-03,1220.0,129.0,826.0,679.0,517.0,85.1,190.0,1800.0,115.0,538.0
2016-01-04,1080.0,113.0,760.0,633.0,452.0,80.8,165.0,1690.0,108.0,508.0
2016-01-05,702.0,80.8,602.0,597.0,370.0,79.1,146.0,1620.0,105.0,470.0
2016-01-06,730.0,88.3,673.0,568.0,339.0,78.5,143.0,1570.0,,430.0
2016-01-07,801.0,82.2,656.0,548.0,345.0,78.0,142.0,1520.0,121.0,416.0
2016-01-08,792.0,80.2,635.0,532.0,360.0,77.9,141.0,1480.0,108.0,415.0
2016-01-09,824.0,84.2,621.0,524.0,342.0,77.2,140.0,1460.0,100.0,414.0
2016-01-10,2210.0,338.0,1540.0,755.0,456.0,1500.0,168.0,1570.0,979.0,1700.0
2016-01-11,9140.0,770.0,6300.0,11000.0,3170.0,1450.0,868.0,1810.0,1800.0,8660.0
2016-01-12,3440.0,603.0,2280.0,4330.0,3340.0,323.0,495.0,2040.0,437.0,3610.0
2016-01-13,2180.0,394.0,1660.0,2490.0,2720.0,192.0,344.0,2040.0,236.0,2130.0
2016-01-14,1570.0,217.0,1330.0,1700.0,1860.0,148.0,249.0,1880.0,172.0,1400.0
2016-01-15,1410.0,176.0,1170.0,1420.0,1290.0,130.0,228.0,1740.0,152.0,1090.0
2016-01-16,1380.0,169.0,1090.0,1240.0,965.0,118.0,204.0,1600.0,138.0,965.0
2016-01-17,1230.0,155.0,999.0,1110.0,,110.0,184.0,1480.0,127.0,898.0
2016-01-18,1120.0,133.0,911.0,997.0,714.0,103.0,166.0,1360.0,119.0,807.0
2016-01-19,892.0,110.0,853.0,909.0,625.0,98.2,150.0,1250.0,113.0,732.0
2016-01-20,830.0,96.2,796.0,846.0,554.0,93.9,138.0,1150.0,110.0,688.0
2016-01-21,793.0,90.1,741.0,794.0,506.0,90.4,130.0,1080.0,108.0,649.0
2016-01-22,760.0,82.1,698.0,748.0,465.0,87.2,122.0,1020.0,107.0,601.0
2016-01-23,731.0,79.8,661.0,715.0,429.0,84.1,116.0,967.0,106.0,564.0
2016-01-24,707.0,75.8,626.0,689.0,409.0,81.2,111.0,926.0,105.0,522.0
2016-01-25,731.0,77.6,602.0,667.0,399.0,78.4,107.0,885.0,106.0,485.0
2016-01-26,694.0,77.1,587.0,647.0,399.0,75.8,103.0,852.0,108.0,456.0
2016-01-27,699.0,80.7,605.0,631.0,461.0,73.1,99.1,831.0,107.0,442.0
2016-01-28,636.0,77.2,586.0,615.0,433.0,71.0,96.0,817.0,104.0,431.0
2016-01-29,645.0,78.1,544.0,603.0,412.0,69.5,92.4,808.0,102.0,417.0
2016-01-30,642.0,76.2,529.0,593.0,389.0,68.1,89.5,803.0,99.5,410.0
2016-01-31,622.0,74.7,504.0,583.0,377.0,67.3,87.6,799.0,97.8,398.0
2016-02-01,620.0,77.0,511.0,576.0,399.0,80.8,90.3,795.0,96.0,397.0
2016-02-02,657.0,95.7,587.0,571.0,462.0,98.3,104.0,795.0,94.5,401.0
2016-02-03,893.0,161.0,598.0,570.0,451.0,112.0,92.2,813.0,94.9,400.0
2016-02-04,2750.0,401.0,1400.0,621.0,989.0,260.0,128.0,893.0,162.0,421.0
2016-02-05,2400.0,452.0,1250.0,969.0,1110.0,248.0,161.0,1050.0,166.0,521.0
2016-02-06,1570.0,261.0,893.0,859.0,957.0,153.0,127.0,1270.0,113.0,546.0
2016-02-07,1280.0,224.0,782.0,720.0,831.0,113.0,106.0,1250.0,94.1,480.0
2016-02-08,1020.0,153.0,667.0,634.0,629.0,93.5,94.1,1150.0,83.2,411.0
2016-02-09,896.0,130.0,591.0,556.0,504.0,79.8,86.8,1080.0,76.5,360.0
2016-02-10,831.0,120.0,538.0,518.0,516.0,71.2,80.7,1040.0,72.0,333.0
2016-02-11,756.0,107.0,480.0,502.0,486.0,65.3,75.9,986.0,68.4,332.0
2016-02-12,593.0,85.5,421.0,478.0,450.0,60.4,71.8,931.0,65.7,328.0
2016-02-13,559.0,81.5,386.0,445.0,412.0,56.8,68.2,867.0,63.8,322.0
2016-02-14,458.0,56.4,352.0,419.0,386.0,54.4,66.5,808.0,62.2,322.0
2016-02-15,505.0,58.1,342.0,398.0,387.0,52.8,64.6,763.0,60.7,341.0
2016-02-16,634.0,80.2,450.0,444.0,495.0,333.0,111.0,737.0,72.4,392.0
2016-02-17,3290.0,326.0,2810.0,1460.0,1950.0,575.0,427.0,812.0,583.0,1080.0
2016-02-18,2300.0,334.0,1370.0,3640.0,2200.0,204.0,390.0,1010.0,320.0,2320.0
2016-02-19,1480.0,207.0,959.0,2060.0,1850.0,122.0,274.0,1230.0,214.0,1680.0
2016-02-20,1320.0,165.0,860.0,1530.0,1450.0,136.0,226.0,1350.0,185.0,1220.0
2016-02-21,1310.0,178.0,880.0,1380.0,1280.0,126.0,215.0,1360.0,177.0,1040.0
2016-02-22,1190.0,177.0,802.0,1250.0,1110.0,106.0,203.0,1300.0,167.0,950.0
2016-02-23,1000.0,142.0,666.0,1060.0,,97.5,182.0,1250.0,156.0,834.0
2016-02-24,1000.0,154.0,775.0,983.0,759.0,137.0,163.0,1200.0,153.0,786.0
2016-02-25,12800.0,897.0,7460.0,2250.0,1240.0,1160.0,766.0,1260.0,674.0,1220.0
2016-02-26,10200.0,982.0,4260.0,4450.0,2590.0,489.0,1230.0,1710.0,802.0,2950.0
2016-02-27,4190.0,597.0,2190.0,2890.0,2620.0,227.0,642.0,3120.0,376.0,2090.0
2016-02-28,3160.0,383.0,1760.0,2060.0,2020.0,190.0,423.0,3970.0,262.0,1450.0
2016-02-29,2460.0,309.0,1510.0,1660.0,1450.0,164.0,327.0,3840.0,211.0,1110.0
2016-03-01,2000.0,259.0,1360.0,1420.0,1120.0,142.0,275.0,3590.0,192.0,947.0
2016-03-02,2220.0,344.0,1260.0,1250.0,1040.0,124.0,242.0,3320.0,164.0,804.0
2016-03-03,1860.0,324.0,1070.0,1110.0,1110.0,110.0,218.0,3060.0,140.0,693.0
2016-03-04,1390.0,242.0,981.0,1010.0,938.0,102.0,200.0,2840.0,126.0,633.0
2016-03-05,1290.0,184.0,944.0,921.0,829.0,95.9,185.0,2610.0,121.0,589.0
2016-03-06,1150.0,149.0,892.0,852.0,687.0,91.8,175.0,,119.0,551.0
2016-03-07,1040.0,133.0,816.0,791.0,596.0,88.6,167.0,2220.0,118.0,528.0
2016-03-08,1050.0,129.0,793.0,778.0,561.0,86.9,160.0,2080.0,119.0,522.0
2016-03-09,1220.0,171.0,918.0,931.0,546.0,139.0,177.0,1980.0,145.0,554.0
2016-03-10,3630.0,354.0,2700.0,2080.0,557.0,1050.0,1220.0,2090.0,944.0,1060.0
2016-03-11,10300.0,683.0,5830.0,5410.0,696.0,1380.0,2020.0,2830.0,1640.0,2960.0
2016-03-12,5080.0,623.0,3310.0,4870.0,731.0,473.0,1130.0,4230.0,780.0,4110.0
2016-03-13,3450.0,418.0,2640.0,4080.0,655.0,401.0,845.0,5230.0,699.0,3520.0
2016-03-14,2780.0,300.0,2260.0,,570.0,295.0,648.0,5040.0,486.0,2840.0
2016-03-15,2320.0,292.0,1960.0,2690.0,525.0,261.0,493.0,4440.0,365.0,2120.0
2016-03-16,2540.0,360.0,2260.0,3090.0,617.0,425.0,503.0,4110.0,475.0,2280.0
2016-03-17,3660.0,432.0,3030.0,4070.0,717.0,743.0,1000.0,4300.0,826.0,3210.0
2016-03-18,3270.0,426.0,2620.0,4150.0,799.0,438.0,1010.0,4460.0,739.0,3350.0
2016-03-19,2310.0,314.0,1990.0,2810.0,770.0,253.0,555.0,4250.0,392.0,2310.0
2016-03-20,1820.0,233.0,1650.0,2020.0,661.0,188.0,402.0,3910.0,282.0,1620.0
2016-03-21,1670.0,200.0,1510.0,1750.0,586.0,171.0,344.0,3630.0,248.0,1380.0
2016-03-22,1450.0,174.0,1340.0,1480.0,539.0,146.0,285.0,3430.0,208.0,
2016-03-23,1360.0,158.0,1250.0,1350.0,494.0,137.0,256.0,3240.0,191.0,1010.0
2016-03-24,1270.0,147.0,1170.0,1220.0,471.0,128.0,223.0,3030.0,167.0,884.0
2016-03-25,1310.0,154.0,1180.0,1090.0,460.0,166.0,225.0,2910.0,165.0,754.0
2016-03-26,1750.0,197.0,1420.0,1140.0,605.0,198.0,268.0,2820.0,189.0,781.0
2016-03-27,1530.0,177.0,1230.0,1210.0,625.0,161.0,284.0,2770.0,196.0,825.0
2016-03-28,1510.0,194.0,1230.0,1380.0,606.0,222.0,343.0,3090.0,320.0,924.0
2016-03-29,2810.0,342.0,1930.0,4030.0,972.0,393.0,616.0,4030.0,624.0,2770.0
2016-03-30,2010.0,284.0,1420.0,2580.0,1210.0,205.0,416.0,5680.0,302.0,1880.0
2016-03-31,1680.0,214.0,1300.0,1960.0,1130.0,198.0,465.0,8000.0,302.0,1570.0
2016-04-01,1940.0,215.0,1780.0,2090.0,975.0,437.0,956.0,10600.0,864.0,2200.0
2016-04-02,3320.0,372.0,2790.0,3640.0,1020.0,402.0,1220.0,12600.0,858.0,3270.0
2016-04-03,2170.0,334.0,1780.0,2490.0,1020.0,233.0,679.0,12800.0,437.0,1940.0
2016-04-04,1560.0,240.0,1330.0,1670.0,879.0,146.0,476.0,12000.0,259.0,1320.0
2016-04-05,1390.0,182.0,1220.0,1340.0,739.0,138.0,369.0,10100.0,214.0,1020.0
2016-04-06,1300.0,166.0,1130.0,1160.0,615.0,125.0,330.0,7610.0,189.0,833.0
2016-04-07,1400.0,181.0,1280.0,1230.0,579.0,694.0,396.0,5830.0,432.0,1000.0
2016-04-08,4670.0,311.0,4840.0,5200.0,1380.0,1260.0,1150.0,5450.0,1270.0,4820.0
2016-04-09,2710.0,291.0,2280.0,3360.0,1800.0,360.0,742.0,7260.0,513.0,2970.0
2016-04-10,1900.0,212.0,1700.0,2090.0,1660.0,233.0,472.0,7510.0,306.0,1930.0
2016-04-11,1620.0,172.0,1500.0,1610.0,1230.0,197.0,418.0,6540.0,252.0,1410.0
2016-04-12,2670.0,234.0,2180.0,1840.0,1110.0,363.0,1070.0,5540.0,538.0,1690.0
2016-04-13,3240.0,304.0,2300.0,2530.0,1660.0,285.0,953.0,6040.0,425.0,1910.0
2016-04-14,2140.0,223.0,1700.0,1750.0,1470.0,206.0,641.0,6830.0,305.0,1340.0
2016-04-15,1780.0,172.0,1490.0,1430.0,1200.0,179.0,595.0,7010.0,267.0,941.0
2016-04-16,1580.0,152.0,1370.0,1260.0,942.0,165.0,594.0,7460.0,246.0,859.0
2016-04-17,1460.0,137.0,1300.0,1150.0,764.0,161.0,635.0,8710.0,246.0,819.0
2016-04-18,1490.0,129.0,1360.0,1110.0,647.0,198.0,765.0,11800.0,305.0,803.0
2016-04-19,1830.0,122.0,2000.0,,568.0,477.0,1510.0,13500.0,1030.0,1420.0
2016-04-20,1690.0,114.0,1670.0,2560.0,524.0,263.0,1040.0,12500.0,541.0,1440.0
2016-04-21,1380.0,104.0,1330.0,1660.0,478.0,193.0,676.0,11600.0,342.0,1010.0
2016-04-22,1330.0,97.4,1270.0,1340.0,437.0,192.0,639.0,12900.0,314.0,873.0
2016-04-23,1510.0,94.2,1470.0,1280.0,412.0,218.0,861.0,14400.0,389.0,966.0
2016-04-24,1360.0,,1310.0,1200.0,389.0,168.0,602.0,13500.0,283.0,860.0
2016-04-25,1170.0,81.6,1090.0,1010.0,351.0,141.0,450.0,10400.0,222.0,682.0
2016-04-26,,88.6,1040.0,887.0,323.0,139.0,388.0,7690.0,201.0,598.0
2016-04-27,1260.0,119.0,1000.0,851.0,306.0,140.0,355.0,5990.0,193.0,561.0
2016-04-28,1400.0,121.0,1030.0,783.0,291.0,148.0,307.0,4860.0,170.0,530.0
2016-04-29,1270.0,103.0,954.0,711.0,276.0,125.0,275.0,4010.0,155.0,483.0
2016-04-30,1150.0,91.9,900.0,663.0,269.0,117.0,260.0,3550.0,146.0,443.0
2016-05-01,1100.0,88.0,870.0,625.0,252.0,112.0,249.0,3490.0,141.0,422.0
2016-05-02,1500.0,135.0,1050.0,681.0,245.0,247.0,379.0,4070.0,237.0,467.0
2016-05-03,3260.0,246.0,2060.0,1960.0,303.0,379.0,696.0,5660.0,497.0,1190.0
2016-05-04,2130.0,195.0,1420.0,1480.0,318.0,216.0,441.0,6200.0,269.0,903.0
2016-05-05,1980.0,185.0,1450.0,1400.0,370.0,256.0,387.0,6020.0,267.0,871.0
2016-05-06,1710.0,157.0,1320.0,1310.0,510.0,197.0,349.0,6070.0,230.0,813.0
2016-05-07,1600.0,135.0,1290.0,1050.0,499.0,178.0,334.0,6150.0,209.0,700.0
2016-05-08,1640.0,127.0,1290.0,932.0,499.0,174.0,376.0,6170.0,250.0,672.0
2016-05-09,2050.0,126.0,1310.0,1010.0,578.0,161.0,504.0,6240.0,325.0,732.0
2016-05-10,1530.0,110.0,1070.0,911.0,572.0,130.0,351.0,5030.0,208.0,596.0
2016-05-11,1330.0,95.3,978.0,761.0,509.0,118.0,288.0,3910.0,173.0,509.0
2016-05-12,1220.0,87.0,922.0,674.0,424.0,110.0,252.0,3200.0,155.0,463.0
2016-05-13,1200.0,82.4,919.0,626.0,361.0,112.0,240.0,2770.0,157.0,456.0
2016-05-14,1700.0,123.0,1070.0,1060.0,368.0,142.0,311.0,2960.0,257.0,884.0
2016-05-15,2240.0,139.0,1080.0,1100.0,364.0,154.0,691.0,3470.0,273.0,902.0
2016-05-16,2480.0,135.0,1110.0,1110.0,333.0,132.0,621.0,4110.0,229.0,947.0
2016-05-17,1810.0,112.0,916.0,858.0,301.0,108.0,450.0,3820.0,178.0,697.0
2016-05-18,1530.0,96.5,836.0,717.0,276.0,96.8,421.0,3180.0,153.0,573.0
2016-05-19,1370.0,89.1,789.0,640.0,253.0,92.5,360.0,2650.0,139.0,501.0
2016-05-20,1440.0,97.8,789.0,593.0,233.0,104.0,377.0,2180.0,131.0,455.0
2016-05-21,1290.0,85.9,,555.0,219.0,88.4,291.0,1800.0,122.0,412.0
2016-05-22,1170.0,74.7,694.0,506.0,207.0,81.7,259.0,1510.0,111.0,378.0
2016-05-23,1150.0,66.5,660.0,473.0,192.0,76.2,241.0,1240.0,122.0,368.0
2016-05-24,1050.0,63.0,632.0,456.0,182.0,74.4,206.0,1040.0,104.0,350.0
2016-05-25,1090.0,69.4,631.0,425.0,175.0,81.2,,891.0,101.0,325.0
2016-05-26,969.0,64.8,584.0,405.0,169.0,68.7,173.0,773.0,89.0,304.0
2016-05-27,867.0,54.6,545.0,374.0,160.0,61.7,153.0,715.0,80.1,
2016-05-28,795.0,47.7,521.0,349.0,179.0,58.4,186.0,766.0,79.5,269.0
2016-05-29,728.0,42.1,490.0,332.0,173.0,54.0,158.0,936.0,71.1,256.0
2016-05-30,684.0,39.5,480.0,303.0,164.0,55.5,141.0,1070.0,68.9,246.0
2016-05-31,648.0,37.1,458.0,299.0,163.0,50.1,150.0,1250.0,65.2,249.0
2016-06-01,579.0,32.8,417.0,,152.0,43.9,111.0,1060.0,55.8,226.0
2016-06-02,534.0,29.5,395.0,264.0,157.0,,96.8,854.0,51.5,203.0
2016-06-03,504.0,29.1,380.0,240.0,155.0,41.0,87.5,711.0,49.8,194.0
2016-06-04,638.0,29.3,373.0,230.0,152.0,41.0,79.9,695.0,47.8,189.0
2016-06-05,661.0,39.9,435.0,231.0,144.0,81.0,103.0,685.0,62.0,188.0
2016-06-06,4880.0,192.0,2680.0,1240.0,212.0,541.0,525.0,1850.0,661.0,1230.0
2016-06-07,1980.0,,1130.0,1140.0,262.0,128.0,224.0,4110.0,218.0,675.0
2016-06-08,1410.0,94.3,816.0,1690.0,283.0,116.0,156.0,3280.0,409.0,1080.0
2016-06-09,1100.0,66.4,653.0,1200.0,263.0,77.7,196.0,2410.0,173.0,763.0
2016-06-10,967.0,48.8,621.0,732.0,235.0,66.6,213.0,1800.0,123.0,518.0
2016-06-11,878.0,41.6,563.0,566.0,205.0,60.8,178.0,1450.0,102.0,402.0
2016-06-12,826.0,40.4,531.0,485.0,185.0,63.2,170.0,1350.0,94.8,344.0
2016-06-13,832.0,38.4,525.0,433.0,237.0,61.0,297.0,2270.0,95.6,311.0
2016-06-14,1150.0,35.5,733.0,379.0,255.0,153.0,347.0,2720.0,87.2,287.0
2016-06-15,1000.0,31.9,623.0,332.0,227.0,79.2,237.0,2440.0,85.6,260.0
2016-06-16,775.0,28.0,479.0,303.0,197.0,57.2,150.0,1780.0,67.8,230.0
2016-06-17,649.0,24.4,414.0,265.0,171.0,47.3,112.0,1270.0,54.7,204.0
2016-06-18,567.0,21.9,378.0,233.0,146.0,41.9,92.9,941.0,47.0,186.0
2016-06-19,506.0,19.5,349.0,211.0,129.0,38.2,79.8,736.0,41.7,174.0
2016-06-20,468.0,17.8,328.0,200.0,117.0,35.8,70.3,602.0,38.1,165.0
2016-06-21,427.0,16.7,307.0,183.0,110.0,32.7,63.8,537.0,34.1,156.0
2016-06-22,406.0,16.2,294.0,171.0,105.0,33.0,58.9,553.0,32.3,149.0
2016-06-23,476.0,16.2,346.0,165.0,100.0,43.8,68.7,511.0,45.5,149.0
2016-06-24,411.0,15.5,309.0,165.0,94.3,33.6,57.7,446.0,38.3,152.0
2016-06-25,365.0,14.7,277.0,158.0,89.2,29.3,49.6,386.0,30.9,140.0
2016-06-26,350.0,13.7,260.0,146.0,85.2,27.4,44.9,331.0,27.0,131.0
2016-06-27,318.0,14.6,248.0,137.0,82.4,25.9,41.0,289.0,24.3,124.0
2016-06-28,304.0,13.1,239.0,130.0,78.9,24.7,39.7,259.0,22.9,119.0
2016-06-29,731.0,16.8,375.0,150.0,87.3,76.4,214.0,265.0,41.5,135.0
2016-06-30,654.0,22.4,536.0,249.0,103.0,99.3,286.0,344.0,104.0,242.0
2016-07-01,440.0,23.0,345.0,279.0,92.0,41.8,107.0,786.0,48.5,192.0
2016-07-02,1190.0,44.7,654.0,217.0,133.0,118.0,183.0,977.0,81.9,151.0
2016-07-03,773.0,40.0,492.0,207.0,130.0,52.4,120.0,941.0,58.7,158.0
2016-07-04,512.0,28.5,345.0,202.0,116.0,35.9,73.5,868.0,37.6,133.0
2016-07-05,407.0,21.7,291.0,163.0,107.0,29.7,55.6,752.0,28.8,118.0
2016-07-06,361.0,17.9,263.0,142.0,97.0,26.6,46.6,626.0,23.7,109.0
2016-07-07,332.0,16.0,244.0,,93.0,24.5,61.9,656.0,22.8,104.0
2016-07-08,347.0,15.9,245.0,120.0,100.0,25.0,143.0,1660.0,44.4,102.0
2016-07-09,362.0,18.1,261.0,118.0,101.0,29.2,80.5,2100.0,41.0,106.0
2016-07-10,608.0,26.2,483.0,145.0,115.0,103.0,201.0,1950.0,331.0,229.0
2016-07-11,686.0,33.3,521.0,418.0,170.0,99.4,314.0,3520.0,157.0,
2016-07-12,568.0,30.9,424.0,343.0,149.0,56.1,139.0,3540.0,79.5,187.0
2016-07-13,414.0,23.4,321.0,234.0,131.0,37.2,81.6,2450.0,51.1,142.0
2016-07-14,357.0,19.7,282.0,184.0,115.0,35.2,64.1,1720.0,38.8,119.0
2016-07-15,870.0,18.9,431.0,174.0,102.0,98.0,152.0,2290.0,56.9,114.0
2016-07-16,611.0,21.5,369.0,167.0,93.4,44.7,95.8,2580.0,40.5,108.0
2016-07-17,502.0,27.2,320.0,159.0,94.3,38.2,68.3,1830.0,33.5,110.0
2016-07-18,557.0,26.1,318.0,152.0,98.1,53.6,143.0,1410.0,31.8,150.0
2016-07-19,1080.0,22.8,348.0,204.0,91.2,52.9,529.0,1240.0,74.0,401.0
2016-07-20,749.0,18.6,334.0,285.0,86.0,36.4,179.0,1010.0,40.6,218.0
2016-07-21,505.0,16.2,274.0,201.0,83.7,29.3,99.5,775.0,28.6,152.0
2016-07-22,409.0,14.3,247.0,160.0,78.3,26.3,72.7,,23.6,126.0
2016-07-23,407.0,12.7,263.0,138.0,,34.8,82.7,529.0,21.6,115.0
2016-07-24,1000.0,11.8,342.0,120.0,71.5,34.1,142.0,651.0,23.2,110.0
2016-07-25,584.0,10.9,298.0,110.0,64.8,26.4,77.8,791.0,20.8,102.0
2016-07-26,433.0,10.3,246.0,103.0,71.1,23.2,60.8,674.0,18.5,96.8
2016-07-27,372.0,9.61,219.0,96.8,70.6,21.2,54.6,1400.0,16.5,91.8
2016-07-28,336.0,9.05,202.0,,62.6,19.7,47.8,1320.0,14.6,87.4
2016-07-29,328.0,9.15,193.0,86.1,58.2,19.2,68.5,859.0,13.4,84.1
2016-07-30,309.0,9.17,189.0,81.3,59.6,18.5,52.2,604.0,12.5,80.5
2016-07-31,284.0,9.09,178.0,77.0,59.8,17.4,47.0,468.0,11.2,75.7
2016-08-01,280.0,12.6,174.0,74.6,56.1,18.0,43.7,371.0,11.2,71.9
2016-08-02,321.0,17.2,188.0,72.9,52.6,,45.6,306.0,12.4,70.6
2016-08-03,307.0,16.1,185.0,70.1,50.4,18.9,42.3,258.0,11.9,68.5
2016-08-04,274.0,14.1,166.0,69.2,46.0,17.0,35.3,223.0,10.2,64.6
2016-08-05,245.0,11.7,157.0,68.3,43.0,15.9,31.1,194.0,9.18,60.0
2016-08-06,228.0,10.2,149.0,64.6,41.7,15.1,29.5,195.0,8.34,54.6
2016-08-07,215.0,9.26,142.0,59.7,43.6,14.2,29.3,202.0,8.24,51.3
2016-08-08,203.0,8.44,135.0,55.9,41.3,13.6,30.1,222.0,7.97,49.4
2016-08-09,194.0,7.56,131.0,53.3,38.0,13.1,32.5,184.0,8.03,47.6
2016-08-10,192.0,8.56,128.0,51.9,35.6,12.8,27.2,169.0,8.11,
2016-08-11,198.0,8.71,129.0,51.4,37.0,13.2,24.4,157.0,7.57,42.9
2016-08-12,205.0,7.64,130.0,58.8,71.4,16.0,122.0,187.0,8.56,46.8
2016-08-13,811.0,7.97,403.0,65.5,63.2,96.5,595.0,291.0,31.0,96.1
2016-08-14,1100.0,17.9,374.0,96.8,60.0,39.4,420.0,1390.0,45.7,205.0
2016-08-15,705.0,14.4,272.0,179.0,64.9,27.3,222.0,6190.0,26.9,128.0
2016-08-16,440.0,14.5,213.0,136.0,62.0,21.0,119.0,5650.0,18.4,95.8
2016-08-17,462.0,14.3,222.0,123.0,96.1,33.3,802.0,6050.0,132.0,156.0
2016-08-18,489.0,12.3,273.0,178.0,101.0,31.0,435.0,8250.0,63.4,227.0
2016-08-19,375.0,11.1,221.0,192.0,80.4,21.9,205.0,7110.0,31.9,150.0
2016-08-20,311.0,9.92,183.0,136.0,67.8,17.8,129.0,4780.0,20.8,111.0
2016-08-21,269.0,9.03,163.0,104.0,57.3,16.3,94.6,2830.0,16.2,89.5
2016-08-22,701.0,15.8,306.0,110.0,67.3,59.2,624.0,2250.0,109.0,225.0
2016-08-23,779.0,16.3,398.0,274.0,93.0,39.7,400.0,3560.0,72.0,352.0
2016-08-24,465.0,16.0,252.0,246.0,84.8,23.5,192.0,3260.0,35.6,203.0
2016-08-25,361.0,12.7,203.0,163.0,73.4,19.0,129.0,2260.0,23.9,145.0
2016-08-26,339.0,14.5,182.0,121.0,65.2,17.6,102.0,1640.0,19.4,117.0
2016-08-27,351.0,12.7,172.0,99.1,58.9,16.6,85.1,1290.0,16.6,98.3
2016-08-28,303.0,11.7,160.0,84.6,51.9,15.3,75.5,1040.0,14.2,84.8
2016-08-29,272.0,11.0,152.0,80.2,47.6,15.7,567.0,887.0,20.8,83.6
2016-08-30,247.0,9.63,143.0,78.0,43.1,14.8,265.0,791.0,24.1,95.1
2016-08-31,232.0,8.72,138.0,91.6,40.6,14.9,160.0,688.0,18.8,90.8
2016-09-01,232.0,8.05,139.0,87.3,38.5,16.5,145.0,593.0,18.5,82.9
2016-09-02,219.0,7.39,136.0,76.0,37.2,14.9,113.0,541.0,15.5,77.2
2016-09-03,204.0,6.7,129.0,69.9,35.6,13.1,91.6,542.0,12.9,69.7
2016-09-04,195.0,6.18,124.0,65.0,33.3,12.5,77.7,458.0,11.3,63.7
2016-09-05,185.0,5.83,120.0,60.2,32.1,11.9,68.7,385.0,10.2,59.6
2016-09-06,178.0,5.83,118.0,57.0,32.1,11.8,62.0,335.0,9.46,57.7
2016-09-07,174.0,5.87,119.0,55.5,32.8,11.7,57.5,295.0,9.25,55.9
2016-09-08,173.0,5.72,120.0,53.8,32.8,11.7,53.7,271.0,9.24,54.6
2016-09-09,170.0,5.46,118.0,52.5,33.5,11.2,58.0,333.0,9.11,54.6
2016-09-10,164.0,5.15,114.0,50.9,31.6,10.5,52.9,419.0,8.64,53.6
2016-09-11,180.0,6.7,120.0,52.9,32.4,13.1,,405.0,9.74,53.9
2016-09-12,298.0,6.23,145.0,52.7,31.1,17.2,159.0,444.0,16.0,54.1
2016-09-13,229.0,5.51,137.0,51.0,30.0,12.9,79.8,488.0,13.2,57.6
2016-09-14,195.0,5.44,119.0,51.4,29.4,11.1,61.3,449.0,10.2,51.5
2016-09-15,185.0,5.37,114.0,50.8,30.2,10.7,60.9,458.0,9.14,48.3
2016-09-16,179.0,5.16,113.0,47.7,29.7,10.2,53.9,503.0,8.49,45.8
2016-09-17,165.0,,109.0,45.6,27.7,9.85,48.2,407.0,7.78,44.7
2016-09-18,165.0,5.52,108.0,45.7,31.6,9.87,49.2,359.0,8.34,47.2
2016-09-19,187.0,10.9,114.0,46.1,37.1,11.3,55.4,326.0,9.64,47.7
2016-09-20,211.0,10.2,121.0,48.1,40.9,13.0,53.6,351.0,10.2,48.0
2016-09-21,193.0,8.7,118.0,47.9,42.1,11.6,47.3,457.0,9.01,46.5
2016-09-22,170.0,8.13,108.0,46.1,38.8,9.85,43.3,388.0,7.55,43.8
2016-09-23,163.0,7.75,104.0,49.4,38.7,9.72,74.7,362.0,8.68,44.3
2016-09-24,166.0,7.16,101.0,46.8,41.1,9.6,121.0,378.0,14.3,43.2
2016-09-25,164.0,6.56,101.0,44.7,39.3,9.54,71.3,403.0,13.7,43.3
2016-09-26,153.0,5.88,98.2,43.7,35.2,8.81,54.0,343.0,10.4,42.8
2016-09-27,164.0,6.74,103.0,45.8,33.6,10.5,49.5,300.0,10.0,42.9
2016-09-28,197.0,6.88,109.0,46.2,33.3,,51.4,277.0,9.69,43.5
2016-09-29,188.0,6.52,115.0,45.3,32.8,12.5,46.9,273.0,9.2,42.8
2016-09-30,167.0,6.46,108.0,43.7,30.7,11.1,43.0,259.0,8.62,41.5
2016-10-01,157.0,6.68,103.0,42.9,29.3,10.4,40.6,237.0,8.25,41.3
2016-10-02,152.0,6.97,101.0,43.7,31.3,9.98,40.9,217.0,8.36,42.0
2016-10-03,155.0,7.49,100.0,43.0,32.3,10.2,40.7,200.0,8.43,41.4
2016-10-04,169.0,8.23,105.0,43.5,31.3,11.6,42.8,184.0,8.43,41.3
2016-10-05,177.0,7.22,117.0,42.9,29.7,12.4,42.8,173.0,8.47,41.8
2016-10-06,166.0,7.21,109.0,42.0,28.4,11.6,40.3,165.0,8.42,42.3
2016-10-07,158.0,6.9,105.0,41.7,27.8,10.9,37.8,156.0,8.08,
2016-10-08,153.0,6.43,101.0,40.5,27.8,10.2,35.9,148.0,7.71,40.1
2016-10-09,151.0,6.94,101.0,41.2,31.2,9.86,34.4,141.0,7.95,40.3
2016-10-10,151.0,6.25,99.1,40.4,88.7,9.24,35.2,133.0,7.6,39.1
2016-10-11,149.0,5.77,96.1,39.4,,8.97,34.4,129.0,7.29,39.2
2016-10-12,152.0,5.74,94.8,38.3,77.3,9.05,33.0,122.0,7.31,37.2
2016-10-13,153.0,6.03,94.7,37.7,63.6,9.3,32.5,119.0,7.57,37.4
2016-10-14,155.0,5.84,93.5,37.4,58.9,9.48,35.0,118.0,8.24,38.4
2016-10-15,161.0,5.43,93.4,36.1,55.8,9.51,38.5,120.0,8.42,38.7
2016-10-16,158.0,5.4,94.7,35.6,51.6,9.75,37.0,136.0,8.54,39.3
2016-10-17,164.0,5.89,96.4,36.3,48.4,10.2,,167.0,9.33,41.0
2016-10-18,179.0,6.81,97.3,38.0,44.6,10.5,42.0,357.0,9.67,40.6
2016-10-19,173.0,6.06,97.5,39.7,43.7,10.6,38.8,490.0,9.98,40.8
2016-10-20,166.0,5.51,95.7,38.9,45.2,10.3,36.6,784.0,10.0,40.2
2016-10-21,185.0,7.83,106.0,42.6,48.4,12.9,38.4,2720.0,13.4,44.4
2016-10-22,448.0,21.6,353.0,232.0,215.0,119.0,321.0,14500.0,192.0,358.0
2016-10-23,784.0,30.0,557.0,941.0,324.0,105.0,,20600.0,170.0,994.0
2016-10-24,560.0,26.4,336.0,583.0,244.0,37.7,267.0,16900.0,71.0,371.0
2016-10-25,395.0,20.0,,332.0,195.0,25.4,186.0,11400.0,45.0,207.0
2016-10-26,345.0,17.0,192.0,235.0,153.0,21.1,147.0,7040.0,35.1,150.0
2016-10-27,302.0,15.7,173.0,189.0,128.0,18.8,120.0,4890.0,29.5,123.0
2016-10-28,725.0,100.0,418.0,225.0,152.0,187.0,214.0,3730.0,129.0,203.0
2016-10-29,1660.0,178.0,947.0,816.0,277.0,165.0,419.0,3180.0,154.0,700.0
2016-10-30,2180.0,105.0,1050.0,667.0,233.0,260.0,867.0,3110.0,204.0,550.0
2016-10-31,1400.0,70.2,849.0,562.0,193.0,106.0,564.0,3220.0,140.0,503.0
2016-11-01,898.0,49.6,535.0,422.0,163.0,57.8,329.0,2880.0,80.6,344.0
2016-11-02,674.0,39.5,405.0,317.0,141.0,44.8,283.0,2890.0,60.4,279.0
2016-11-03,996.0,48.5,670.0,286.0,129.0,247.0,800.0,3680.0,193.0,313.0
2016-11-04,2760.0,86.5,1530.0,670.0,138.0,239.0,1250.0,,316.0,872.0
2016-11-05,1420.0,68.5,781.0,679.0,134.0,93.4,565.0,4410.0,136.0,547.0
2016-11-06,1020.0,50.8,570.0,449.0,121.0,64.2,430.0,3590.0,93.3,388.0
2016-11-07,820.0,41.5,465.0,349.0,109.0,51.0,346.0,2900.0,73.3,310.0
2016-11-08,689.0,36.0,,289.0,101.0,44.1,285.0,2440.0,62.0,262.0
2016-11-09,612.0,32.8,372.0,255.0,95.0,41.8,256.0,2140.0,56.8,237.0
2016-11-10,557.0,30.1,347.0,231.0,91.4,39.2,228.0,1900.0,52.8,223.0
2016-11-11,509.0,28.0,320.0,212.0,88.8,36.1,240.0,1730.0,49.1,208.0
2016-11-12,481.0,25.1,299.0,194.0,78.9,33.4,263.0,1780.0,45.3,186.0
2016-11-13,436.0,23.7,278.0,177.0,74.7,31.2,207.0,1690.0,41.1,165.0
2016-11-14,416.0,23.0,264.0,164.0,72.3,30.4,188.0,1530.0,39.6,158.0
2016-11-15,405.0,25.5,257.0,157.0,70.0,30.2,171.0,1380.0,38.0,152.0
2016-11-16,598.0,58.6,789.0,473.0,272.0,552.0,352.0,1560.0,332.0,1510.0
2016-11-17,1030.0,64.6,1010.0,1560.0,684.0,231.0,441.0,4950.0,254.0,1920.0
2016-11-18,831.0,49.5,663.0,783.0,546.0,115.0,316.0,4900.0,135.0,1010.0
2016-11-19,679.0,39.8,525.0,526.0,434.0,82.3,254.0,3760.0,97.8,663.0
2016-11-20,632.0,52.3,490.0,441.0,353.0,134.0,239.0,3010.0,90.7,537.0
2016-11-21,926.0,87.8,707.0,553.0,334.0,202.0,308.0,3040.0,143.0,1100.0
2016-11-22,764.0,73.4,557.0,657.0,313.0,101.0,255.0,3070.0,101.0,846.0
2016-11-23,621.0,55.3,461.0,492.0,268.0,72.0,213.0,2670.0,72.5,592.0
2016-11-24,549.0,45.4,405.0,399.0,228.0,60.5,199.0,2260.0,59.6,450.0
2016-11-25,533.0,42.1,397.0,357.0,201.0,57.0,191.0,1970.0,60.8,387.0
2016-11-26,542.0,43.9,389.0,351.0,331.0,56.4,195.0,1790.0,65.0,359.0
2016-11-27,598.0,54.8,405.0,378.0,669.0,58.1,223.0,1710.0,76.7,371.0
2016-11-28,573.0,56.4,384.0,403.0,524.0,51.5,198.0,1700.0,68.9,359.0
2016-11-29,560.0,55.5,378.0,383.0,439.0,51.6,175.0,1670.0,68.7,332.0
2016-11-30,2300.0,95.7,1010.0,936.0,1220.0,251.0,633.0,1600.0,406.0,863.0
2016-12-01,4550.0,263.0,2410.0,2220.0,1450.0,687.0,777.0,,406.0,1290.0
2016-12-02,3640.0,290.0,2220.0,2120.0,1580.0,385.0,724.0,1540.0,301.0,1380.0
2016-12-03,2100.0,175.0,1410.0,1450.0,1250.0,208.0,568.0,1480.0,200.0,1120.0
2016-12-04,1520.0,126.0,1070.0,1100.0,936.0,136.0,403.0,1380.0,136.0,857.0
2016-12-05,1220.0,101.0,878.0,830.0,709.0,92.7,247.0,1290.0,89.9,613.0
2016-12-06,1090.0,87.4,794.0,597.0,572.0,84.0,249.0,1210.0,101.0,496.0
2016-12-07,966.0,78.0,712.0,576.0,473.0,75.3,177.0,1140.0,88.2,434.0
2016-12-08,884.0,70.6,656.0,536.0,409.0,69.1,140.0,1100.0,81.9,396.0
2016-12-09,806.0,63.2,598.0,488.0,368.0,62.6,122.0,,74.1,363.0
2016-12-10,707.0,47.8,489.0,282.0,298.0,58.9,113.0,703.0,67.9,356.0
2016-12-11,568.0,38.1,444.0,295.0,243.0,57.2,108.0,490.0,65.3,353.0
2016-12-12,718.0,44.0,409.0,280.0,238.0,57.5,107.0,434.0,65.3,320.0
2016-12-13,792.0,50.5,474.0,286.0,248.0,63.4,114.0,632.0,67.4,299.0
2016-12-14,747.0,50.1,461.0,290.0,245.0,60.6,118.0,734.0,65.1,281.0
2016-12-15,598.0,42.2,359.0,280.0,229.0,55.1,109.0,720.0,61.1,264.0
2016-12-16,482.0,34.0,235.0,271.0,207.0,50.7,103.0,702.0,58.9,242.0
2016-12-17,476.0,35.7,208.0,268.0,183.0,47.7,105.0,688.0,57.9,236.0
2016-12-18,829.0,49.6,522.0,269.0,256.0,56.4,129.0,670.0,61.2,258.0
2016-12-19,2340.0,82.1,1420.0,299.0,467.0,66.2,173.0,655.0,64.6,286.0
2016-12-20,1390.0,92.7,656.0,318.0,421.0,62.3,181.0,648.0,64.1,296.0
2016-12-21,1350.0,84.8,603.0,311.0,391.0,58.5,160.0,645.0,62.3,291.0
2016-12-22,1250.0,77.0,622.0,,352.0,55.6,140.0,635.0,60.2,283.0
2016-12-23,1080.0,70.9,559.0,282.0,323.0,53.4,128.0,629.0,57.7,276.0
2016-12-24,940.0,65.0,513.0,267.0,303.0,51.9,119.0,621.0,55.6,266.0
2016-12-25,875.0,61.1,470.0,253.0,352.0,50.7,110.0,610.0,55.5,261.0
2016-12-26,704.0,55.2,394.0,247.0,315.0,49.8,108.0,606.0,52.1,260.0
2016-12-27,965.0,61.0,477.0,287.0,701.0,52.3,147.0,604.0,73.6,276.0
2016-12-28,1370.0,98.3,680.0,438.0,1170.0,65.6,218.0,621.0,148.0,478.0
2016-12-29,1110.0,104.0,520.0,572.0,1030.0,58.2,212.0,703.0,149.0,526.0
2016-12-30,1050.0,95.7,482.0,490.0,1680.0,66.8,184.0,802.0,132.0,500.0
2016-12-31,898.0,84.2,452.0,488.0,1500.0,70.5,159.0,840.0,111.0,490.0
2017-01-01,904.0,74.3,461.0,407.0,1140.0,64.6,138.0,823.0,89.9,440.0
2017-01-02,758.0,65.6,409.0,338.0,898.0,60.3,125.0,794.0,76.3,372.0
2017-01-03,780.0,63.7,423.0,312.0,670.0,59.6,116.0,767.0,71.0,328.0
2017-01-04,918.0,103.0,468.0,310.0,984.0,69.2,112.0,741.0,71.3,313.0
2017-01-05,957.0,114.0,431.0,334.0,,70.0,110.0,729.0,66.7,330.0
2017-01-06,849.0,99.5,393.0,329.0,861.0,64.0,107.0,728.0,57.0,321.0
2017-01-07,562.0,78.4,277.0,288.0,609.0,58.7,105.0,720.0,48.2,285.0
2017-01-08,638.0,65.5,285.0,269.0,504.0,54.2,104.0,703.0,41.6,271.0
2017-01-09,568.0,53.6,260.0,266.0,447.0,50.1,103.0,682.0,38.2,269.0
2017-01-10,554.0,46.8,300.0,275.0,404.0,48.5,110.0,671.0,36.3,277.0
2017-01-11,738.0,60.5,482.0,341.0,588.0,91.2,154.0,656.0,60.1,344.0
2017-01-12,996.0,84.0,694.0,731.0,972.0,162.0,240.0,667.0,178.0,694.0
2017-01-13,1540.0,127.0,1370.0,1320.0,1240.0,217.0,375.0,789.0,219.0,1080.0
2017-01-14,1530.0,155.0,988.0,1400.0,1100.0,171.0,347.0,939.0,193.0,1240.0
2017-01-15,1360.0,139.0,733.0,1240.0,927.0,114.0,248.0,,157.0,891.0
2017-01-16,1040.0,108.0,651.0,1040.0,706.0,88.6,200.0,1220.0,130.0,603.0
2017-01-17,979.0,88.0,632.0,862.0,595.0,75.7,171.0,1220.0,112.0,477.0
2017-01-18,921.0,80.7,602.0,734.0,489.0,67.5,153.0,1180.0,99.5,446.0
2017-01-19,862.0,78.7,566.0,620.0,435.0,61.5,138.0,1130.0,90.1,422.0
2017-01-20,817.0,76.7,538.0,544.0,402.0,57.3,125.0,1090.0,82.8,403.0
2017-01-21,776.0,74.2,520.0,502.0,378.0,54.4,114.0,1060.0,79.2,390.0
2017-01-22,806.0,78.1,522.0,478.0,356.0,58.5,108.0,1020.0,86.0,380.0
2017-01-23,852.0,84.3,515.0,469.0,337.0,53.1,106.0,992.0,87.5,382.0
2017-01-24,839.0,85.5,487.0,511.0,434.0,50.5,112.0,963.0,81.8,441.0
2017-01-25,941.0,89.0,,774.0,1540.0,52.5,132.0,948.0,85.7,522.0
2017-01-26,861.0,86.0,519.0,1010.0,1490.0,50.1,160.0,948.0,86.9,549.0
2017-01-27,895.0,90.7,508.0,982.0,1230.0,57.0,165.0,944.0,91.3,542.0
2017-01-28,823.0,87.0,463.0,847.0,971.0,45.1,147.0,928.0,82.7,502.0
2017-01-29,756.0,78.6,431.0,702.0,764.0,42.7,135.0,910.0,72.4,426.0
2017-01-30,708.0,69.2,407.0,607.0,619.0,41.8,127.0,895.0,68.4,361.0
2017-01-31,575.0,59.3,371.0,552.0,484.0,41.0,122.0,881.0,65.9,336.0
2017-02-01,609.0,58.8,365.0,508.0,383.0,40.3,116.0,874.0,64.5,326.0
2017-02-02,551.0,54.7,346.0,475.0,341.0,39.7,111.0,864.0,63.6,321.0
2017-02-03,513.0,48.5,293.0,449.0,312.0,39.1,106.0,853.0,62.8,317.0
2017-02-04,488.0,46.4,288.0,429.0,288.0,38.6,101.0,840.0,61.9,313.0
2017-02-05,475.0,46.1,288.0,414.0,276.0,38.0,98.6,831.0,61.1,307.0
2017-02-06,509.0,45.2,296.0,405.0,265.0,37.5,98.6,822.0,60.5,303.0
2017-02-07,474.0,43.0,280.0,397.0,242.0,37.0,102.0,816.0,59.8,301.0
2017-02-08,495.0,44.2,274.0,393.0,249.0,39.5,112.0,810.0,59.9,306.0
2017-02-09,648.0,50.5,301.0,398.0,248.0,41.2,120.0,806.0,60.2,309.0
2017-02-10,545.0,51.6,264.0,387.0,220.0,39.7,117.0,798.0,58.9,302.0
2017-02-11,557.0,49.6,258.0,372.0,238.0,38.5,114.0,795.0,57.2,294.0
2017-02-12,521.0,47.0,254.0,366.0,236.0,37.6,114.0,790.0,56.1,298.0
2017-02-13,543.0,48.5,249.0,367.0,263.0,39.0,119.0,786.0,55.3,307.0
2017-02-14,567.0,49.6,246.0,362.0,275.0,39.3,122.0,782.0,54.8,306.0
2017-02-15,543.0,48.1,,359.0,267.0,37.8,118.0,782.0,54.3,301.0
2017-02-16,526.0,48.2,246.0,363.0,258.0,40.4,110.0,781.0,53.9,296.0
2017-02-17,538.0,47.7,246.0,365.0,249.0,41.2,106.0,780.0,53.5,298.0
2017-02-18,507.0,46.9,243.0,,241.0,38.4,105.0,780.0,53.2,307.0
2017-02-19,534.0,52.7,251.0,395.0,236.0,38.9,111.0,784.0,53.1,307.0
2017-02-20,806.0,80.3,297.0,453.0,248.0,52.6,139.0,798.0,59.8,294.0
2017-02-21,768.0,91.6,293.0,550.0,242.0,51.3,156.0,812.0,69.3,287.0
2017-02-22,716.0,85.5,282.0,583.0,236.0,46.3,146.0,829.0,68.4,302.0
2017-02-23,786.0,105.0,279.0,621.0,258.0,57.1,152.0,852.0,75.2,335.0
2017-02-24,1800.0,202.0,644.0,809.0,320.0,113.0,372.0,932.0,138.0,504.0
2017-02-25,5500.0,437.0,2440.0,1560.0,473.0,427.0,1470.0,1090.0,486.0,1360.0
2017-02-26,11800.0,832.0,5440.0,4160.0,1210.0,1370.0,1740.0,1420.0,768.0,4200.0
2017-02-27,5540.0,781.0,2460.0,6860.0,1460.0,579.0,1270.0,1880.0,508.0,4450.0
2017-02-28,3480.0,580.0,1730.0,4240.0,1380.0,333.0,727.0,2260.0,353.0,3570.0
2017-03-01,2870.0,415.0,1580.0,2760.0,1240.0,301.0,558.0,2410.0,311.0,2690.0
2017-03-02,5810.0,503.0,2980.0,2530.0,1450.0,685.0,1440.0,2450.0,475.0,2260.0
2017-03-03,3990.0,456.0,2150.0,2550.0,1410.0,297.0,1200.0,2350.0,350.0,2040.0
2017-03-04,2570.0,272.0,1460.0,1970.0,972.0,178.0,612.0,2190.0,209.0,1620.0
2017-03-05,1910.0,182.0,1120.0,1580.0,730.0,135.0,412.0,2040.0,170.0,1350.0
2017-03-06,1800.0,171.0,1170.0,1300.0,575.0,134.0,350.0,1910.0,187.0,1190.0
2017-03-07,1560.0,150.0,1150.0,1140.0,497.0,132.0,338.0,1800.0,183.0,1070.0
2017-03-08,1500.0,148.0,,1100.0,512.0,154.0,335.0,1680.0,181.0,1020.0
2017-03-09,1840.0,174.0,,1060.0,567.0,162.0,316.0,1620.0,175.0,963.0
2017-03-10,1490.0,153.0,,882.0,510.0,120.0,282.0,1570.0,157.0,806.0
2017-03-11,1190.0,110.0,,719.0,434.0,95.7,241.0,1480.0,133.0,652.0
2017-03-12,969.0,101.0,,620.0,370.0,83.8,210.0,1370.0,123.0,548.0
2017-03-13,1040.0,89.4,,542.0,335.0,78.2,204.0,1280.0,118.0,480.0
2017-03-14,986.0,70.4,,490.0,299.0,77.2,202.0,1210.0,114.0,473.0
2017-03-15,1030.0,93.9,,483.0,307.0,86.6,211.0,1160.0,111.0,490.0
2017-03-16,1000.0,99.1,,509.0,339.0,86.6,224.0,1100.0,107.0,515.0
2017-03-17,905.0,91.8,,503.0,320.0,81.3,239.0,1060.0,102.0,517.0
2017-03-18,851.0,84.6,,474.0,307.0,76.4,234.0,1020.0,95.4,501.0
2017-03-19,825.0,83.9,,451.0,297.0,72.2,214.0,986.0,91.8,479.0
2017-03-20,801.0,85.2,,442.0,295.0,69.2,194.0,956.0,92.9,473.0
2017-03-21,836.0,95.3,,456.0,307.0,67.0,175.0,933.0,99.7,494.0
2017-03-22,819.0,101.0,,491.0,338.0,65.4,162.0,922.0,93.6,516.0
2017-03-23,762.0,87.8,,485.0,292.0,64.0,153.0,908.0,87.5,503.0
2017-03-24,726.0,86.5,,461.0,297.0,62.7,153.0,899.0,85.0,498.0
2017-03-25,760.0,86.5,,450.0,292.0,61.6,145.0,892.0,81.5,508.0
2017-03-26,663.0,81.0,,455.0,290.0,60.7,136.0,882.0,81.7,502.0
2017-03-27,734.0,102.0,,454.0,295.0,61.5,137.0,875.0,91.3,496.0
2017-03-28,869.0,144.0,,460.0,319.0,62.7,140.0,865.0,90.2,504.0
2017-03-29,1020.0,150.0,,483.0,374.0,68.9,145.0,863.0,95.5,534.0
2017-03-30,1010.0,158.0,,542.0,416.0,61.0,147.0,859.0,103.0,613.0
2017-03-31,1010.0,169.0,,650.0,440.0,58.0,147.0,855.0,112.0,720.0
2017-04-01,960.0,155.0,,706.0,469.0,61.2,147.0,855.0,106.0,755.0
2017-04-02,912.0,151.0,,750.0,449.0,59.6,149.0,848.0,108.0,763.0
2017-04-03,,190.0,,956.0,521.0,68.5,154.0,848.0,146.0,818.0
2017-04-04,1430.0,316.0,,1370.0,557.0,76.2,,891.0,164.0,858.0
2017-04-05,1580.0,480.0,,1580.0,560.0,73.4,165.0,939.0,134.0,861.0
2017-04-06,1650.0,498.0,,1640.0,654.0,106.0,177.0,951.0,161.0,1070.0
2017-04-07,3980.0,738.0,,3590.0,1860.0,641.0,708.0,1040.0,737.0,3790.0
2017-04-08,3960.0,754.0,,5550.0,2120.0,451.0,855.0,1460.0,671.0,5840.0
2017-04-09,2620.0,604.0,,4770.0,1890.0,266.0,536.0,2620.0,460.0,4580.0
2017-04-10,3400.0,669.0,,6050.0,1580.0,601.0,871.0,5340.0,963.0,4030.0
2017-04-11,8140.0,1030.0,,9570.0,1410.0,1810.0,2550.0,9060.0,2020.0,6530.0
2017-04-12,12800.0,1330.0,,12300.0,1390.0,1950.0,3900.0,12700.0,2420.0,8570.0
2017-04-13,10200.0,1260.0,,10200.0,1480.0,1160.0,2910.0,15100.0,1610.0,7210.0
2017-04-14,6320.0,938.0,,7560.0,1400.0,746.0,1720.0,15800.0,1120.0,5390.0
2017-04-15,5220.0,683.0,,6850.0,1210.0,740.0,1700.0,16700.0,1190.0,4930.0
2017-04-16,8780.0,583.0,,8800.0,1020.0,2090.0,4130.0,17900.0,2810.0,6900.0
2017-04-17,11200.0,538.0,,12500.0,926.0,2010.0,5770.0,22400.0,2680.0,9440.0
2017-04-18,6950.0,408.0,,8470.0,855.0,822.0,2930.0,22300.0,1240.0,6290.0
2017-04-19,4500.0,298.0,,4780.0,766.0,496.0,1500.0,18400.0,744.0,3880.0
2017-04-20,4240.0,280.0,,4420.0,759.0,507.0,1630.0,14300.0,810.0,3400.0
2017-04-21,4360.0,351.0,,4330.0,770.0,766.0,1810.0,11900.0,950.0,3410.0
2017-04-22,5280.0,547.0,,4930.0,745.0,671.0,1840.0,11000.0,846.0,3650.0
2017-04-23,3780.0,427.0,,3730.0,801.0,551.0,1670.0,10800.0,822.0,2970.0
2017-04-24,3430.0,307.0,,3760.0,780.0,615.0,2060.0,12200.0,974.0,3350.0
2017-04-25,3380.0,255.0,,3410.0,705.0,560.0,1780.0,12100.0,865.0,3120.0
2017-04-26,4960.0,386.0,,4600.0,821.0,1610.0,2400.0,13300.0,1540.0,4280.0
2017-04-27,5930.0,393.0,,6630.0,1540.0,1140.0,2710.0,21200.0,1570.0,5610.0
2017-04-28,5270.0,311.0,,5040.0,1580.0,997.0,2800.0,23100.0,1480.0,4990.0
2017-04-29,4570.0,243.0,,4160.0,1410.0,756.0,2250.0,22900.0,1130.0,4120.0
2017-04-30,3750.0,197.0,,3340.0,1100.0,525.0,1530.0,20000.0,816.0,3270.0
2017-05-01,2710.0,177.0,,3670.0,916.0,460.0,2540.0,16400.0,1470.0,3820.0
2017-05-02,3990.0,330.0,,6080.0,1080.0,748.0,3280.0,19400.0,1350.0,4730.0
2017-05-03,4160.0,392.0,,4310.0,1190.0,530.0,2350.0,19600.0,975.0,3620.0
2017-05-04,2890.0,284.0,,2950.0,1050.0,351.0,1350.0,16100.0,596.0,2500.0
2017-05-05,2410.0,263.0,,2310.0,860.0,340.0,949.0,11900.0,496.0,1920.0
2017-05-06,4320.0,596.0,,2580.0,1970.0,1110.0,1100.0,9400.0,862.0,2390.0
2017-05-07,5440.0,652.0,,3550.0,3070.0,934.0,1090.0,9730.0,1010.0,3510.0
2017-05-08,4810.0,542.0,,2980.0,2740.0,502.0,923.0,9950.0,717.0,3060.0
2017-05-09,3390.0,375.0,,2560.0,2170.0,338.0,702.0,8540.0,456.0,2450.0
2017-05-10,2590.0,292.0,,1990.0,1650.0,269.0,545.0,7000.0,340.0,1780.0
2017-05-11,2160.0,238.0,,1680.0,1350.0,232.0,482.0,6320.0,291.0,1400.0
2017-05-12,1880.0,200.0,,1520.0,1160.0,216.0,427.0,5730.0,276.0,1220.0
2017-05-13,1700.0,171.0,,1420.0,972.0,206.0,389.0,4930.0,263.0,1070.0
2017-05-14,4150.0,691.0,,1550.0,927.0,994.0,816.0,4150.0,1380.0,1400.0
2017-05-15,7730.0,941.0,,6910.0,1870.0,1990.0,2720.0,5120.0,2270.0,6580.0
2017-05-16,5630.0,750.0,,4180.0,1970.0,734.0,1250.0,7130.0,783.0,3730.0
2017-05-17,3740.0,462.0,,2580.0,1690.0,462.0,698.0,6200.0,501.0,2420.0
2017-05-18,3160.0,297.0,,2010.0,1310.0,391.0,539.0,4950.0,392.0,1880.0
2017-05-19,2820.0,221.0,,1630.0,1030.0,372.0,482.0,,326.0,1490.0
2017-05-20,2130.0,171.0,,1350.0,806.0,250.0,405.0,3510.0,252.0,1190.0
2017-05-21,1670.0,144.0,,1140.0,643.0,199.0,328.0,2730.0,203.0,978.0
2017-05-22,1610.0,150.0,,988.0,537.0,213.0,397.0,2190.0,206.0,843.0
2017-05-23,2060.0,228.0,,1050.0,491.0,212.0,617.0,,275.0,808.0
2017-05-24,1640.0,186.0,,1030.0,452.0,171.0,384.0,1630.0,201.0,689.0
2017-05-25,1390.0,152.0,,859.0,407.0,155.0,312.0,1400.0,170.0,596.0
2017-05-26,3850.0,660.0,,2580.0,539.0,1340.0,646.0,1380.0,891.0,2690.0
2017-05-27,3810.0,708.0,,3470.0,741.0,480.0,595.0,3450.0,504.0,2820.0
2017-05-28,2340.0,409.0,,1930.0,662.0,278.0,360.0,3800.0,284.0,1680.0
2017-05-29,1810.0,263.0,,1440.0,560.0,220.0,286.0,2870.0,217.0,1110.0
2017-05-30,1740.0,268.0,,1210.0,475.0,216.0,285.0,2140.0,201.0,877.0
2017-05-31,2920.0,669.0,,1160.0,410.0,239.0,285.0,1830.0,251.0,779.0
2017-06-01,3030.0,748.0,,1270.0,389.0,236.0,303.0,2100.0,356.0,876.0
2017-06-02,2090.0,539.0,,1210.0,362.0,177.0,263.0,2210.0,231.0,743.0
2017-06-03,1790.0,334.0,,1010.0,338.0,167.0,258.0,1900.0,214.0,615.0
2017-06-04,1710.0,259.0,,894.0,326.0,145.0,235.0,1620.0,181.0,530.0
2017-06-05,1580.0,233.0,,824.0,304.0,203.0,277.0,1450.0,201.0,504.0
2017-06-06,,541.0,,903.0,280.0,515.0,413.0,1310.0,210.0,618.0
2017-06-07,5170.0,914.0,,873.0,255.0,275.0,338.0,1120.0,168.0,541.0
2017-06-08,2770.0,759.0,,719.0,236.0,177.0,223.0,937.0,132.0,443.0
2017-06-09,1940.0,454.0,,605.0,230.0,143.0,270.0,798.0,116.0,379.0
2017-06-10,1590.0,285.0,,556.0,262.0,126.0,285.0,749.0,120.0,367.0
2017-06-11,1340.0,210.0,,531.0,242.0,109.0,188.0,807.0,96.1,324.0
2017-06-12,1150.0,161.0,,466.0,216.0,91.5,147.0,737.0,78.2,281.0
2017-06-13,987.0,132.0,,411.0,198.0,80.4,124.0,619.0,66.7,249.0
2017-06-14,849.0,109.0,,363.0,180.0,69.9,106.0,542.0,57.5,219.0
2017-06-15,740.0,93.3,,319.0,164.0,63.3,94.6,581.0,51.4,197.0
2017-06-16,768.0,97.7,,299.0,154.0,77.7,177.0,514.0,87.3,198.0
2017-06-17,1090.0,143.0,,337.0,210.0,93.4,326.0,749.0,144.0,309.0
2017-06-18,889.0,128.0,,442.0,264.0,75.0,166.0,1800.0,93.3,288.0
2017-06-19,788.0,178.0,,387.0,252.0,74.5,124.0,1490.0,91.2,253.0
2017-06-20,1160.0,324.0,,456.0,235.0,121.0,256.0,1180.0,172.0,392.0
2017-06-21,1010.0,215.0,,597.0,212.0,74.7,276.0,1520.0,116.0,447.0
2017-06-22,774.0,137.0,,461.0,,59.4,214.0,1440.0,76.9,344.0
2017-06-23,678.0,106.0,,380.0,167.0,67.1,433.0,1220.0,101.0,277.0
2017-06-24,889.0,92.6,,377.0,157.0,88.6,1520.0,1570.0,177.0,269.0
2017-06-25,949.0,81.0,,415.0,149.0,69.9,638.0,3370.0,123.0,349.0
2017-06-26,747.0,68.4,,371.0,136.0,57.7,364.0,2940.0,80.0,271.0
2017-06-27,643.0,63.1,,305.0,126.0,53.8,290.0,2070.0,66.0,227.0
2017-06-28,627.0,58.7,,269.0,118.0,70.7,250.0,1710.0,218.0,219.0
2017-06-29,590.0,54.2,,307.0,115.0,60.1,243.0,1740.0,116.0,216.0
2017-06-30,2490.0,63.1,,320.0,140.0,164.0,350.0,1710.0,220.0,211.0
2017-07-01,5670.0,97.1,,417.0,158.0,867.0,497.0,1680.0,1300.0,293.0
2017-07-02,19900.0,212.0,,4200.0,277.0,1160.0,1040.0,1980.0,1450.0,3630.0
2017-07-03,6550.0,177.0,,1890.0,258.0,256.0,433.0,1840.0,396.0,1500.0
2017-07-04,3740.0,108.0,,1050.0,184.0,149.0,269.0,1830.0,222.0,804.0
2017-07-05,2660.0,77.3,,711.0,148.0,111.0,206.0,1690.0,157.0,529.0
2017-07-06,1880.0,60.6,,559.0,125.0,90.3,166.0,1290.0,118.0,386.0
2017-07-07,1460.0,56.8,,463.0,108.0,79.0,145.0,1010.0,97.6,310.0
2017-07-08,1240.0,54.6,,406.0,99.1,75.6,172.0,1270.0,97.2,282.0
2017-07-09,1090.0,48.6,,418.0,93.9,72.3,152.0,2100.0,102.0,429.0
2017-07-10,931.0,41.3,,417.0,86.7,60.9,129.0,2520.0,75.7,304.0
2017-07-11,829.0,37.8,,339.0,81.5,56.9,115.0,2670.0,72.7,257.0
2017-07-12,759.0,36.0,,303.0,78.6,57.4,102.0,2110.0,65.4,228.0
2017-07-13,831.0,50.6,,306.0,80.4,104.0,209.0,1580.0,177.0,267.0
2017-07-14,1020.0,77.1,,537.0,86.1,94.8,262.0,1210.0,165.0,392.0
2017-07-15,1040.0,69.6,,497.0,81.6,91.9,388.0,944.0,161.0,336.0
2017-07-16,974.0,56.1,,514.0,79.1,74.3,217.0,770.0,118.0,379.0
2017-07-17,784.0,45.1,,466.0,77.7,202.0,153.0,,88.2,309.0
2017-07-18,1650.0,48.5,,462.0,75.9,632.0,246.0,914.0,203.0,295.0
2017-07-19,1060.0,42.5,,701.0,81.6,178.0,153.0,1200.0,109.0,527.0
2017-07-20,771.0,36.3,,511.0,81.5,106.0,112.0,1010.0,72.7,331.0
2017-07-21,651.0,31.6,,389.0,,83.7,93.1,776.0,62.7,249.0
2017-07-22,558.0,27.8,,322.0,73.4,71.1,79.2,652.0,49.6,204.0
2017-07-23,506.0,25.3,,273.0,69.0,62.8,69.2,639.0,41.6,177.0
2017-07-24,484.0,26.1,,242.0,66.6,71.6,65.8,656.0,38.8,160.0
2017-07-25,552.0,29.8,,224.0,73.4,146.0,106.0,510.0,49.0,154.0
2017-07-26,515.0,29.8,,219.0,69.9,77.3,93.6,414.0,43.2,149.0
2017-07-27,460.0,27.0,,206.0,65.3,57.5,70.9,358.0,38.8,141.0
2017-07-28,447.0,25.4,,193.0,65.0,57.6,69.7,313.0,43.0,140.0
2017-07-29,399.0,23.3,,185.0,62.1,47.4,61.5,283.0,33.1,135.0
2017-07-30,363.0,21.2,,173.0,58.2,42.4,52.4,254.0,27.5,124.0
2017-07-31,334.0,21.0,,157.0,53.6,39.0,46.9,223.0,24.6,124.0
2017-08-01,327.0,19.6,,148.0,50.7,37.2,44.7,197.0,23.1,120.0
2017-08-02,314.0,19.6,,139.0,48.3,51.3,40.6,174.0,20.6,115.0
2017-08-03,301.0,19.7,,128.0,47.2,76.8,309.0,,19.1,114.0
2017-08-04,341.0,20.4,,131.0,45.6,66.5,156.0,141.0,37.9,117.0
2017-08-05,375.0,20.8,,236.0,44.5,190.0,294.0,137.0,138.0,126.0
2017-08-06,970.0,50.3,,440.0,45.4,260.0,719.0,156.0,284.0,353.0
2017-08-07,589.0,54.3,,564.0,43.6,98.2,225.0,249.0,77.1,253.0
2017-08-08,487.0,39.8,,319.0,45.5,92.8,228.0,292.0,50.5,174.0
2017-08-09,441.0,30.9,,234.0,47.9,75.4,155.0,276.0,38.8,145.0
2017-08-10,368.0,25.8,,194.0,46.0,57.8,106.0,216.0,31.0,128.0
2017-08-11,388.0,,,188.0,43.6,54.0,101.0,177.0,28.5,136.0
2017-08-12,445.0,21.1,,222.0,43.3,52.1,95.4,175.0,36.5,173.0
2017-08-13,363.0,19.8,,290.0,44.1,48.3,262.0,188.0,49.2,172.0
2017-08-14,323.0,18.4,,250.0,44.1,42.1,209.0,339.0,40.0,142.0
2017-08-15,294.0,17.6,,216.0,43.3,37.8,115.0,462.0,29.4,126.0
2017-08-16,294.0,18.6,,313.0,42.9,39.0,95.6,377.0,38.3,175.0
2017-08-17,284.0,16.3,,440.0,40.2,34.0,82.5,306.0,31.6,168.0
2017-08-18,376.0,45.6,,273.0,37.9,40.7,78.5,267.0,27.5,131.0
2017-08-19,789.0,97.9,,232.0,49.1,62.0,111.0,243.0,40.8,132.0
2017-08-20,558.0,80.3,,252.0,55.0,46.6,131.0,239.0,32.7,138.0
2017-08-21,399.0,52.5,,224.0,51.2,36.4,128.0,277.0,25.7,122.0
2017-08-22,338.0,37.0,,189.0,46.7,33.8,87.5,272.0,21.7,107.0
2017-08-23,486.0,32.2,,175.0,44.0,51.1,285.0,264.0,36.9,120.0
2017-08-24,455.0,32.5,,197.0,40.6,37.7,175.0,361.0,30.8,147.0
2017-08-25,345.0,26.7,,198.0,37.9,30.0,109.0,636.0,21.7,115.0
2017-08-26,304.0,22.9,,160.0,35.4,27.4,87.2,460.0,18.6,99.2
2017-08-27,281.0,20.2,,140.0,33.7,25.4,73.2,338.0,16.9,90.7
2017-08-28,263.0,18.4,,126.0,32.4,24.1,64.4,261.0,16.0,85.0
2017-08-29,247.0,16.9,,116.0,31.0,22.9,57.8,208.0,14.5,81.1
2017-08-30,240.0,16.0,,114.0,29.4,22.7,53.3,173.0,14.1,78.8
2017-08-31,230.0,15.0,,113.0,28.7,22.1,51.7,152.0,13.7,77.5
2017-09-01,217.0,17.0,,107.0,27.1,20.2,50.8,137.0,12.9,74.1
2017-09-02,209.0,16.3,,99.4,25.9,19.0,46.9,121.0,12.3,71.4
2017-09-03,226.0,21.2,,98.7,25.1,24.6,50.7,115.0,16.2,73.1
2017-09-04,654.0,40.5,,142.0,31.0,141.0,302.0,137.0,111.0,177.0
2017-09-05,627.0,43.6,,384.0,32.8,55.4,172.0,150.0,51.9,
2017-09-06,1060.0,109.0,,369.0,44.3,71.8,243.0,184.0,69.9,182.0
2017-09-07,854.0,131.0,,869.0,88.0,141.0,281.0,371.0,164.0,405.0
2017-09-08,787.0,102.0,,895.0,78.4,78.0,236.0,875.0,91.7,369.0
2017-09-09,624.0,73.9,,548.0,62.8,58.7,153.0,1160.0,51.0,221.0
2017-09-10,497.0,55.6,,414.0,60.1,44.6,120.0,932.0,39.3,160.0
2017-09-11,397.0,40.0,,343.0,53.6,36.6,98.0,791.0,32.8,132.0
2017-09-12,342.0,32.5,,283.0,45.9,30.3,80.8,649.0,25.3,113.0
2017-09-13,307.0,26.8,,240.0,41.3,26.4,69.6,501.0,20.6,101.0
2017-09-14,284.0,24.4,,217.0,39.9,24.3,62.2,396.0,18.3,93.0
2017-09-15,281.0,23.4,,195.0,37.2,23.5,57.5,324.0,16.7,87.7
2017-09-16,270.0,21.1,,178.0,35.2,22.7,53.9,271.0,15.3,83.6
2017-09-17,264.0,19.7,,164.0,34.1,21.7,50.8,234.0,14.6,80.7
2017-09-18,246.0,19.2,,153.0,33.4,20.9,47.8,205.0,14.1,79.0
2017-09-19,236.0,18.3,,147.0,34.3,20.9,,184.0,14.4,78.4
2017-09-20,228.0,16.7,,143.0,36.3,21.7,44.1,166.0,14.5,79.7
2017-09-21,220.0,15.4,,138.0,36.7,21.8,42.6,150.0,14.0,78.9
2017-09-22,211.0,14.2,,134.0,34.5,19.8,40.1,139.0,13.1,75.8
2017-09-23,201.0,13.2,,130.0,32.0,18.0,37.2,129.0,11.9,73.2
2017-09-24,195.0,12.6,,125.0,31.1,17.1,35.3,120.0,11.3,71.3
2017-09-25,190.0,12.2,,119.0,29.9,16.8,34.3,110.0,10.9,70.1
2017-09-26,192.0,12.6,,116.0,29.4,,33.4,101.0,10.6,68.8
2017-09-27,194.0,19.7,,112.0,28.4,16.3,32.3,100.0,10.4,68.1
2017-09-28,180.0,12.3,,107.0,28.5,15.0,46.3,96.5,9.7,67.2
2017-09-29,171.0,10.8,,100.0,25.9,13.6,48.7,97.2,8.91,67.0
2017-09-30,171.0,10.4,,93.1,25.1,13.5,40.4,97.3,8.83,68.8
2017-10-01,166.0,10.4,,90.0,25.3,13.9,36.0,123.0,9.07,65.5
2017-10-02,165.0,10.2,,86.8,24.4,14.0,33.7,128.0,9.25,63.8
2017-10-03,165.0,9.93,,84.4,23.5,13.9,32.4,111.0,9.22,62.6
2017-10-04,164.0,9.92,,83.0,25.9,14.1,31.6,105.0,9.25,61.9
2017-10-05,165.0,9.9,,81.9,29.5,14.3,35.6,129.0,9.41,61.7
2017-10-06,165.0,9.68,,80.5,27.1,14.4,37.2,208.0,9.24,60.1
2017-10-07,170.0,10.1,,81.5,25.0,14.6,33.8,396.0,9.27,59.1
2017-10-08,184.0,10.9,,86.4,26.8,16.6,35.7,367.0,10.8,63.4
2017-10-09,269.0,18.7,,101.0,30.7,33.8,95.6,336.0,21.9,74.6
2017-10-10,618.0,30.9,,157.0,42.4,83.5,344.0,1030.0,94.5,181.0
2017-10-11,437.0,28.7,,329.0,41.0,35.3,152.0,2050.0,39.3,168.0
2017-10-12,312.0,23.5,,229.0,36.6,24.4,88.4,1620.0,24.0,112.0
2017-10-13,266.0,20.4,,174.0,33.2,20.7,66.5,1130.0,18.8,91.0
2017-10-14,241.0,18.3,,146.0,32.3,19.6,57.3,838.0,17.1,82.3
2017-10-15,226.0,16.9,,132.0,30.7,19.2,53.1,713.0,16.4,78.0
2017-10-16,216.0,15.6,,123.0,31.6,18.3,50.4,1250.0,15.5,74.5
2017-10-17,209.0,13.9,,115.0,29.4,17.6,51.4,2040.0,14.9,70.7
2017-10-18,205.0,13.8,,109.0,30.0,17.2,49.1,1800.0,14.3,69.4
2017-10-19,197.0,13.2,,106.0,29.3,16.8,45.7,1350.0,13.7,68.4
2017-10-20,193.0,12.8,,102.0,30.0,16.7,42.9,1010.0,13.5,67.2
2017-10-21,187.0,12.2,,98.8,27.8,16.1,40.2,803.0,13.0,66.0
2017-10-22,184.0,12.1,,96.9,28.8,16.0,39.0,659.0,13.0,64.2
2017-10-23,,12.4,,95.2,28.6,16.5,38.5,560.0,13.0,63.8
2017-10-24,195.0,14.3,,96.2,28.8,26.7,38.8,495.0,14.1,66.3
2017-10-25,5260.0,216.0,,295.0,52.6,2000.0,1490.0,1800.0,956.0,705.0
2017-10-26,8830.0,474.0,,3010.0,614.0,2150.0,2660.0,9400.0,1290.0,2390.0
2017-10-27,7950.0,514.0,,6930.0,988.0,999.0,3190.0,18200.0,2190.0,6890.0
2017-10-28,3210.0,302.0,,2840.0,642.0,305.0,1260.0,18600.0,425.0,3160.0
2017-10-29,2230.0,201.0,,1560.0,444.0,326.0,589.0,13400.0,272.0,1880.0
2017-10-30,28500.0,2030.0,,8300.0,371.0,8840.0,2950.0,10300.0,4970.0,11400.0
2017-10-31,13800.0,1860.0,,10900.0,375.0,865.0,2190.0,11900.0,1080.0,6340.0
2017-11-01,5980.0,892.0,,3380.0,296.0,431.0,749.0,10400.0,445.0,2940.0
2017-11-02,6260.0,474.0,,2470.0,240.0,551.0,953.0,8320.0,880.0,2350.0
2017-11-03,5300.0,299.0,,2810.0,209.0,408.0,1230.0,11000.0,636.0,2320.0
2017-11-04,3950.0,223.0,,2150.0,182.0,283.0,1100.0,12500.0,387.0,1640.0
2017-11-05,3190.0,176.0,,1610.0,156.0,231.0,587.0,9360.0,272.0,822.0
2017-11-06,3830.0,161.0,,1650.0,208.0,409.0,660.0,7990.0,730.0,1230.0
2017-11-07,4040.0,179.0,,1940.0,369.0,294.0,672.0,9160.0,477.0,1340.0
2017-11-08,3030.0,161.0,,1420.0,323.0,220.0,434.0,7200.0,293.0,1130.0
2017-11-09,2580.0,137.0,,1180.0,264.0,188.0,345.0,5350.0,227.0,913.0
2017-11-10,2250.0,124.0,,1040.0,228.0,176.0,296.0,4180.0,200.0,677.0
2017-11-11,1790.0,109.0,,902.0,198.0,144.0,225.0,3180.0,153.0,502.0
2017-11-12,1490.0,99.4,,773.0,171.0,140.0,194.0,2520.0,142.0,453.0
2017-11-13,1340.0,96.1,,730.0,154.0,128.0,191.0,2120.0,132.0,435.0
2017-11-14,1270.0,97.6,,695.0,144.0,127.0,194.0,1830.0,127.0,417.0
2017-11-15,1180.0,97.6,,665.0,138.0,120.0,178.0,1650.0,120.0,406.0
2017-11-16,1160.0,114.0,,636.0,134.0,129.0,169.0,1510.0,118.0,395.0
2017-11-17,1360.0,138.0,,721.0,215.0,143.0,163.0,1370.0,135.0,423.0
2017-11-18,1160.0,123.0,,720.0,229.0,115.0,129.0,1140.0,108.0,397.0
2017-11-19,2280.0,156.0,,806.0,305.0,211.0,268.0,1230.0,265.0,490.0
2017-11-20,3280.0,195.0,1560.0,1420.0,468.0,213.0,405.0,1300.0,270.0,937.0
2017-11-21,2130.0,150.0,1090.0,1050.0,383.0,144.0,208.0,1250.0,152.0,629.0
2017-11-22,1610.0,126.0,968.0,867.0,358.0,133.0,205.0,1160.0,141.0,555.0
2017-11-23,1370.0,114.0,936.0,1230.0,675.0,136.0,185.0,1080.0,161.0,678.0
2017-11-24,1210.0,104.0,851.0,1090.0,600.0,116.0,161.0,1010.0,125.0,574.0
2017-11-25,1120.0,98.0,804.0,893.0,500.0,110.0,153.0,977.0,113.0,496.0
2017-11-26,1080.0,97.3,788.0,806.0,435.0,111.0,150.0,945.0,108.0,471.0
2017-11-27,1020.0,92.4,741.0,754.0,374.0,98.3,134.0,912.0,90.7,435.0
2017-11-28,846.0,82.0,656.0,570.0,,86.3,111.0,780.0,66.5,323.0
2017-11-29,876.0,78.3,668.0,535.0,273.0,94.2,141.0,843.0,90.2,320.0
2017-11-30,856.0,78.5,648.0,552.0,248.0,85.6,127.0,845.0,76.6,319.0
2017-12-01,849.0,82.2,634.0,554.0,234.0,80.9,134.0,802.0,80.4,328.0
2017-12-02,843.0,83.3,609.0,544.0,231.0,73.3,121.0,767.0,72.8,322.0
2017-12-03,791.0,78.4,583.0,526.0,217.0,68.4,112.0,737.0,66.9,305.0
2017-12-04,751.0,74.7,564.0,499.0,204.0,63.6,105.0,713.0,63.5,288.0
2017-12-05,734.0,75.5,560.0,494.0,194.0,69.6,102.0,694.0,70.2,361.0
2017-12-06,3450.0,231.0,1810.0,1890.0,875.0,412.0,543.0,726.0,439.0,1360.0
2017-12-07,2890.0,245.0,1410.0,2040.0,1110.0,209.0,398.0,808.0,231.0,1170.0
2017-12-08,1810.0,168.0,1030.0,1340.0,853.0,143.0,187.0,832.0,134.0,791.0
2017-12-09,1280.0,134.0,870.0,1030.0,671.0,110.0,118.0,800.0,104.0,585.0
2017-12-10,1150.0,120.0,785.0,909.0,562.0,99.6,109.0,768.0,105.0,520.0
2017-12-11,1030.0,109.0,713.0,692.0,466.0,89.5,103.0,739.0,91.8,406.0
2017-12-12,922.0,86.4,651.0,598.0,407.0,83.3,98.6,712.0,89.9,372.0
2017-12-13,995.0,100.0,595.0,581.0,1100.0,79.5,96.9,688.0,88.3,357.0
2017-12-14,799.0,93.8,549.0,568.0,1050.0,75.7,96.5,667.0,83.4,347.0
2017-12-15,690.0,89.7,506.0,558.0,694.0,72.7,96.2,647.0,78.1,338.0
2017-12-16,833.0,85.4,468.0,545.0,538.0,70.1,95.8,628.0,73.9,331.0
2017-12-17,748.0,78.5,437.0,527.0,399.0,67.6,94.9,610.0,70.1,321.0
2017-12-18,705.0,77.8,421.0,513.0,328.0,64.8,93.7,591.0,66.6,309.0
2017-12-19,824.0,83.7,451.0,508.0,308.0,62.1,92.2,574.0,64.5,298.0
2017-12-20,898.0,92.3,513.0,498.0,303.0,59.6,90.9,559.0,63.8,288.0
2017-12-21,782.0,89.5,425.0,489.0,276.0,57.7,89.7,544.0,62.8,281.0
2017-12-22,671.0,78.5,378.0,481.0,255.0,56.0,89.6,533.0,60.2,275.0
2017-12-23,766.0,86.1,399.0,475.0,255.0,54.6,89.2,,59.4,270.0
2017-12-24,1340.0,124.0,,471.0,268.0,53.1,88.8,510.0,59.6,264.0
2017-12-25,1190.0,131.0,520.0,464.0,268.0,51.7,86.3,496.0,58.3,261.0
2017-12-26,985.0,113.0,414.0,453.0,263.0,50.5,83.9,480.0,57.2,252.0
2017-12-27,782.0,94.0,341.0,428.0,258.0,49.4,81.8,465.0,55.2,235.0
2017-12-28,644.0,83.3,295.0,,253.0,48.2,79.9,453.0,51.4,221.0
2017-12-29,709.0,87.1,274.0,388.0,249.0,47.4,77.2,441.0,48.9,211.0
2017-12-30,784.0,83.1,265.0,376.0,245.0,46.6,74.1,432.0,47.7,204.0
2017-12-31,769.0,74.7,260.0,366.0,241.0,45.9,71.8,421.0,46.1,194.0
2018-01-01,723.0,68.2,256.0,356.0,237.0,45.3,69.9,410.0,44.6,186.0
2018-01-02,702.0,63.6,254.0,349.0,233.0,45.0,68.0,402.0,44.0,180.0
2018-01-03,670.0,60.9,252.0,342.0,229.0,44.8,66.6,394.0,42.9,174.0
2018-01-04,658.0,61.1,250.0,338.0,226.0,44.6,66.2,389.0,42.0,171.0
2018-01-05,705.0,72.1,247.0,335.0,224.0,44.3,66.0,383.0,41.4,174.0
2018-01-06,728.0,72.3,245.0,334.0,222.0,44.0,63.7,378.0,41.0,183.0
2018-01-07,680.0,69.0,243.0,334.0,220.0,43.7,61.3,373.0,40.7,186.0
2018-01-08,654.0,66.3,242.0,332.0,221.0,,60.7,367.0,,184.0
2018-01-09,630.0,64.1,240.0,325.0,224.0,43.2,60.5,360.0,40.1,179.0
2018-01-10,593.0,62.8,238.0,323.0,220.0,42.4,60.4,353.0,39.9,174.0
2018-01-11,572.0,62.2,239.0,329.0,229.0,41.5,58.4,351.0,41.2,173.0
2018-01-12,1810.0,220.0,1940.0,377.0,379.0,334.0,240.0,375.0,152.0,200.0
2018-01-13,22600.0,1350.0,16500.0,2830.0,3950.0,2580.0,1680.0,495.0,1620.0,1620.0
2018-01-14,8300.0,1240.0,5600.0,4870.0,4900.0,504.0,947.0,691.0,523.0,3580.0
2018-01-15,2970.0,925.0,2930.0,3180.0,3870.0,245.0,533.0,970.0,205.0,2420.0
2018-01-16,2090.0,675.0,2280.0,2200.0,2670.0,179.0,352.0,1270.0,154.0,1760.0
2018-01-17,1830.0,448.0,1860.0,1720.0,1900.0,145.0,283.0,1430.0,128.0,1320.0
2018-01-18,1480.0,326.0,1580.0,1460.0,1410.0,125.0,240.0,1450.0,104.0,1040.0
2018-01-19,1230.0,264.0,1380.0,1270.0,1130.0,110.0,212.0,1410.0,90.7,853.0
2018-01-20,1110.0,210.0,1270.0,1140.0,941.0,98.4,192.0,1330.0,81.1,719.0
2018-01-21,1030.0,183.0,1180.0,1040.0,837.0,88.7,179.0,1240.0,74.1,610.0
2018-01-22,980.0,166.0,1080.0,971.0,704.0,80.7,175.0,1170.0,69.5,545.0
2018-01-23,1490.0,163.0,1200.0,908.0,667.0,121.0,179.0,1120.0,79.0,535.0
2018-01-24,5920.0,250.0,2290.0,847.0,2110.0,397.0,209.0,1070.0,121.0,538.0
2018-01-25,2200.0,289.0,1330.0,800.0,2050.0,171.0,215.0,1020.0,120.0,506.0
2018-01-26,1310.0,212.0,1060.0,771.0,1510.0,148.0,190.0,982.0,110.0,479.0
2018-01-27,1320.0,164.0,1050.0,742.0,1220.0,135.0,187.0,953.0,101.0,453.0
2018-01-28,1440.0,158.0,1130.0,712.0,1070.0,124.0,186.0,929.0,92.3,421.0
2018-01-29,1240.0,151.0,988.0,680.0,873.0,113.0,183.0,908.0,84.5,388.0
2018-01-30,1030.0,138.0,858.0,654.0,694.0,104.0,173.0,892.0,77.7,367.0
2018-01-31,850.0,121.0,755.0,626.0,576.0,97.8,160.0,877.0,71.9,350.0
2018-02-01,912.0,115.0,804.0,605.0,521.0,90.0,147.0,866.0,66.6,331.0
2018-02-02,871.0,110.0,768.0,590.0,494.0,83.5,137.0,854.0,62.0,319.0
2018-02-03,619.0,92.2,631.0,582.0,473.0,80.6,128.0,843.0,59.3,314.0
2018-02-04,760.0,90.8,608.0,581.0,463.0,96.3,123.0,832.0,57.9,305.0
2018-02-05,844.0,108.0,648.0,575.0,1360.0,100.0,119.0,820.0,56.0,297.0
2018-02-06,769.0,109.0,577.0,572.0,1840.0,93.2,119.0,809.0,55.6,293.0
2018-02-07,755.0,96.2,504.0,565.0,1510.0,87.2,119.0,797.0,56.2,286.0
2018-02-08,820.0,95.5,456.0,562.0,1240.0,84.0,117.0,786.0,56.7,276.0
2018-02-09,802.0,92.1,432.0,556.0,1010.0,80.5,115.0,777.0,55.8,268.0
2018-02-10,865.0,95.8,425.0,553.0,838.0,76.2,113.0,769.0,53.2,263.0
2018-02-11,842.0,98.4,441.0,556.0,914.0,72.1,111.0,761.0,50.6,260.0
2018-02-12,832.0,124.0,518.0,556.0,1160.0,68.7,108.0,755.0,48.1,256.0
2018-02-13,791.0,122.0,515.0,550.0,1030.0,65.8,104.0,748.0,46.0,250.0
2018-02-14,756.0,111.0,503.0,541.0,826.0,63.3,98.9,743.0,44.1,248.0
2018-02-15,735.0,107.0,524.0,535.0,713.0,60.3,94.4,737.0,42.3,244.0
2018-02-16,757.0,110.0,544.0,534.0,640.0,56.6,90.4,732.0,40.5,243.0
2018-02-17,849.0,129.0,583.0,535.0,583.0,54.6,88.3,727.0,38.9,242.0
2018-02-18,866.0,135.0,565.0,535.0,536.0,52.7,86.8,723.0,37.7,239.0
2018-02-19,763.0,124.0,525.0,537.0,510.0,50.4,,718.0,36.6,233.0
2018-02-20,822.0,129.0,539.0,536.0,661.0,49.9,101.0,714.0,40.8,255.0
2018-02-21,1840.0,247.0,1120.0,609.0,909.0,910.0,568.0,723.0,199.0,404.0
2018-02-22,7780.0,628.0,2810.0,995.0,1120.0,1920.0,1700.0,795.0,1130.0,681.0
2018-02-23,3460.0,568.0,1460.0,1600.0,1000.0,859.0,1340.0,947.0,600.0,
2018-02-24,2280.0,423.0,1200.0,1390.0,903.0,682.0,636.0,1230.0,314.0,931.0
2018-02-25,,378.0,1090.0,1150.0,799.0,643.0,392.0,1450.0,225.0,845.0
2018-02-26,1660.0,334.0,981.0,1000.0,722.0,649.0,309.0,1430.0,205.0,778.0
2018-02-27,1540.0,285.0,918.0,926.0,717.0,458.0,266.0,1390.0,179.0,716.0
2018-02-28,1490.0,267.0,895.0,885.0,664.0,401.0,254.0,1340.0,190.0,663.0
2018-03-01,1800.0,305.0,1030.0,891.0,664.0,,267.0,1290.0,208.0,633.0
2018-03-02,2100.0,377.0,1130.0,954.0,688.0,154.0,250.0,1250.0,163.0,628.0
2018-03-03,2220.0,463.0,1140.0,1010.0,713.0,133.0,242.0,1220.0,147.0,630.0
2018-03-04,1960.0,422.0,1090.0,1040.0,690.0,128.0,231.0,1180.0,147.0,636.0
2018-03-05,1660.0,344.0,1020.0,1020.0,645.0,120.0,217.0,,137.0,628.0
2018-03-06,1490.0,,949.0,974.0,607.0,112.0,199.0,1120.0,126.0,597.0
2018-03-07,1390.0,257.0,904.0,922.0,561.0,109.0,190.0,1090.0,122.0,570.0
2018-03-08,1310.0,230.0,897.0,876.0,552.0,97.9,186.0,1060.0,112.0,538.0
2018-03-09,1220.0,204.0,869.0,838.0,,,174.0,1030.0,104.0,508.0
2018-03-10,1120.0,187.0,800.0,826.0,537.0,102.0,160.0,1010.0,95.6,480.0
2018-03-11,1040.0,168.0,758.0,807.0,509.0,92.1,155.0,,89.9,453.0
2018-03-12,976.0,156.0,712.0,784.0,475.0,88.5,149.0,965.0,85.2,439.0
2018-03-13,978.0,156.0,722.0,771.0,462.0,85.9,144.0,951.0,86.8,428.0
2018-03-14,955.0,155.0,714.0,772.0,452.0,97.8,145.0,938.0,92.4,417.0
2018-03-15,930.0,152.0,686.0,788.0,505.0,88.4,146.0,924.0,88.8,403.0
2018-03-16,873.0,142.0,647.0,763.0,467.0,84.9,128.0,913.0,78.9,386.0
2018-03-17,736.0,121.0,547.0,649.0,432.0,79.5,109.0,901.0,75.9,354.0
2018-03-18,712.0,103.0,480.0,579.0,376.0,78.4,108.0,890.0,76.7,320.0
2018-03-19,754.0,114.0,541.0,561.0,363.0,79.0,145.0,880.0,75.9,302.0
2018-03-20,759.0,115.0,536.0,582.0,358.0,81.8,166.0,869.0,81.1,298.0
2018-03-21,745.0,117.0,526.0,596.0,351.0,82.0,156.0,850.0,77.0,296.0
2018-03-22,,115.0,537.0,596.0,346.0,81.6,140.0,832.0,70.7,295.0
2018-03-23,718.0,118.0,541.0,606.0,339.0,77.8,126.0,816.0,67.4,295.0
2018-03-24,730.0,124.0,558.0,645.0,345.0,74.7,121.0,803.0,78.5,297.0
2018-03-25,731.0,128.0,544.0,694.0,352.0,67.1,113.0,789.0,72.8,301.0
2018-03-26,718.0,127.0,525.0,689.0,342.0,64.7,108.0,776.0,56.3,304.0
2018-03-27,772.0,135.0,537.0,705.0,343.0,69.4,118.0,763.0,77.3,304.0
2018-03-28,853.0,155.0,565.0,844.0,381.0,86.9,134.0,753.0,117.0,322.0
2018-03-29,1170.0,225.0,711.0,1350.0,525.0,125.0,183.0,759.0,196.0,490.0
2018-03-30,3440.0,356.0,1590.0,3000.0,847.0,419.0,650.0,793.0,808.0,1650.0
2018-03-31,4490.0,518.0,2150.0,4850.0,1240.0,369.0,993.0,863.0,634.0,2950.0
2018-04-01,3160.0,478.0,1590.0,3580.0,1320.0,249.0,629.0,1060.0,411.0,2260.0
2018-04-02,2730.0,441.0,1470.0,3080.0,1260.0,212.0,456.0,1430.0,324.0,1870.0
2018-04-03,2200.0,357.0,1280.0,2410.0,1090.0,173.0,369.0,1640.0,256.0,1440.0
2018-04-04,2290.0,388.0,1320.0,2560.0,1090.0,187.0,422.0,1580.0,283.0,1480.0
2018-04-05,2990.0,508.0,1630.0,2990.0,1540.0,230.0,737.0,1510.0,304.0,1770.0
2018-04-06,2120.0,383.0,1300.0,2160.0,1470.0,164.0,458.0,1450.0,213.0,1270.0
2018-04-07,1800.0,,1200.0,1890.0,1290.0,146.0,365.0,1390.0,191.0,1090.0
2018-04-08,1520.0,256.0,1080.0,,1180.0,130.0,280.0,1340.0,168.0,932.0
2018-04-09,1330.0,217.0,990.0,1560.0,985.0,120.0,250.0,1290.0,156.0,831.0
2018-04-10,1240.0,195.0,925.0,1400.0,827.0,112.0,208.0,1250.0,142.0,731.0
2018-04-11,1160.0,181.0,887.0,1360.0,723.0,109.0,209.0,1220.0,140.0,698.0
2018-04-12,1170.0,190.0,887.0,,659.0,119.0,226.0,1190.0,175.0,753.0
2018-04-13,2310.0,314.0,1280.0,2510.0,792.0,332.0,435.0,1170.0,424.0,1500.0
2018-04-14,3300.0,384.0,1980.0,4080.0,982.0,534.0,955.0,1160.0,742.0,
2018-04-15,2670.0,338.0,1600.0,2880.0,1050.0,277.0,570.0,1180.0,379.0,1890.0
2018-04-16,2160.0,308.0,1370.0,2150.0,976.0,211.0,406.0,1260.0,279.0,1380.0
2018-04-17,5750.0,640.0,2700.0,5230.0,1880.0,810.0,445.0,1370.0,592.0,3020.0
2018-04-18,4470.0,700.0,2440.0,5150.0,2300.0,412.0,433.0,1540.0,462.0,3350.0
2018-04-19,3100.0,564.0,1940.0,3350.0,2070.0,292.0,350.0,1940.0,340.0,2370.0
2018-04-20,2560.0,468.0,1710.0,2880.0,1680.0,236.0,331.0,2370.0,333.0,2030.0
2018-04-21,2200.0,440.0,1600.0,2850.0,1360.0,231.0,328.0,2800.0,368.0,2050.0
2018-04-22,,478.0,1690.0,2770.0,1150.0,282.0,412.0,3430.0,440.0,2080.0
2018-04-23,2690.0,473.0,1760.0,2730.0,994.0,359.0,659.0,4430.0,570.0,2100.0
2018-04-24,3220.0,458.0,2060.0,2850.0,877.0,590.0,1200.0,5910.0,863.0,2340.0
2018-04-25,4520.0,519.0,3030.0,3350.0,810.0,1110.0,1950.0,8790.0,1260.0,3240.0
2018-04-26,10300.0,761.0,7010.0,9260.0,2580.0,1720.0,3950.0,15700.0,3040.0,8740.0
2018-04-27,7990.0,706.0,5270.0,8310.0,4130.0,1040.0,4230.0,28900.0,1790.0,6230.0
2018-04-28,5690.0,559.0,4240.0,4790.0,3680.0,937.0,3400.0,36900.0,1420.0,4140.0
2018-04-29,6170.0,457.0,4480.0,3780.0,2720.0,1160.0,3620.0,36000.0,1320.0,3340.0
2018-04-30,7530.0,435.0,5390.0,,2180.0,1230.0,3570.0,38700.0,1160.0,3110.0
2018-05-01,5440.0,405.0,3560.0,2830.0,1820.0,673.0,2520.0,38100.0,920.0,3020.0
2018-05-02,5070.0,342.0,3730.0,2430.0,1510.0,948.0,2560.0,33200.0,1190.0,2660.0
2018-05-03,7120.0,290.0,5250.0,2580.0,1250.0,980.0,3580.0,32700.0,1540.0,2860.0
2018-05-04,6520.0,276.0,4730.0,2900.0,1230.0,824.0,3620.0,31500.0,1400.0,3390.0
2018-05-05,8510.0,283.0,5720.0,3130.0,1190.0,967.0,3800.0,29700.0,1320.0,3620.0
2018-05-06,5200.0,251.0,3500.0,2350.0,1040.0,503.0,1880.0,26500.0,684.0,2480.0
2018-05-07,4100.0,214.0,2770.0,1730.0,899.0,406.0,1100.0,20600.0,488.0,1890.0
2018-05-08,3370.0,184.0,2350.0,1400.0,766.0,312.0,778.0,14400.0,361.0,1430.0
2018-05-09,2960.0,161.0,2160.0,1210.0,657.0,287.0,622.0,10200.0,307.0,1040.0
2018-05-10,2820.0,146.0,2090.0,1080.0,578.0,258.0,537.0,8000.0,276.0,859.0
2018-05-11,2510.0,135.0,1930.0,973.0,522.0,231.0,470.0,6650.0,240.0,836.0
2018-05-12,2050.0,122.0,1590.0,858.0,462.0,180.0,374.0,5250.0,192.0,700.0
2018-05-13,1700.0,114.0,1370.0,757.0,423.0,161.0,312.0,3980.0,165.0,603.0
2018-05-14,1530.0,108.0,1260.0,688.0,389.0,154.0,274.0,3150.0,151.0,550.0
2018-05-15,1520.0,102.0,1290.0,652.0,370.0,184.0,284.0,2620.0,175.0,559.0
2018-05-16,1980.0,97.2,1530.0,739.0,386.0,199.0,320.0,2230.0,206.0,687.0
2018-05-17,1510.0,92.5,1220.0,690.0,374.0,152.0,245.0,1870.0,153.0,563.0
2018-05-18,,84.8,1120.0,597.0,349.0,134.0,212.0,1570.0,130.0,495.0
2018-05-19,1170.0,82.7,992.0,534.0,318.0,120.0,188.0,1320.0,114.0,429.0
2018-05-20,1530.0,108.0,1190.0,563.0,378.0,159.0,285.0,1230.0,211.0,527.0
2018-05-21,1550.0,104.0,1160.0,707.0,403.0,134.0,318.0,1580.0,173.0,559.0
2018-05-22,1220.0,90.2,944.0,573.0,363.0,112.0,210.0,1500.0,124.0,435.0
2018-05-23,,86.7,927.0,487.0,328.0,111.0,201.0,1230.0,111.0,388.0
2018-05-24,1130.0,81.3,849.0,445.0,295.0,97.8,175.0,1160.0,94.4,350.0
2018-05-25,979.0,68.6,752.0,402.0,269.0,87.3,148.0,1090.0,81.8,311.0
2018-05-26,900.0,58.7,717.0,369.0,247.0,84.9,137.0,1030.0,73.4,281.0
2018-05-27,857.0,64.9,706.0,335.0,225.0,84.0,134.0,1650.0,67.4,258.0
2018-05-28,782.0,73.7,642.0,307.0,205.0,76.1,117.0,1350.0,61.1,236.0
2018-05-29,732.0,62.5,603.0,288.0,196.0,71.4,108.0,1010.0,57.6,224.0
2018-05-30,668.0,53.7,552.0,271.0,181.0,62.9,94.4,803.0,49.5,204.0
2018-05-31,610.0,45.3,512.0,246.0,166.0,58.4,85.1,649.0,44.8,188.0
2018-06-01,573.0,41.5,484.0,257.0,157.0,71.8,82.1,548.0,45.4,181.0
2018-06-02,564.0,38.0,481.0,303.0,152.0,98.9,125.0,474.0,60.2,
2018-06-03,538.0,32.9,453.0,362.0,140.0,64.5,94.3,424.0,44.5,346.0
2018-06-04,543.0,42.7,451.0,268.0,134.0,66.3,96.1,372.0,46.1,257.0
2018-06-05,718.0,75.6,599.0,247.0,174.0,99.4,160.0,392.0,73.8,294.0
2018-06-06,678.0,84.0,618.0,318.0,216.0,107.0,221.0,617.0,75.2,359.0
2018-06-07,607.0,66.4,539.0,349.0,211.0,94.5,155.0,783.0,67.4,329.0
2018-06-08,550.0,51.3,477.0,353.0,193.0,76.7,115.0,705.0,55.7,298.0
2018-06-09,491.0,41.6,426.0,287.0,175.0,61.6,91.0,573.0,43.6,246.0
2018-06-10,438.0,35.2,389.0,237.0,154.0,53.1,,455.0,35.6,207.0
2018-06-11,404.0,29.4,363.0,209.0,137.0,47.5,65.8,370.0,31.2,185.0
2018-06-12,380.0,25.9,345.0,191.0,126.0,44.1,59.9,306.0,28.1,169.0
2018-06-13,359.0,23.1,327.0,178.0,119.0,40.1,55.2,260.0,25.2,156.0
2018-06-14,388.0,29.1,326.0,176.0,114.0,41.4,87.3,371.0,24.7,170.0
2018-06-15,416.0,38.0,341.0,188.0,111.0,40.7,171.0,1260.0,31.9,406.0
2018-06-16,382.0,32.0,324.0,240.0,107.0,36.5,101.0,1480.0,27.7,283.0
2018-06-17,342.0,25.6,296.0,206.0,101.0,32.0,67.4,998.0,21.5,204.0
2018-06-18,334.0,22.4,298.0,175.0,98.4,31.0,139.0,734.0,21.6,182.0
2018-06-19,1340.0,22.0,788.0,221.0,208.0,51.4,864.0,671.0,204.0,478.0
2018-06-20,861.0,21.5,523.0,447.0,186.0,38.2,233.0,627.0,77.8,360.0
2018-06-21,574.0,20.7,381.0,278.0,141.0,29.8,127.0,512.0,46.0,242.0
2018-06-22,464.0,18.4,322.0,203.0,118.0,26.0,91.2,435.0,33.8,190.0
2018-06-23,415.0,18.6,300.0,170.0,106.0,27.4,76.1,369.0,30.1,
2018-06-24,703.0,23.7,436.0,165.0,162.0,53.9,76.3,312.0,35.9,167.0
2018-06-25,612.0,23.7,403.0,175.0,194.0,40.9,81.2,296.0,36.2,201.0
2018-06-26,483.0,21.2,333.0,217.0,213.0,32.3,69.9,345.0,35.1,345.0
2018-06-27,418.0,,295.0,239.0,197.0,26.5,58.7,526.0,28.4,258.0
2018-06-28,1920.0,59.7,466.0,239.0,367.0,47.6,193.0,501.0,55.5,249.0
2018-06-29,3830.0,163.0,1020.0,479.0,1720.0,83.5,323.0,406.0,144.0,485.0
2018-06-30,1710.0,98.1,663.0,507.0,1180.0,45.2,164.0,369.0,92.0,435.0
2018-07-01,1070.0,57.1,539.0,452.0,755.0,53.4,131.0,370.0,171.0,880.0
2018-07-02,823.0,38.1,515.0,711.0,513.0,40.7,122.0,450.0,95.5,643.0
2018-07-03,690.0,28.4,412.0,407.0,371.0,31.0,207.0,1730.0,57.4,392.0
2018-07-04,587.0,22.7,354.0,288.0,292.0,25.7,162.0,2370.0,40.2,313.0
2018-07-05,509.0,20.0,312.0,226.0,234.0,21.4,88.3,1750.0,30.0,236.0
2018-07-06,509.0,20.6,295.0,199.0,195.0,32.4,145.0,,46.9,211.0
2018-07-07,634.0,22.4,322.0,202.0,176.0,37.7,198.0,949.0,53.0,273.0
2018-07-08,484.0,22.4,278.0,192.0,153.0,23.4,96.5,951.0,32.1,208.0
2018-07-09,422.0,19.1,253.0,168.0,139.0,19.4,69.3,720.0,24.2,175.0
2018-07-10,379.0,17.4,235.0,149.0,129.0,17.2,56.2,540.0,19.8,155.0
2018-07-11,357.0,16.4,224.0,131.0,118.0,16.5,49.6,422.0,17.2,142.0
2018-07-12,344.0,15.1,220.0,119.0,108.0,15.9,44.6,,15.5,131.0
2018-07-13,320.0,14.1,209.0,110.0,99.0,14.7,41.3,309.0,14.8,126.0
2018-07-14,302.0,13.3,202.0,103.0,93.3,14.1,38.8,270.0,14.4,123.0
2018-07-15,301.0,13.4,203.0,102.0,89.8,15.6,56.5,249.0,15.8,126.0
2018-07-16,292.0,12.6,201.0,123.0,88.0,15.0,149.0,428.0,19.9,186.0
2018-07-17,301.0,16.4,201.0,154.0,87.9,17.1,86.6,713.0,18.5,162.0
2018-07-18,371.0,18.7,224.0,159.0,95.3,24.5,410.0,781.0,39.5,151.0
2018-07-19,313.0,19.6,204.0,130.0,88.1,16.6,136.0,1190.0,24.8,141.0
2018-07-20,272.0,16.2,182.0,120.0,79.9,12.6,77.7,879.0,16.9,119.0
2018-07-21,248.0,13.5,171.0,101.0,74.4,10.8,57.9,612.0,13.7,105.0
2018-07-22,241.0,14.0,167.0,91.7,72.0,12.1,49.0,452.0,13.0,93.1
2018-07-23,706.0,50.2,227.0,106.0,72.8,47.0,58.2,371.0,22.4,134.0
2018-07-24,2390.0,147.0,876.0,138.0,75.1,138.0,74.8,325.0,30.7,238.0
2018-07-25,1800.0,101.0,668.0,175.0,101.0,192.0,74.0,301.0,,159.0
2018-07-26,5550.0,160.0,3400.0,166.0,114.0,998.0,117.0,370.0,861.0,431.0
2018-07-27,3700.0,190.0,1870.0,719.0,125.0,309.0,143.0,1070.0,415.0,750.0
2018-07-28,2300.0,103.0,1310.0,876.0,113.0,132.0,249.0,1010.0,321.0,563.0
2018-07-29,1510.0,70.8,839.0,676.0,101.0,88.4,151.0,761.0,369.0,1440.0
2018-07-30,1070.0,46.7,611.0,616.0,89.7,64.7,93.1,618.0,126.0,906.0
2018-07-31,839.0,35.3,489.0,,77.9,52.1,66.6,496.0,72.8,546.0
2018-08-01,718.0,32.4,425.0,243.0,69.2,46.2,54.9,401.0,55.3,323.0
2018-08-02,769.0,38.5,463.0,203.0,67.5,55.2,50.6,334.0,46.4,264.0
2018-08-03,685.0,42.2,406.0,175.0,64.7,44.4,46.0,283.0,38.9,223.0
2018-08-04,1400.0,57.5,613.0,640.0,62.5,591.0,98.7,249.0,1150.0,1310.0
2018-08-05,1910.0,75.7,981.0,2180.0,67.6,253.0,96.0,226.0,426.0,1840.0
2018-08-06,1060.0,51.8,572.0,840.0,74.0,111.0,60.6,214.0,159.0,987.0
2018-08-07,800.0,37.6,440.0,486.0,67.4,75.3,57.3,211.0,98.1,473.0
2018-08-08,722.0,36.7,379.0,376.0,63.5,68.2,53.3,196.0,127.0,496.0
2018-08-09,638.0,41.8,377.0,408.0,74.5,124.0,68.4,604.0,356.0,412.0
2018-08-10,555.0,38.0,345.0,453.0,75.3,69.1,141.0,1920.0,143.0,387.0
2018-08-11,484.0,28.5,300.0,344.0,65.5,50.6,69.2,1580.0,83.4,286.0
2018-08-12,457.0,43.0,298.0,255.0,,49.1,49.0,973.0,64.0,234.0
2018-08-13,470.0,49.0,325.0,215.0,58.9,56.6,42.1,631.0,58.5,206.0
2018-08-14,504.0,63.4,344.0,205.0,57.9,75.8,38.4,452.0,55.6,197.0
2018-08-15,559.0,78.7,433.0,210.0,58.0,130.0,39.3,429.0,61.3,216.0
2018-08-16,485.0,59.7,345.0,243.0,78.4,71.5,68.2,383.0,84.1,324.0
2018-08-17,425.0,43.5,298.0,235.0,75.9,52.2,72.4,391.0,60.0,274.0
2018-08-18,910.0,67.0,296.0,206.0,74.3,71.8,379.0,565.0,67.3,264.0
2018-08-19,798.0,,336.0,197.0,85.0,83.2,238.0,799.0,63.3,376.0
2018-08-20,562.0,58.3,291.0,233.0,97.0,55.8,107.0,657.0,45.6,265.0
2018-08-21,446.0,39.9,259.0,186.0,106.0,45.9,69.7,467.0,38.5,213.0
2018-08-22,981.0,63.5,381.0,164.0,102.0,127.0,192.0,383.0,155.0,193.0
2018-08-23,1780.0,102.0,817.0,209.0,101.0,143.0,323.0,375.0,184.0,292.0
2018-08-24,917.0,,466.0,350.0,87.7,74.1,131.0,412.0,80.4,240.0
2018-08-25,648.0,47.7,358.0,230.0,78.0,55.6,82.9,354.0,55.0,188.0
2018-08-26,527.0,36.5,313.0,176.0,71.6,46.9,65.1,288.0,44.8,166.0
2018-08-27,457.0,29.9,287.0,150.0,65.9,42.4,,234.0,39.3,153.0
2018-08-28,399.0,25.9,266.0,142.0,61.3,37.2,56.0,198.0,35.6,144.0
2018-08-29,370.0,22.9,251.0,139.0,56.9,32.9,55.6,231.0,36.2,140.0
2018-08-30,372.0,20.2,238.0,155.0,54.1,31.6,100.0,319.0,241.0,182.0
2018-08-31,358.0,17.9,227.0,228.0,49.7,29.0,86.1,421.0,93.0,180.0
2018-09-01,325.0,16.2,217.0,195.0,46.1,27.2,61.5,541.0,59.5,147.0
2018-09-02,309.0,15.6,210.0,157.0,43.0,25.5,52.4,398.0,49.1,134.0
2018-09-03,294.0,14.6,204.0,,41.8,30.7,97.6,335.0,51.4,128.0
2018-09-04,286.0,13.8,200.0,132.0,41.0,44.4,435.0,318.0,89.1,129.0
2018-09-05,280.0,12.6,198.0,127.0,38.4,30.4,152.0,396.0,56.9,125.0
2018-09-06,270.0,12.1,200.0,126.0,37.3,27.9,93.5,499.0,,116.0
2018-09-07,368.0,11.5,227.0,116.0,36.0,29.7,112.0,374.0,40.6,107.0
2018-09-08,311.0,10.7,205.0,108.0,36.2,23.9,75.1,285.0,33.8,101.0
2018-09-09,269.0,10.3,183.0,102.0,33.5,20.8,59.2,230.0,29.3,95.3
2018-09-10,254.0,10.9,175.0,94.8,32.9,20.2,52.4,193.0,27.3,
2018-09-11,348.0,43.8,264.0,109.0,72.8,48.2,383.0,184.0,115.0,125.0
2018-09-12,502.0,55.1,360.0,169.0,115.0,55.2,324.0,200.0,109.0,271.0
2018-09-13,391.0,40.9,270.0,243.0,88.5,37.1,153.0,327.0,63.1,177.0
2018-09-14,333.0,30.4,235.0,176.0,69.2,30.1,103.0,,45.2,140.0
2018-09-15,291.0,24.9,210.0,141.0,58.2,25.3,79.5,252.0,36.2,121.0
2018-09-16,267.0,21.1,,120.0,50.6,22.4,67.3,211.0,31.3,109.0
2018-09-17,248.0,18.1,183.0,107.0,46.4,21.1,60.3,175.0,28.5,103.0
2018-09-18,264.0,25.6,177.0,97.3,43.3,20.0,55.2,153.0,26.2,101.0
2018-09-19,271.0,36.3,171.0,90.1,42.1,18.7,51.8,141.0,24.1,96.4
2018-09-20,245.0,32.5,167.0,85.0,41.8,20.4,52.9,131.0,24.2,93.8
2018-09-21,235.0,27.6,173.0,84.3,40.2,26.3,61.7,131.0,44.7,101.0
2018-09-22,241.0,22.6,187.0,90.1,40.7,33.9,115.0,152.0,113.0,118.0
2018-09-23,269.0,19.2,214.0,115.0,39.4,30.7,94.9,390.0,63.8,133.0
2018-09-24,237.0,18.3,183.0,137.0,36.8,22.6,64.4,416.0,42.5,111.0
2018-09-25,256.0,27.1,184.0,113.0,35.3,24.3,62.0,363.0,42.9,102.0
2018-09-26,996.0,90.3,662.0,125.0,71.7,114.0,206.0,349.0,364.0,230.0
2018-09-27,1730.0,110.0,802.0,345.0,139.0,99.2,464.0,1560.0,271.0,347.0
2018-09-28,954.0,89.7,533.0,389.0,157.0,56.6,204.0,2740.0,127.0,258.0
2018-09-29,661.0,62.9,388.0,258.0,128.0,43.1,139.0,2170.0,85.8,178.0
2018-09-30,527.0,45.3,323.0,192.0,106.0,34.6,105.0,1480.0,65.0,145.0
2018-10-01,454.0,38.3,296.0,162.0,90.7,33.0,94.7,1090.0,60.7,130.0
2018-10-02,629.0,64.3,338.0,150.0,92.4,42.9,206.0,862.0,92.3,129.0
2018-10-03,2010.0,138.0,849.0,190.0,263.0,115.0,576.0,697.0,283.0,243.0
2018-10-04,1390.0,109.0,701.0,,258.0,75.5,281.0,592.0,145.0,271.0
2018-10-05,951.0,79.6,500.0,304.0,191.0,54.6,206.0,524.0,109.0,197.0
2018-10-06,740.0,62.9,409.0,233.0,150.0,42.9,155.0,479.0,83.2,162.0
2018-10-07,650.0,48.1,364.0,194.0,124.0,38.6,134.0,430.0,71.9,142.0
2018-10-08,589.0,43.9,342.0,170.0,104.0,37.9,125.0,,66.7,131.0
2018-10-09,563.0,42.4,329.0,156.0,89.7,37.5,122.0,370.0,66.4,131.0
2018-10-10,547.0,39.2,314.0,149.0,81.8,36.7,136.0,492.0,65.6,149.0
2018-10-11,779.0,89.5,336.0,167.0,91.4,45.6,231.0,2030.0,146.0,196.0
2018-10-12,2320.0,233.0,,460.0,204.0,80.8,710.0,8180.0,234.0,621.0
2018-10-13,1370.0,167.0,516.0,590.0,208.0,55.2,325.0,7070.0,135.0,413.0
2018-10-14,1040.0,115.0,426.0,378.0,182.0,44.2,218.0,4740.0,98.6,288.0
2018-10-15,903.0,95.9,387.0,285.0,164.0,40.1,178.0,3180.0,85.5,236.0
2018-10-16,1440.0,92.9,504.0,250.0,366.0,56.5,333.0,2690.0,136.0,257.0
2018-10-17,1240.0,91.1,522.0,286.0,356.0,54.7,277.0,2660.0,115.0,276.0
2018-10-18,1000.0,89.4,443.0,277.0,273.0,48.0,250.0,2380.0,118.0,255.0
2018-10-19,864.0,133.0,400.0,260.0,217.0,42.3,206.0,2030.0,96.7,229.0
2018-10-20,794.0,83.0,383.0,243.0,180.0,41.7,229.0,1740.0,92.3,208.0
2018-10-21,733.0,60.8,368.0,219.0,156.0,39.1,188.0,1540.0,82.1,198.0
2018-10-22,670.0,52.2,342.0,203.0,135.0,35.6,159.0,1330.0,72.5,182.0
2018-10-23,655.0,64.9,342.0,188.0,119.0,39.1,150.0,1130.0,70.9,170.0
2018-10-24,1280.0,116.0,892.0,240.0,128.0,95.4,224.0,988.0,188.0,265.0
2018-10-25,1080.0,112.0,854.0,539.0,160.0,87.6,262.0,904.0,144.0,417.0
2018-10-26,879.0,89.1,600.0,,163.0,61.1,192.0,824.0,103.0,306.0
2018-10-27,804.0,83.6,522.0,339.0,162.0,55.8,162.0,669.0,93.0,262.0
2018-10-28,1190.0,142.0,692.0,574.0,494.0,81.4,197.0,695.0,140.0,740.0
2018-10-29,1440.0,208.0,967.0,1090.0,574.0,,308.0,1040.0,254.0,1220.0
2018-10-30,1780.0,238.0,1070.0,1530.0,630.0,154.0,426.0,1620.0,295.0,1680.0
2018-10-31,1410.0,172.0,880.0,1060.0,519.0,113.0,307.0,2100.0,190.0,1210.0
2018-11-01,1180.0,134.0,915.0,764.0,427.0,161.0,556.0,2220.0,219.0,925.0
2018-11-02,2440.0,266.0,1980.0,989.0,457.0,594.0,2060.0,2860.0,874.0,1950.0
2018-11-03,11800.0,1100.0,8430.0,5370.0,1340.0,2370.0,2880.0,5970.0,2790.0,6110.0
2018-11-04,8280.0,1020.0,5090.0,5120.0,1930.0,679.0,2130.0,10600.0,1060.0,4670.0
2018-11-05,3980.0,695.0,2600.0,2260.0,1600.0,299.0,857.0,9760.0,460.0,2450.0
2018-11-06,3410.0,519.0,2390.0,1650.0,1340.0,470.0,742.0,7270.0,496.0,1870.0
2018-11-07,5290.0,638.0,3610.0,2650.0,1570.0,664.0,966.0,7640.0,698.0,2560.0
2018-11-08,3380.0,513.0,2330.0,1930.0,1290.0,353.0,633.0,8960.0,,1860.0
2018-11-09,2450.0,347.0,1800.0,1360.0,994.0,226.0,457.0,7140.0,276.0,1290.0
2018-11-10,2990.0,591.0,,1430.0,1240.0,310.0,442.0,5270.0,308.0,1340.0
2018-11-11,2680.0,555.0,1860.0,1850.0,1430.0,244.0,387.0,3810.0,246.0,1430.0
2018-11-12,1950.0,367.0,1470.0,1260.0,1200.0,162.0,315.0,2700.0,180.0,930.0
2018-11-13,2170.0,448.0,1490.0,1030.0,1170.0,138.0,294.0,2010.0,176.0,848.0
2018-11-14,2880.0,671.0,1650.0,,1730.0,122.0,229.0,1590.0,148.0,857.0
2018-11-15,1830.0,482.0,,829.0,1440.0,111.0,173.0,1400.0,128.0,719.0
2018-11-16,1660.0,323.0,1220.0,706.0,1180.0,102.0,153.0,1290.0,118.0,615.0
2018-11-17,1470.0,277.0,1160.0,629.0,969.0,94.5,139.0,1210.0,120.0,546.0
2018-11-18,1310.0,243.0,1050.0,573.0,802.0,88.4,129.0,1130.0,117.0,501.0
2018-11-19,1180.0,209.0,974.0,531.0,677.0,81.8,119.0,1080.0,112.0,467.0
2018-11-20,1140.0,196.0,944.0,500.0,598.0,76.5,110.0,1020.0,,445.0
2018-11-21,1100.0,190.0,900.0,479.0,551.0,72.7,102.0,977.0,102.0,426.0
2018-11-22,947.0,147.0,751.0,462.0,449.0,70.1,97.4,934.0,97.4,412.0
2018-11-23,875.0,128.0,732.0,447.0,401.0,68.2,93.9,895.0,94.4,400.0
2018-11-24,1050.0,137.0,685.0,440.0,401.0,66.8,94.1,853.0,103.0,390.0
2018-11-25,1100.0,166.0,737.0,440.0,415.0,65.9,102.0,808.0,114.0,384.0
2018-11-26,1270.0,219.0,831.0,446.0,465.0,66.0,121.0,775.0,124.0,382.0
2018-11-27,1530.0,280.0,947.0,478.0,644.0,72.4,146.0,746.0,137.0,396.0
2018-11-28,1410.0,284.0,937.0,738.0,1160.0,82.6,159.0,717.0,154.0,584.0
2018-11-29,1200.0,239.0,851.0,880.0,1160.0,80.3,155.0,691.0,139.0,699.0
2018-11-30,1080.0,204.0,789.0,805.0,1020.0,75.8,146.0,662.0,128.0,625.0
2018-12-01,1010.0,182.0,751.0,713.0,832.0,73.2,139.0,638.0,122.0,552.0
2018-12-02,1140.0,244.0,834.0,779.0,741.0,123.0,150.0,621.0,214.0,630.0
2018-12-03,3100.0,462.0,1910.0,2220.0,1200.0,689.0,555.0,601.0,532.0,1710.0
2018-12-04,2930.0,484.0,1730.0,2150.0,1180.0,372.0,629.0,577.0,395.0,1730.0
2018-12-05,1910.0,295.0,1190.0,1610.0,925.0,203.0,343.0,554.0,197.0,1040.0
2018-12-06,1560.0,219.0,1010.0,1220.0,675.0,152.0,264.0,534.0,169.0,835.0
2018-12-07,1350.0,173.0,870.0,1000.0,570.0,123.0,214.0,516.0,139.0,723.0
2018-12-08,1070.0,121.0,748.0,852.0,462.0,106.0,179.0,503.0,109.0,644.0
2018-12-09,1080.0,125.0,757.0,745.0,385.0,99.5,162.0,485.0,94.0,592.0
2018-12-10,1270.0,127.0,733.0,679.0,338.0,93.1,152.0,470.0,83.9,554.0
2018-12-11,1010.0,111.0,670.0,626.0,306.0,87.5,144.0,457.0,76.5,522.0
2018-12-12,1030.0,104.0,622.0,579.0,285.0,81.8,139.0,443.0,71.6,491.0
2018-12-13,853.0,93.5,597.0,536.0,267.0,76.7,134.0,426.0,66.9,462.0
2018-12-14,1030.0,97.1,590.0,501.0,268.0,73.1,130.0,415.0,62.6,437.0
2018-12-15,1030.0,104.0,587.0,475.0,327.0,71.8,128.0,406.0,58.4,417.0
2018-12-16,946.0,100.0,579.0,446.0,309.0,71.0,127.0,392.0,55.6,397.0
2018-12-17,915.0,100.0,569.0,422.0,311.0,70.4,125.0,380.0,53.2,379.0
2018-12-18,873.0,93.8,565.0,404.0,330.0,,119.0,372.0,51.0,365.0
2018-12-19,791.0,89.0,564.0,394.0,304.0,66.3,115.0,369.0,49.2,357.0
2018-12-20,795.0,84.8,564.0,388.0,290.0,63.3,112.0,366.0,48.0,353.0
2018-12-21,2070.0,284.0,2760.0,507.0,488.0,1930.0,301.0,434.0,1170.0,457.0
2018-12-22,,1230.0,11000.0,4550.0,3220.0,2550.0,2340.0,1090.0,2860.0,3430.0
2018-12-23,8300.0,1090.0,4930.0,5310.0,3520.0,568.0,1470.0,2590.0,903.0,3790.0
2018-12-24,4210.0,738.0,2770.0,2990.0,2510.0,268.0,640.0,2870.0,404.0,2260.0
2018-12-25,2950.0,454.0,2080.0,2030.0,1600.0,179.0,379.0,2600.0,238.0,1470.0
2018-12-26,2190.0,246.0,1580.0,1530.0,1050.0,146.0,279.0,2380.0,165.0,1060.0
2018-12-27,1770.0,193.0,1380.0,1270.0,760.0,140.0,243.0,2180.0,159.0,894.0
2018-12-28,1590.0,180.0,1300.0,1130.0,633.0,143.0,248.0,1970.0,149.0,817.0
2018-12-29,2180.0,213.0,1270.0,1060.0,614.0,143.0,552.0,1800.0,180.0,770.0
2018-12-30,2050.0,207.0,1240.0,1020.0,603.0,136.0,590.0,1690.0,182.0,731.0
2018-12-31,1580.0,178.0,1200.0,973.0,553.0,127.0,396.0,1610.0,170.0,696.0
2019-01-01,1600.0,178.0,1180.0,933.0,510.0,118.0,326.0,1520.0,164.0,666.0
2019-01-02,1600.0,171.0,1160.0,894.0,478.0,108.0,283.0,1450.0,151.0,639.0
2019-01-03,1380.0,163.0,1110.0,857.0,449.0,100.0,256.0,1380.0,136.0,615.0
2019-01-04,1270.0,152.0,1020.0,823.0,424.0,92.8,241.0,1310.0,124.0,591.0
2019-01-05,1140.0,138.0,921.0,794.0,404.0,86.4,222.0,1270.0,112.0,568.0
2019-01-06,1070.0,121.0,828.0,770.0,386.0,82.4,207.0,1230.0,103.0,547.0
2019-01-07,948.0,92.1,732.0,749.0,370.0,79.4,180.0,1190.0,95.3,528.0
2019-01-08,1070.0,106.0,667.0,729.0,372.0,78.0,159.0,1160.0,90.4,510.0
2019-01-09,1230.0,105.0,596.0,711.0,691.0,76.5,152.0,1130.0,88.5,493.0
2019-01-10,1160.0,104.0,534.0,692.0,980.0,75.7,147.0,1090.0,87.3,478.0
2019-01-11,966.0,90.7,484.0,675.0,713.0,75.2,141.0,1070.0,85.3,463.0
2019-01-12,734.0,80.1,461.0,657.0,526.0,72.2,137.0,1050.0,81.3,450.0
2019-01-13,837.0,76.8,457.0,640.0,416.0,68.7,133.0,1040.0,76.6,438.0
2019-01-14,907.0,78.8,456.0,623.0,348.0,66.1,129.0,,72.6,428.0
2019-01-15,994.0,84.9,455.0,608.0,304.0,63.3,125.0,1010.0,69.1,418.0
2019-01-16,1040.0,86.1,454.0,593.0,276.0,60.7,121.0,998.0,66.1,407.0
2019-01-17,880.0,,453.0,578.0,255.0,58.6,117.0,982.0,63.4,397.0
2019-01-18,830.0,78.2,452.0,565.0,242.0,56.3,114.0,975.0,60.5,388.0
2019-01-19,848.0,77.8,451.0,555.0,234.0,54.4,,964.0,57.6,379.0
2019-01-20,800.0,77.0,450.0,547.0,228.0,52.0,107.0,953.0,55.2,372.0
2019-01-21,762.0,75.9,450.0,541.0,223.0,49.7,103.0,945.0,53.3,367.0
2019-01-22,741.0,76.2,449.0,536.0,219.0,47.9,100.0,937.0,51.5,362.0
2019-01-23,727.0,78.1,449.0,532.0,216.0,,96.9,924.0,50.1,358.0
2019-01-24,2220.0,147.0,592.0,597.0,393.0,647.0,121.0,913.0,60.1,391.0
2019-01-25,12100.0,629.0,5940.0,1110.0,1840.0,1840.0,1620.0,892.0,594.0,690.0
2019-01-26,4110.0,656.0,2340.0,1530.0,2080.0,651.0,1430.0,886.0,637.0,855.0
2019-01-27,2530.0,494.0,1610.0,1340.0,1600.0,448.0,1020.0,875.0,497.0,719.0
2019-01-28,2200.0,349.0,1330.0,1130.0,1250.0,339.0,783.0,868.0,404.0,596.0
2019-01-29,1610.0,241.0,1150.0,980.0,990.0,269.0,645.0,863.0,333.0,514.0
2019-01-30,1670.0,177.0,1050.0,901.0,797.0,231.0,542.0,856.0,283.0,487.0
2019-01-31,1300.0,152.0,970.0,857.0,680.0,200.0,456.0,845.0,248.0,472.0
2019-02-01,1150.0,141.0,884.0,814.0,585.0,174.0,389.0,841.0,223.0,459.0
2019-02-02,1230.0,136.0,818.0,775.0,514.0,155.0,350.0,834.0,205.0,447.0
2019-02-03,1470.0,133.0,788.0,743.0,465.0,143.0,327.0,827.0,192.0,437.0
2019-02-04,1420.0,133.0,770.0,723.0,430.0,139.0,322.0,818.0,185.0,428.0
2019-02-05,1510.0,146.0,753.0,708.0,415.0,149.0,373.0,810.0,188.0,419.0
2019-02-06,1800.0,200.0,882.0,694.0,413.0,156.0,485.0,806.0,251.0,411.0
2019-02-07,1690.0,229.0,839.0,681.0,390.0,154.0,499.0,793.0,258.0,402.0
2019-02-08,1750.0,243.0,752.0,666.0,422.0,146.0,475.0,788.0,222.0,395.0
2019-02-09,2030.0,258.0,721.0,652.0,489.0,137.0,444.0,780.0,193.0,388.0
2019-02-10,1500.0,225.0,695.0,638.0,412.0,130.0,417.0,775.0,171.0,381.0
2019-02-11,1370.0,173.0,675.0,625.0,357.0,122.0,394.0,770.0,151.0,374.0
2019-02-12,1220.0,139.0,637.0,614.0,308.0,114.0,371.0,,137.0,367.0
2019-02-13,1480.0,130.0,1120.0,602.0,282.0,111.0,353.0,758.0,127.0,361.0
2019-02-14,,130.0,1090.0,591.0,,108.0,342.0,751.0,119.0,355.0
2019-02-15,1190.0,122.0,957.0,581.0,294.0,104.0,341.0,741.0,111.0,350.0
2019-02-16,1160.0,117.0,869.0,573.0,562.0,98.0,337.0,734.0,103.0,344.0
2019-02-17,1040.0,107.0,708.0,564.0,559.0,91.9,323.0,729.0,95.3,338.0
2019-02-18,1000.0,103.0,588.0,555.0,447.0,86.0,308.0,721.0,89.3,333.0
2019-02-19,888.0,93.5,538.0,546.0,359.0,81.0,292.0,717.0,85.5,328.0
2019-02-20,819.0,88.1,514.0,537.0,313.0,77.4,275.0,713.0,83.4,324.0
2019-02-21,947.0,96.5,492.0,528.0,301.0,75.3,260.0,707.0,83.4,320.0
2019-02-22,882.0,99.8,473.0,520.0,293.0,74.0,253.0,702.0,83.1,317.0
2019-02-23,806.0,93.8,457.0,513.0,272.0,73.8,251.0,695.0,82.6,314.0
2019-02-24,798.0,93.1,417.0,505.0,271.0,73.3,248.0,692.0,83.7,311.0
2019-02-25,800.0,99.5,366.0,497.0,376.0,72.8,240.0,687.0,86.6,307.0
2019-02-26,691.0,91.0,334.0,490.0,353.0,71.9,234.0,682.0,85.9,304.0
2019-02-27,615.0,83.0,310.0,483.0,305.0,70.0,227.0,677.0,83.6,301.0
2019-02-28,843.0,81.9,303.0,476.0,277.0,67.7,220.0,671.0,81.7,297.0
2019-03-01,780.0,79.1,299.0,470.0,260.0,65.5,214.0,667.0,80.0,
2019-03-02,767.0,80.6,313.0,464.0,250.0,63.4,208.0,662.0,78.5,292.0
2019-03-03,721.0,80.7,328.0,459.0,245.0,61.8,202.0,659.0,77.1,289.0
2019-03-04,701.0,79.6,333.0,454.0,243.0,60.2,196.0,652.0,75.7,287.0
2019-03-05,631.0,78.0,329.0,449.0,240.0,58.8,190.0,647.0,74.2,285.0
2019-03-06,580.0,72.0,326.0,444.0,231.0,58.0,,644.0,72.7,283.0
2019-03-07,595.0,67.8,323.0,439.0,215.0,57.4,179.0,639.0,71.4,281.0
2019-03-08,603.0,68.0,327.0,435.0,205.0,56.8,174.0,636.0,70.6,278.0
2019-03-09,618.0,68.6,328.0,432.0,199.0,56.3,169.0,632.0,70.1,277.0
2019-03-10,594.0,69.9,352.0,428.0,200.0,56.8,164.0,622.0,69.7,275.0
2019-03-11,626.0,72.0,382.0,425.0,280.0,58.2,160.0,617.0,,273.0
2019-03-12,599.0,72.9,366.0,422.0,335.0,60.7,155.0,614.0,71.4,272.0
2019-03-13,562.0,72.5,347.0,418.0,306.0,65.2,151.0,613.0,70.1,270.0
2019-03-14,571.0,74.0,347.0,417.0,,89.1,147.0,615.0,76.2,273.0
2019-03-15,667.0,94.3,436.0,586.0,395.0,247.0,198.0,648.0,,365.0
2019-03-16,1450.0,218.0,938.0,1110.0,999.0,328.0,340.0,702.0,307.0,560.0
2019-03-17,1200.0,265.0,748.0,1360.0,1140.0,266.0,374.0,797.0,224.0,732.0
2019-03-18,975.0,190.0,590.0,1220.0,885.0,164.0,309.0,969.0,125.0,704.0
2019-03-19,853.0,148.0,498.0,1100.0,706.0,133.0,254.0,1140.0,96.5,595.0
2019-03-20,808.0,129.0,463.0,1030.0,570.0,123.0,214.0,1190.0,83.8,502.0
2019-03-21,914.0,133.0,554.0,1030.0,513.0,117.0,191.0,1150.0,84.7,462.0
2019-03-22,924.0,159.0,649.0,1170.0,768.0,,187.0,1110.0,105.0,477.0
2019-03-23,1040.0,200.0,815.0,2030.0,1510.0,160.0,185.0,1090.0,114.0,876.0
2019-03-24,871.0,171.0,697.0,2690.0,1450.0,151.0,175.0,1060.0,106.0,1370.0
2019-03-25,895.0,174.0,711.0,2320.0,1350.0,153.0,158.0,1040.0,109.0,1300.0
2019-03-26,826.0,164.0,638.0,2000.0,1090.0,130.0,139.0,1030.0,95.3,1120.0
2019-03-27,788.0,152.0,578.0,1740.0,845.0,116.0,127.0,1010.0,92.5,959.0
2019-03-28,798.0,167.0,614.0,1630.0,734.0,118.0,123.0,1010.0,103.0,824.0
2019-03-29,1010.0,230.0,717.0,1740.0,954.0,140.0,133.0,1030.0,115.0,761.0
2019-03-30,1300.0,281.0,904.0,2050.0,1180.0,189.0,159.0,1140.0,,851.0
2019-03-31,2320.0,455.0,995.0,,1600.0,643.0,439.0,1370.0,328.0,1120.0
2019-04-01,5520.0,713.0,2090.0,3070.0,3250.0,801.0,1230.0,1840.0,946.0,2580.0
2019-04-02,2960.0,557.0,1420.0,2910.0,2660.0,313.0,1030.0,2610.0,344.0,2630.0
2019-04-03,2520.0,480.0,1310.0,2700.0,2140.0,241.0,736.0,3510.0,263.0,2380.0
2019-04-04,2750.0,528.0,1400.0,2520.0,1740.0,184.0,749.0,4080.0,270.0,2180.0
2019-04-05,2130.0,428.0,1240.0,2380.0,1370.0,162.0,613.0,4240.0,231.0,1990.0
2019-04-06,1970.0,389.0,1240.0,2320.0,1210.0,156.0,572.0,4080.0,202.0,1840.0
2019-04-07,2330.0,492.0,,2670.0,1280.0,168.0,596.0,3740.0,284.0,1960.0
2019-04-08,4320.0,711.0,2080.0,3420.0,1340.0,293.0,860.0,3490.0,393.0,2370.0
2019-04-09,3560.0,694.0,1780.0,2610.0,1150.0,243.0,666.0,3280.0,261.0,1790.0
2019-04-10,,494.0,1510.0,2090.0,985.0,192.0,461.0,3080.0,209.0,1340.0
2019-04-11,1960.0,354.0,1350.0,1790.0,922.0,177.0,367.0,3010.0,190.0,1140.0
2019-04-12,1870.0,332.0,1350.0,2050.0,1070.0,183.0,324.0,3050.0,215.0,1210.0
2019-04-13,2780.0,435.0,,2860.0,1270.0,579.0,595.0,3480.0,607.0,1730.0
2019-04-14,6100.0,732.0,4000.0,5830.0,1470.0,935.0,1590.0,4710.0,1120.0,3690.0
2019-04-15,11600.0,894.0,6350.0,10200.0,2000.0,1830.0,2680.0,7180.0,2350.0,6580.0
2019-04-16,10400.0,989.0,5560.0,9910.0,2800.0,926.0,2690.0,10500.0,1250.0,6120.0
2019-04-17,5710.0,809.0,3560.0,6150.0,2600.0,545.0,1540.0,13800.0,789.0,4360.0
2019-04-18,5140.0,600.0,3310.0,5560.0,2090.0,521.0,1170.0,16500.0,729.0,3890.0
2019-04-19,4370.0,483.0,3210.0,4520.0,1820.0,1030.0,1980.0,18100.0,894.0,3730.0
2019-04-20,18100.0,709.0,13300.0,9640.0,1930.0,4400.0,5560.0,20500.0,3900.0,8970.0
2019-04-21,23800.0,942.0,16200.0,13200.0,2200.0,3430.0,7160.0,29300.0,4110.0,11300.0
2019-04-22,12700.0,791.0,9480.0,10300.0,2350.0,1850.0,5200.0,41800.0,2280.0,8440.0
2019-04-23,11900.0,646.0,9290.0,10100.0,2480.0,2100.0,4620.0,44700.0,2040.0,8430.0
2019-04-24,9360.0,575.0,6730.0,6910.0,2930.0,1090.0,3490.0,35900.0,1300.0,5560.0
2019-04-25,6380.0,462.0,4980.0,4920.0,2660.0,773.0,2590.0,27300.0,986.0,4220.0
2019-04-26,5160.0,420.0,,3960.0,2110.0,755.0,1910.0,21700.0,858.0,3450.0
2019-04-27,15600.0,1180.0,11500.0,9450.0,2370.0,3030.0,3380.0,23500.0,2510.0,8490.0
2019-04-28,9000.0,1110.0,6450.0,8810.0,3090.0,902.0,2890.0,27600.0,1100.0,6310.0
2019-04-29,5330.0,744.0,4230.0,4190.0,2810.0,563.0,1310.0,23100.0,623.0,3550.0
2019-04-30,4220.0,478.0,3330.0,3120.0,2110.0,432.0,1050.0,17000.0,492.0,2610.0
2019-05-01,3500.0,348.0,2770.0,2570.0,1570.0,352.0,904.0,12800.0,409.0,2150.0
2019-05-02,3910.0,341.0,3110.0,2660.0,1340.0,545.0,1220.0,10600.0,629.0,2220.0
2019-05-03,4120.0,368.0,3050.0,2780.0,1230.0,512.0,1420.0,10600.0,626.0,2210.0
2019-05-04,5390.0,427.0,3570.0,3120.0,1270.0,613.0,1990.0,11200.0,774.0,2580.0
2019-05-05,4840.0,359.0,3570.0,2760.0,1200.0,592.0,1820.0,12800.0,700.0,2370.0
2019-05-06,4160.0,292.0,3180.0,2430.0,1070.0,515.0,1880.0,13100.0,637.0,2210.0
2019-05-07,3850.0,245.0,2980.0,2160.0,923.0,467.0,1830.0,13500.0,583.0,2060.0
2019-05-08,4190.0,221.0,2920.0,1940.0,,396.0,1430.0,12800.0,486.0,1790.0
2019-05-09,3160.0,191.0,2250.0,1600.0,732.0,296.0,987.0,10500.0,353.0,1380.0
2019-05-10,4970.0,252.0,2920.0,2040.0,728.0,545.0,2610.0,9090.0,1350.0,2270.0
2019-05-11,6520.0,339.0,3680.0,5090.0,1040.0,595.0,3190.0,12300.0,1000.0,3460.0
2019-05-12,4060.0,269.0,2560.0,2670.0,1020.0,354.0,1410.0,12200.0,529.0,2250.0
2019-05-13,3150.0,219.0,2050.0,1950.0,888.0,269.0,930.0,9720.0,386.0,1690.0
2019-05-14,3090.0,280.0,2130.0,2070.0,752.0,319.0,983.0,7490.0,474.0,1760.0
2019-05-15,2850.0,303.0,2020.0,2450.0,700.0,331.0,919.0,6300.0,444.0,1900.0
2019-05-16,2380.0,238.0,1780.0,1890.0,667.0,297.0,692.0,5520.0,357.0,1540.0
2019-05-17,2280.0,219.0,1720.0,1590.0,630.0,266.0,633.0,,324.0,1180.0
2019-05-18,2440.0,218.0,1900.0,1500.0,644.0,269.0,716.0,5310.0,322.0,1050.0
2019-05-19,2200.0,181.0,1790.0,1390.0,612.0,244.0,830.0,5760.0,338.0,1070.0
2019-05-20,5640.0,302.0,3720.0,3250.0,690.0,618.0,2690.0,5360.0,1400.0,3390.0
2019-05-21,5260.0,327.0,3240.0,4380.0,806.0,400.0,1920.0,6520.0,750.0,3310.0
2019-05-22,3430.0,238.0,2160.0,2340.0,835.0,265.0,1060.0,6410.0,440.0,2170.0
2019-05-23,2670.0,184.0,1810.0,1700.0,772.0,223.0,720.0,5020.0,333.0,1560.0
2019-05-24,3190.0,196.0,2030.0,1900.0,845.0,256.0,1190.0,6050.0,607.0,1920.0
2019-05-25,2800.0,179.0,1820.0,2080.0,949.0,213.0,808.0,8600.0,401.0,1760.0
2019-05-26,3530.0,183.0,2160.0,1660.0,951.0,250.0,929.0,7590.0,400.0,1750.0
2019-05-27,3040.0,174.0,1910.0,1690.0,952.0,218.0,713.0,7040.0,323.0,1730.0
2019-05-28,2450.0,180.0,1610.0,1320.0,811.0,217.0,545.0,5360.0,270.0,1280.0
2019-05-29,4290.0,354.0,2370.0,1420.0,762.0,360.0,586.0,3940.0,323.0,1190.0
2019-05-30,3070.0,292.0,1770.0,1350.0,703.0,228.0,451.0,3080.0,251.0,1040.0
2019-05-31,2360.0,206.0,1550.0,1150.0,617.0,183.0,382.0,2700.0,210.0,907.0
2019-06-01,1900.0,158.0,1350.0,987.0,541.0,151.0,327.0,2490.0,179.0,786.0
2019-06-02,1660.0,145.0,1230.0,886.0,482.0,138.0,304.0,2240.0,191.0,710.0
2019-06-03,1650.0,163.0,1270.0,916.0,438.0,147.0,475.0,3610.0,235.0,743.0
2019-06-04,1400.0,137.0,1120.0,857.0,390.0,120.0,370.0,3870.0,174.0,657.0
2019-06-05,1750.0,132.0,1110.0,728.0,352.0,117.0,291.0,2930.0,149.0,563.0
2019-06-06,4010.0,305.0,1870.0,794.0,366.0,391.0,351.0,2190.0,203.0,598.0
2019-06-07,3090.0,291.0,1530.0,881.0,377.0,212.0,285.0,1690.0,155.0,584.0
2019-06-08,1970.0,183.0,1150.0,663.0,337.0,141.0,224.0,1350.0,121.0,477.0
2019-06-09,1510.0,134.0,994.0,561.0,294.0,114.0,193.0,1110.0,103.0,413.0
2019-06-10,1270.0,109.0,902.0,500.0,265.0,98.7,169.0,936.0,89.3,369.0
2019-06-11,2720.0,175.0,1790.0,599.0,307.0,364.0,407.0,850.0,400.0,540.0
2019-06-12,2830.0,194.0,1660.0,1560.0,561.0,217.0,429.0,1930.0,285.0,930.0
2019-06-13,1750.0,140.0,1190.0,941.0,510.0,146.0,242.0,1930.0,168.0,560.0
2019-06-14,1580.0,137.0,1190.0,893.0,1230.0,172.0,230.0,1510.0,219.0,578.0
2019-06-15,1440.0,121.0,1060.0,856.0,980.0,129.0,,1600.0,172.0,529.0
2019-06-16,1240.0,105.0,935.0,676.0,686.0,105.0,194.0,1750.0,127.0,428.0
2019-06-17,1210.0,115.0,883.0,556.0,506.0,95.2,163.0,1740.0,104.0,366.0
2019-06-18,1050.0,100.0,797.0,479.0,390.0,82.1,138.0,1340.0,86.8,316.0
2019-06-19,941.0,85.4,743.0,425.0,323.0,75.6,123.0,1020.0,77.6,285.0
2019-06-20,1110.0,88.9,896.0,557.0,308.0,174.0,613.0,888.0,337.0,315.0
2019-06-21,4040.0,230.0,1980.0,2250.0,1090.0,295.0,1020.0,3080.0,474.0,1170.0
2019-06-22,2300.0,195.0,1230.0,1360.0,1290.0,151.0,381.0,4740.0,211.0,737.0
2019-06-23,1510.0,124.0,957.0,913.0,890.0,102.0,243.0,3170.0,141.0,537.0
2019-06-24,1150.0,91.4,817.0,665.0,641.0,80.1,184.0,2070.0,104.0,415.0
2019-06-25,1030.0,96.6,768.0,517.0,481.0,82.9,156.0,1470.0,99.4,350.0
2019-06-26,1870.0,170.0,1260.0,967.0,585.0,194.0,166.0,1150.0,159.0,478.0
2019-06-27,2390.0,193.0,1050.0,867.0,1020.0,118.0,139.0,1060.0,103.0,425.0
2019-06-28,1440.0,144.0,883.0,740.0,886.0,85.8,118.0,1300.0,83.5,
2019-06-29,1130.0,105.0,756.0,633.0,692.0,71.1,107.0,2470.0,73.1,323.0
2019-06-30,1870.0,119.0,750.0,,615.0,73.6,299.0,6600.0,117.0,349.0
2019-07-01,1720.0,118.0,781.0,888.0,702.0,92.4,298.0,4940.0,135.0,377.0
2019-07-02,1210.0,97.1,687.0,681.0,739.0,66.4,168.0,3450.0,81.9,305.0
2019-07-03,976.0,78.3,606.0,512.0,1020.0,55.8,121.0,2410.0,62.6,250.0
2019-07-04,836.0,64.9,548.0,420.0,856.0,49.2,97.5,1720.0,52.9,214.0
2019-07-05,740.0,54.5,504.0,360.0,679.0,44.6,83.9,1260.0,47.3,191.0
2019-07-06,685.0,47.6,487.0,317.0,542.0,48.2,81.2,1070.0,53.5,197.0
2019-07-07,873.0,44.0,569.0,309.0,621.0,68.6,92.1,2040.0,121.0,250.0
2019-07-08,696.0,41.8,480.0,359.0,635.0,45.0,71.7,1490.0,56.7,190.0
2019-07-09,590.0,36.6,429.0,281.0,555.0,38.4,61.3,1070.0,42.9,
2019-07-10,525.0,32.9,396.0,243.0,441.0,34.6,55.3,767.0,37.2,144.0
2019-07-11,,33.0,446.0,223.0,354.0,39.8,51.8,594.0,35.6,135.0
2019-07-12,6670.0,131.0,2560.0,272.0,321.0,309.0,99.6,508.0,113.0,165.0
2019-07-13,2520.0,125.0,1450.0,409.0,338.0,129.0,104.0,696.0,78.7,220.0
2019-07-14,1410.0,85.7,922.0,377.0,319.0,72.6,88.7,683.0,75.3,191.0
2019-07-15,1060.0,61.4,721.0,,303.0,54.6,88.6,541.0,50.8,173.0
2019-07-16,857.0,48.8,606.0,251.0,277.0,45.0,62.6,467.0,39.3,144.0
2019-07-17,782.0,41.5,552.0,226.0,256.0,44.7,76.6,401.0,80.8,144.0
2019-07-18,771.0,38.9,531.0,242.0,263.0,46.4,119.0,366.0,135.0,162.0
2019-07-19,673.0,35.4,484.0,268.0,251.0,39.8,69.4,318.0,64.8,141.0
2019-07-20,601.0,31.4,450.0,231.0,229.0,36.2,55.2,283.0,47.7,130.0
2019-07-21,539.0,28.3,414.0,206.0,214.0,31.8,49.3,269.0,38.9,123.0
2019-07-22,504.0,29.1,392.0,187.0,204.0,30.1,61.8,278.0,38.2,113.0
2019-07-23,636.0,65.6,455.0,182.0,190.0,41.3,53.3,342.0,36.6,107.0
2019-07-24,633.0,77.0,445.0,173.0,181.0,38.3,45.7,387.0,33.5,103.0
2019-07-25,512.0,53.0,383.0,162.0,168.0,29.9,39.5,321.0,28.2,97.7
2019-07-26,451.0,39.2,354.0,150.0,153.0,26.9,35.4,260.0,24.9,91.2
2019-07-27,413.0,32.0,334.0,140.0,142.0,35.5,32.2,216.0,22.7,86.6
2019-07-28,388.0,28.1,360.0,139.0,133.0,61.7,31.4,185.0,26.2,84.6
2019-07-29,379.0,24.7,334.0,150.0,127.0,37.9,42.8,165.0,26.0,90.1
2019-07-30,356.0,22.6,311.0,139.0,122.0,31.3,34.6,150.0,22.0,84.0
2019-07-31,424.0,22.0,322.0,138.0,116.0,55.1,41.2,172.0,37.2,79.2
2019-08-01,449.0,23.1,317.0,157.0,110.0,52.9,98.8,181.0,42.3,88.8
2019-08-02,381.0,22.2,279.0,152.0,102.0,31.8,52.3,173.0,23.9,107.0
2019-08-03,328.0,21.2,261.0,131.0,97.9,25.8,36.1,170.0,19.0,85.9
2019-08-04,303.0,19.5,246.0,115.0,95.8,23.1,29.5,152.0,17.3,75.2
2019-08-05,283.0,17.3,231.0,104.0,90.0,21.2,25.5,138.0,15.5,67.9
2019-08-06,268.0,16.2,222.0,96.8,84.9,20.1,23.2,128.0,14.3,63.7
2019-08-07,283.0,16.0,241.0,93.1,84.1,34.2,22.0,116.0,14.9,61.9
2019-08-08,401.0,17.3,494.0,108.0,120.0,108.0,186.0,174.0,162.0,89.3
2019-08-09,378.0,17.8,405.0,219.0,131.0,58.0,108.0,2090.0,97.8,249.0
2019-08-10,318.0,18.1,301.0,270.0,161.0,35.2,77.5,2490.0,48.8,166.0
2019-08-11,297.0,16.0,265.0,182.0,192.0,33.4,116.0,1820.0,39.1,126.0
2019-08-12,274.0,14.7,251.0,147.0,176.0,27.8,69.0,1350.0,30.7,103.0
2019-08-13,260.0,17.9,234.0,131.0,154.0,24.4,87.9,1050.0,36.8,92.2
2019-08-14,259.0,21.6,222.0,123.0,136.0,22.8,61.0,807.0,36.8,83.8
2019-08-15,242.0,17.2,210.0,120.0,120.0,21.2,43.6,596.0,25.4,79.6
2019-08-16,249.0,18.8,254.0,114.0,108.0,24.0,38.2,460.0,33.5,82.6
2019-08-17,266.0,19.3,272.0,110.0,102.0,25.4,58.6,404.0,48.5,97.3
2019-08-18,300.0,29.2,287.0,133.0,116.0,29.1,75.1,514.0,61.4,137.0
2019-08-19,317.0,51.6,276.0,148.0,159.0,26.8,58.3,1680.0,43.0,174.0
2019-08-20,296.0,37.2,242.0,160.0,171.0,22.7,58.9,1570.0,33.5,175.0
2019-08-21,361.0,39.7,278.0,173.0,169.0,,46.6,1320.0,27.9,142.0
2019-08-22,847.0,74.9,670.0,382.0,247.0,28.1,73.2,1320.0,34.6,159.0
2019-08-23,,,414.0,283.0,255.0,23.7,47.8,1870.0,28.2,142.0
2019-08-24,345.0,40.9,306.0,188.0,206.0,19.3,36.5,1470.0,22.1,109.0
2019-08-25,291.0,31.7,262.0,148.0,172.0,17.8,31.9,1010.0,19.2,89.7
2019-08-26,259.0,25.1,235.0,125.0,146.0,16.8,28.3,722.0,17.3,79.7
2019-08-27,235.0,21.9,219.0,111.0,129.0,16.2,25.6,552.0,15.8,74.6
2019-08-28,242.0,26.2,219.0,102.0,116.0,18.8,24.1,443.0,19.0,71.2
2019-08-29,630.0,58.0,416.0,136.0,198.0,58.6,34.5,398.0,75.4,127.0
2019-08-30,497.0,54.1,350.0,219.0,299.0,30.6,35.8,373.0,44.0,175.0
2019-08-31,349.0,37.9,270.0,194.0,260.0,21.8,28.4,367.0,28.1,120.0
2019-09-01,287.0,29.3,235.0,147.0,227.0,18.6,24.3,330.0,22.0,93.7
2019-09-02,728.0,36.9,266.0,133.0,187.0,21.8,57.9,320.0,54.0,93.5
2019-09-03,1960.0,71.8,577.0,151.0,176.0,41.6,214.0,509.0,127.0,165.0
2019-09-04,894.0,64.6,423.0,240.0,161.0,28.8,105.0,1460.0,62.3,163.0
2019-09-05,645.0,47.0,353.0,210.0,144.0,26.5,107.0,2130.0,47.7,183.0
2019-09-06,495.0,36.2,309.0,177.0,130.0,21.7,75.5,2350.0,34.2,176.0
2019-09-07,405.0,31.3,275.0,165.0,185.0,19.1,50.0,1590.0,27.4,122.0
2019-09-08,352.0,27.6,252.0,140.0,365.0,23.2,41.1,1110.0,25.0,103.0
2019-09-09,329.0,24.0,241.0,123.0,289.0,22.1,37.4,826.0,23.1,93.4
2019-09-10,305.0,21.9,228.0,113.0,239.0,19.1,35.4,639.0,21.9,86.6
2019-09-11,303.0,22.4,227.0,109.0,216.0,18.9,58.8,542.0,23.1,85.0
2019-09-12,342.0,21.6,230.0,104.0,207.0,19.4,91.4,561.0,26.1,87.6
2019-09-13,309.0,20.9,217.0,99.5,180.0,17.1,60.5,621.0,22.4,86.3
2019-09-14,283.0,20.0,204.0,97.8,155.0,15.9,43.7,533.0,19.6,79.7
2019-09-15,273.0,19.9,202.0,94.3,143.0,16.0,37.8,480.0,20.1,76.9
2019-09-16,264.0,18.6,194.0,90.1,132.0,15.2,33.4,522.0,18.4,74.0
2019-09-17,244.0,17.1,184.0,87.1,123.0,14.2,30.1,499.0,16.5,69.5
2019-09-18,233.0,16.1,177.0,83.1,114.0,13.8,28.6,432.0,15.8,65.9
2019-09-19,225.0,15.8,171.0,78.7,104.0,13.4,26.9,370.0,15.2,64.1
2019-09-20,217.0,14.6,168.0,76.4,98.4,13.4,25.2,329.0,14.8,62.8
2019-09-21,212.0,14.0,163.0,73.1,94.6,13.0,23.6,282.0,13.9,62.3
2019-09-22,202.0,13.7,159.0,67.4,89.3,12.8,22.3,243.0,13.5,60.6
2019-09-23,201.0,13.3,158.0,65.8,85.7,14.5,23.0,227.0,19.6,61.8
2019-09-24,327.0,12.8,180.0,353.0,92.6,69.2,90.1,429.0,401.0,321.0
2019-09-25,387.0,12.6,230.0,579.0,120.0,31.5,69.8,2380.0,89.6,335.0
2019-09-26,302.0,13.1,194.0,307.0,124.0,21.7,50.2,2470.0,59.5,199.0
2019-09-27,321.0,14.5,186.0,249.0,157.0,22.3,125.0,3100.0,,184.0
2019-09-28,322.0,14.1,181.0,221.0,162.0,18.9,89.6,3510.0,59.4,176.0
2019-09-29,273.0,14.1,170.0,195.0,149.0,17.0,116.0,2660.0,50.1,143.0
2019-09-30,245.0,12.6,159.0,160.0,134.0,15.5,105.0,2140.0,43.6,120.0
2019-10-01,242.0,13.8,158.0,146.0,121.0,17.9,93.1,1660.0,58.9,110.0
2019-10-02,300.0,15.3,455.0,315.0,116.0,,1370.0,1320.0,638.0,140.0
2019-10-03,393.0,15.5,381.0,550.0,111.0,44.6,373.0,1120.0,177.0,198.0
2019-10-04,330.0,19.5,263.0,356.0,105.0,30.1,233.0,955.0,125.0,165.0
2019-10-05,323.0,18.6,238.0,279.0,102.0,27.6,194.0,910.0,96.5,149.0
2019-10-06,300.0,18.9,219.0,239.0,95.5,23.4,142.0,899.0,72.5,135.0
2019-10-07,297.0,22.2,232.0,246.0,99.8,38.4,811.0,829.0,163.0,141.0
2019-10-08,918.0,33.7,619.0,524.0,167.0,103.0,843.0,921.0,305.0,437.0
2019-10-09,630.0,41.3,406.0,575.0,199.0,45.2,345.0,1060.0,144.0,342.0
2019-10-10,463.0,32.6,299.0,396.0,200.0,32.4,227.0,941.0,98.7,248.0
2019-10-11,386.0,,254.0,304.0,185.0,26.9,175.0,788.0,77.0,201.0
2019-10-12,340.0,24.1,227.0,256.0,169.0,24.1,146.0,683.0,66.0,173.0
2019-10-13,315.0,23.0,213.0,228.0,160.0,23.9,130.0,615.0,63.2,159.0
2019-10-14,297.0,21.7,203.0,209.0,146.0,22.7,114.0,596.0,58.7,149.0
2019-10-15,283.0,,194.0,195.0,137.0,21.5,104.0,575.0,57.4,141.0
2019-10-16,271.0,20.4,186.0,182.0,128.0,20.1,96.5,573.0,54.0,135.0
2019-10-17,784.0,140.0,1080.0,485.0,202.0,655.0,357.0,592.0,680.0,552.0
2019-10-18,1770.0,342.0,1330.0,1740.0,386.0,267.0,505.0,1950.0,399.0,1180.0
2019-10-19,1100.0,201.0,775.0,855.0,358.0,108.0,596.0,3420.0,201.0,525.0
2019-10-20,795.0,117.0,554.0,543.0,314.0,73.9,370.0,2790.0,145.0,349.0
2019-10-21,680.0,,464.0,423.0,267.0,62.6,256.0,2080.0,120.0,278.0
2019-10-22,603.0,71.3,420.0,358.0,229.0,54.4,205.0,1630.0,102.0,236.0
2019-10-23,813.0,90.2,1110.0,2320.0,581.0,563.0,381.0,2730.0,750.0,1600.0
2019-10-24,1130.0,103.0,1170.0,3270.0,1120.0,225.0,413.0,10200.0,416.0,2230.0
2019-10-25,813.0,86.2,742.0,1520.0,817.0,118.0,254.0,8770.0,226.0,1250.0
2019-10-26,750.0,76.2,610.0,1070.0,651.0,94.8,204.0,6190.0,171.0,785.0
2019-10-27,1090.0,127.0,781.0,929.0,539.0,411.0,379.0,4320.0,415.0,624.0
2019-10-28,3490.0,288.0,2640.0,2740.0,741.0,603.0,1030.0,5200.0,830.0,1890.0
2019-10-29,1790.0,222.0,1440.0,2020.0,737.0,256.0,561.0,7240.0,379.0,1410.0
2019-10-30,1340.0,150.0,1070.0,1390.0,642.0,174.0,379.0,6100.0,276.0,971.0
2019-10-31,1850.0,176.0,1160.0,1270.0,661.0,201.0,420.0,5090.0,,819.0
2019-11-01,7580.0,297.0,5160.0,2190.0,1050.0,1470.0,2150.0,25700.0,1170.0,2190.0
2019-11-02,3980.0,270.0,2370.0,2380.0,964.0,359.0,1450.0,30100.0,492.0,2020.0
2019-11-03,2230.0,171.0,1530.0,1430.0,819.0,220.0,612.0,19900.0,307.0,1320.0
2019-11-04,1580.0,130.0,1240.0,1110.0,676.0,162.0,437.0,12300.0,231.0,818.0
2019-11-05,1270.0,110.0,1050.0,,588.0,137.0,357.0,7820.0,195.0,614.0
2019-11-06,1110.0,97.2,935.0,829.0,873.0,131.0,326.0,6160.0,191.0,590.0
2019-11-07,978.0,87.9,825.0,766.0,821.0,110.0,284.0,5000.0,162.0,459.0
2019-11-08,917.0,87.1,761.0,689.0,950.0,99.9,260.0,4040.0,148.0,406.0
2019-11-09,818.0,82.6,678.0,621.0,835.0,86.7,220.0,3270.0,126.0,365.0
2019-11-10,757.0,75.5,631.0,558.0,680.0,82.5,206.0,2730.0,119.0,337.0
2019-11-11,735.0,73.3,611.0,514.0,580.0,79.9,196.0,2380.0,118.0,314.0
2019-11-12,752.0,80.3,625.0,475.0,525.0,77.2,180.0,1870.0,119.0,295.0
2019-11-13,646.0,73.4,549.0,440.0,491.0,73.3,132.0,1130.0,85.3,280.0
2019-11-14,587.0,62.1,510.0,411.0,426.0,87.4,130.0,1420.0,95.1,270.0
2019-11-15,637.0,66.1,512.0,444.0,413.0,91.6,128.0,1540.0,101.0,289.0
2019-11-16,573.0,58.5,466.0,435.0,409.0,74.8,118.0,1490.0,80.0,257.0
2019-11-17,516.0,51.8,391.0,399.0,361.0,81.2,109.0,1440.0,76.2,216.0
2019-11-18,520.0,59.3,457.0,386.0,343.0,83.1,107.0,1390.0,86.8,220.0
2019-11-19,647.0,75.2,553.0,532.0,535.0,157.0,164.0,1350.0,147.0,314.0
2019-11-20,1040.0,117.0,907.0,907.0,594.0,211.0,282.0,1330.0,176.0,460.0
2019-11-21,922.0,122.0,715.0,897.0,582.0,140.0,222.0,1300.0,139.0,448.0
2019-11-22,804.0,108.0,641.0,776.0,560.0,101.0,,1270.0,124.0,419.0
2019-11-23,935.0,,689.0,693.0,735.0,112.0,213.0,1250.0,114.0,405.0
2019-11-24,916.0,154.0,657.0,674.0,720.0,90.9,173.0,1220.0,134.0,374.0
2019-11-25,2370.0,414.0,1080.0,1330.0,1010.0,94.3,185.0,1190.0,207.0,512.0
2019-11-26,1490.0,332.0,885.0,1380.0,1020.0,81.5,169.0,1170.0,144.0,551.0
2019-11-27,1250.0,263.0,835.0,1170.0,912.0,97.4,187.0,1140.0,160.0,501.0
2019-11-28,3330.0,408.0,1240.0,1460.0,1070.0,131.0,206.0,1110.0,231.0,553.0
2019-11-29,2530.0,447.0,1070.0,1310.0,1260.0,93.0,168.0,1090.0,142.0,533.0
2019-11-30,1440.0,300.0,807.0,863.0,964.0,71.0,132.0,1060.0,101.0,417.0
2019-12-01,1140.0,171.0,693.0,591.0,805.0,69.5,120.0,1040.0,87.5,354.0
2019-12-02,1120.0,186.0,698.0,480.0,724.0,66.4,108.0,1020.0,80.5,311.0
2019-12-03,990.0,153.0,695.0,,608.0,61.4,97.9,1000.0,74.1,280.0
2019-12-04,875.0,135.0,645.0,381.0,574.0,58.9,91.6,981.0,69.8,257.0
2019-12-05,810.0,124.0,615.0,356.0,519.0,56.5,89.3,961.0,67.2,240.0
2019-12-06,737.0,113.0,554.0,340.0,466.0,51.8,82.1,940.0,63.1,221.0
2019-12-07,677.0,99.3,499.0,326.0,407.0,49.5,73.8,920.0,57.1,209.0
2019-12-08,586.0,88.4,447.0,317.0,346.0,48.2,71.8,900.0,55.9,201.0
2019-12-09,746.0,112.0,571.0,339.0,460.0,116.0,81.7,889.0,66.9,218.0
2019-12-10,2910.0,305.0,2240.0,920.0,2370.0,666.0,341.0,929.0,197.0,506.0
2019-12-11,3690.0,458.0,2250.0,1630.0,2710.0,310.0,599.0,1280.0,308.0,1320.0
2019-12-12,1960.0,302.0,1340.0,1190.0,2390.0,143.0,303.0,1710.0,140.0,772.0
2019-12-13,1510.0,204.0,1080.0,947.0,1830.0,153.0,204.0,1720.0,117.0,585.0
2019-12-14,5980.0,669.0,5470.0,3490.0,2310.0,2400.0,799.0,1670.0,1230.0,2850.0
2019-12-15,9630.0,900.0,6530.0,8890.0,4340.0,1220.0,1780.0,1940.0,1370.0,5340.0
2019-12-16,4270.0,732.0,3070.0,3910.0,3610.0,374.0,798.0,2550.0,427.0,2880.0
2019-12-17,2830.0,427.0,2180.0,2170.0,2490.0,255.0,384.0,2600.0,260.0,1710.0
2019-12-18,2280.0,311.0,1830.0,1460.0,1600.0,189.0,288.0,2280.0,203.0,1160.0
2019-12-19,1670.0,216.0,1410.0,1060.0,1020.0,133.0,225.0,1910.0,124.0,871.0
2019-12-20,1350.0,161.0,1170.0,834.0,942.0,125.0,190.0,1660.0,104.0,770.0
2019-12-21,1240.0,160.0,1200.0,751.0,914.0,148.0,170.0,1500.0,125.0,710.0
2019-12-22,1220.0,143.0,1130.0,707.0,775.0,149.0,157.0,1410.0,155.0,650.0
2019-12-23,1250.0,138.0,1080.0,667.0,780.0,151.0,150.0,1340.0,154.0,595.0
2019-12-24,1200.0,139.0,1000.0,630.0,697.0,154.0,145.0,1270.0,126.0,545.0
2019-12-25,1050.0,127.0,887.0,598.0,600.0,129.0,136.0,1220.0,107.0,505.0
2019-12-26,969.0,119.0,821.0,574.0,512.0,123.0,129.0,1170.0,98.4,473.0
2019-12-27,930.0,114.0,788.0,556.0,478.0,114.0,126.0,1130.0,93.1,445.0
2019-12-28,1000.0,118.0,814.0,,623.0,115.0,122.0,1080.0,95.3,440.0
2019-12-29,982.0,119.0,771.0,534.0,568.0,102.0,119.0,1040.0,88.1,437.0
2019-12-30,945.0,110.0,736.0,518.0,512.0,90.2,114.0,1000.0,82.3,400.0
2019-12-31,938.0,118.0,724.0,501.0,485.0,88.5,108.0,966.0,84.8,374.0
2020-01-01,914.0,122.0,708.0,488.0,480.0,93.5,104.0,937.0,81.2,365.0
2020-01-02,852.0,111.0,663.0,475.0,451.0,87.7,102.0,910.0,75.9,
2020-01-03,798.0,105.0,631.0,462.0,425.0,77.9,101.0,882.0,75.8,347.0
2020-01-04,871.0,119.0,661.0,450.0,405.0,84.6,121.0,854.0,88.5,337.0
2020-01-05,1020.0,170.0,690.0,438.0,397.0,74.4,126.0,827.0,92.0,330.0
2020-01-06,829.0,130.0,555.0,428.0,373.0,58.3,121.0,799.0,88.6,322.0
2020-01-07,807.0,137.0,522.0,418.0,339.0,78.4,117.0,772.0,86.1,315.0
2020-01-08,727.0,125.0,509.0,406.0,331.0,80.2,113.0,745.0,84.9,309.0
2020-01-09,582.0,96.9,471.0,396.0,297.0,64.8,108.0,722.0,83.4,302.0
2020-01-10,553.0,103.0,456.0,384.0,284.0,71.4,105.0,705.0,,295.0
2020-01-11,707.0,126.0,555.0,382.0,360.0,249.0,118.0,712.0,84.9,298.0
2020-01-12,3340.0,510.0,4070.0,836.0,751.0,2020.0,1080.0,875.0,407.0,566.0
2020-01-13,4390.0,658.0,3130.0,2600.0,914.0,853.0,1990.0,1180.0,470.0,1080.0
2020-01-14,2350.0,541.0,1770.0,1810.0,779.0,411.0,874.0,1350.0,242.0,728.0
2020-01-15,1730.0,344.0,1400.0,1230.0,643.0,255.0,446.0,1350.0,156.0,517.0
2020-01-16,1440.0,255.0,1230.0,931.0,547.0,159.0,290.0,1260.0,135.0,413.0
2020-01-17,1000.0,160.0,949.0,,417.0,112.0,222.0,1180.0,103.0,355.0
2020-01-18,777.0,136.0,789.0,574.0,364.0,151.0,200.0,1100.0,89.2,322.0
2020-01-19,958.0,153.0,784.0,527.0,344.0,158.0,193.0,1030.0,84.1,296.0
2020-01-20,953.0,141.0,779.0,501.0,328.0,145.0,185.0,976.0,80.2,275.0
2020-01-21,834.0,116.0,708.0,474.0,317.0,133.0,177.0,926.0,77.2,261.0
2020-01-22,878.0,110.0,706.0,459.0,307.0,123.0,176.0,880.0,75.2,253.0
2020-01-23,833.0,109.0,706.0,450.0,299.0,116.0,173.0,839.0,72.9,244.0
2020-01-24,837.0,108.0,716.0,441.0,293.0,108.0,167.0,806.0,71.2,237.0
2020-01-25,795.0,110.0,721.0,435.0,294.0,102.0,163.0,775.0,72.2,252.0
2020-01-26,1040.0,197.0,774.0,571.0,883.0,127.0,,752.0,136.0,434.0
2020-01-27,1130.0,250.0,798.0,1040.0,1440.0,176.0,157.0,743.0,143.0,778.0
2020-01-28,946.0,198.0,712.0,976.0,1200.0,156.0,,736.0,110.0,707.0
2020-01-29,818.0,157.0,638.0,841.0,914.0,133.0,140.0,729.0,92.3,511.0
2020-01-30,632.0,122.0,606.0,722.0,674.0,122.0,133.0,721.0,82.2,401.0
2020-01-31,688.0,115.0,590.0,617.0,531.0,133.0,127.0,714.0,76.8,354.0
2020-02-01,737.0,116.0,578.0,557.0,454.0,121.0,122.0,707.0,72.3,323.0
2020-02-02,684.0,111.0,561.0,511.0,412.0,98.3,119.0,700.0,68.6,301.0
2020-02-03,643.0,105.0,535.0,471.0,384.0,88.3,115.0,693.0,65.2,286.0
2020-02-04,605.0,101.0,514.0,441.0,361.0,79.5,109.0,685.0,62.2,273.0
2020-02-05,583.0,97.6,496.0,413.0,341.0,75.9,102.0,678.0,58.9,261.0
2020-02-06,559.0,89.5,480.0,386.0,312.0,72.6,97.1,671.0,56.5,249.0
2020-02-07,611.0,99.1,481.0,364.0,318.0,68.9,92.4,664.0,54.1,239.0
2020-02-08,660.0,92.5,466.0,347.0,304.0,65.1,88.1,657.0,52.0,232.0
2020-02-09,503.0,85.1,426.0,336.0,263.0,64.3,85.5,649.0,50.0,225.0
2020-02-10,645.0,90.4,486.0,328.0,314.0,63.8,82.8,642.0,48.9,224.0
2020-02-11,574.0,93.5,462.0,337.0,464.0,63.0,80.2,635.0,48.3,234.0
2020-02-12,551.0,92.2,448.0,338.0,503.0,63.0,77.8,628.0,47.7,232.0
2020-02-13,538.0,89.2,432.0,331.0,468.0,62.5,76.3,620.0,47.4,225.0
2020-02-14,502.0,78.1,352.0,321.0,397.0,60.8,74.8,613.0,45.6,217.0
2020-02-15,380.0,67.7,296.0,314.0,329.0,60.4,72.4,606.0,44.2,212.0
2020-02-16,554.0,78.2,368.0,307.0,311.0,59.9,70.9,599.0,43.0,207.0
2020-02-17,528.0,78.0,367.0,298.0,296.0,59.5,70.2,592.0,41.8,201.0
2020-02-18,437.0,69.9,291.0,290.0,265.0,59.3,68.7,584.0,40.8,196.0
2020-02-19,504.0,75.2,330.0,282.0,281.0,,67.5,577.0,39.9,192.0
2020-02-20,462.0,66.4,301.0,276.0,255.0,58.6,,570.0,38.6,189.0
2020-02-21,435.0,61.2,292.0,268.0,239.0,55.9,65.9,563.0,37.8,188.0
2020-02-22,463.0,62.4,339.0,263.0,233.0,54.5,64.7,556.0,37.4,185.0
2020-02-23,470.0,65.2,351.0,260.0,229.0,,63.7,549.0,37.6,185.0
2020-02-24,488.0,73.2,352.0,266.0,229.0,53.6,62.6,544.0,39.9,195.0
2020-02-25,536.0,93.8,390.0,307.0,241.0,57.6,62.8,557.0,46.6,222.0
2020-02-26,615.0,123.0,402.0,396.0,268.0,77.0,69.3,576.0,59.9,271.0
2020-02-27,1070.0,400.0,526.0,525.0,486.0,136.0,85.5,596.0,81.6,321.0
2020-02-28,2080.0,566.0,675.0,619.0,968.0,150.0,97.6,616.0,75.3,351.0
2020-02-29,1240.0,421.0,531.0,576.0,743.0,98.0,92.6,635.0,65.3,335.0
2020-03-01,936.0,260.0,458.0,529.0,576.0,79.1,84.7,655.0,58.5,315.0
2020-03-02,816.0,189.0,437.0,488.0,444.0,69.5,78.7,675.0,55.1,299.0
2020-03-03,783.0,177.0,448.0,472.0,403.0,76.2,87.2,694.0,68.9,294.0
2020-03-04,1400.0,314.0,706.0,570.0,583.0,182.0,163.0,720.0,,375.0
2020-03-05,1630.0,398.0,775.0,989.0,686.0,252.0,302.0,798.0,273.0,652.0
2020-03-06,1340.0,328.0,646.0,985.0,603.0,203.0,239.0,951.0,132.0,658.0
2020-03-07,1140.0,261.0,577.0,843.0,511.0,159.0,174.0,1110.0,102.0,537.0
2020-03-08,954.0,207.0,533.0,724.0,434.0,135.0,144.0,1150.0,94.0,462.0
2020-03-09,1000.0,213.0,548.0,654.0,405.0,146.0,139.0,1140.0,98.0,418.0
2020-03-10,1620.0,310.0,724.0,633.0,411.0,299.0,220.0,1170.0,154.0,415.0
2020-03-11,3340.0,440.0,1200.0,692.0,444.0,413.0,353.0,1230.0,218.0,445.0
2020-03-12,2480.0,408.0,1100.0,729.0,482.0,342.0,348.0,1450.0,181.0,470.0
2020-03-13,2810.0,463.0,1250.0,940.0,614.0,331.0,341.0,1910.0,186.0,647.0
2020-03-14,4550.0,652.0,2020.0,2190.0,1340.0,444.0,405.0,2380.0,292.0,1510.0
2020-03-15,2840.0,543.0,1440.0,2690.0,1140.0,374.0,314.0,2530.0,192.0,1450.0
2020-03-16,1920.0,368.0,1150.0,1880.0,898.0,306.0,249.0,2470.0,149.0,1130.0
2020-03-17,1640.0,282.0,1060.0,1440.0,717.0,191.0,238.0,2330.0,133.0,956.0
2020-03-18,1380.0,229.0,959.0,1200.0,620.0,106.0,209.0,2190.0,121.0,789.0
2020-03-19,1290.0,217.0,914.0,1100.0,546.0,86.7,196.0,,112.0,658.0
2020-03-20,1310.0,261.0,920.0,1200.0,629.0,150.0,204.0,1940.0,121.0,626.0
2020-03-21,2140.0,370.0,1770.0,1670.0,719.0,478.0,444.0,1950.0,222.0,798.0
2020-03-22,1860.0,329.0,1420.0,1590.0,665.0,229.0,419.0,2290.0,173.0,816.0
2020-03-23,1480.0,247.0,1190.0,1210.0,573.0,167.0,330.0,3190.0,134.0,677.0
2020-03-24,1380.0,222.0,1130.0,1080.0,545.0,152.0,307.0,3760.0,144.0,709.0
2020-03-25,1250.0,216.0,1060.0,1190.0,569.0,126.0,240.0,3840.0,133.0,671.0
2020-03-26,1200.0,214.0,998.0,1310.0,568.0,122.0,229.0,3610.0,146.0,700.0
2020-03-27,1390.0,254.0,1060.0,1560.0,547.0,149.0,266.0,3340.0,186.0,869.0
2020-03-28,1650.0,285.0,1200.0,1870.0,517.0,168.0,291.0,3250.0,178.0,1040.0
2020-03-29,1730.0,308.0,1250.0,1960.0,497.0,192.0,292.0,3230.0,186.0,922.0
2020-03-30,2720.0,510.0,1540.0,2120.0,557.0,199.0,278.0,3220.0,179.0,1130.0
2020-03-31,2170.0,467.0,1370.0,2090.0,660.0,174.0,263.0,3200.0,168.0,1120.0
2020-04-01,1980.0,386.0,1340.0,2090.0,651.0,173.0,248.0,3190.0,182.0,1230.0
2020-04-02,1830.0,329.0,1320.0,2900.0,849.0,183.0,252.0,3240.0,352.0,1940.0
2020-04-03,2750.0,443.0,4090.0,12400.0,1540.0,1100.0,621.0,3560.0,2420.0,8560.0
2020-04-04,3970.0,579.0,5250.0,10500.0,1750.0,871.0,1100.0,4670.0,1510.0,6540.0
2020-04-05,3520.0,491.0,3680.0,6610.0,1620.0,712.0,1260.0,7490.0,1150.0,4800.0
2020-04-06,3380.0,373.0,3410.0,5490.0,1280.0,750.0,1670.0,11500.0,1120.0,4220.0
2020-04-07,2970.0,301.0,2950.0,4610.0,1010.0,556.0,1350.0,14200.0,853.0,3570.0
2020-04-08,2570.0,265.0,2610.0,3750.0,851.0,468.0,1130.0,13800.0,721.0,2960.0
2020-04-09,2970.0,379.0,2660.0,3410.0,749.0,550.0,1070.0,12100.0,738.0,2660.0
2020-04-10,4540.0,785.0,2670.0,4090.0,926.0,458.0,820.0,9490.0,589.0,2570.0
2020-04-11,3070.0,706.0,2110.0,3340.0,1070.0,290.0,583.0,7400.0,399.0,2170.0
2020-04-12,2310.0,464.0,1810.0,2770.0,1040.0,241.0,477.0,6080.0,357.0,1810.0
2020-04-13,6700.0,428.0,6160.0,4740.0,1240.0,2480.0,1470.0,5920.0,1310.0,3990.0
2020-04-14,17700.0,711.0,13600.0,12500.0,3290.0,2050.0,4090.0,11500.0,2220.0,10500.0
2020-04-15,6610.0,633.0,5240.0,6140.0,3710.0,733.0,1920.0,18300.0,935.0,4990.0
2020-04-16,4290.0,409.0,3520.0,3940.0,2870.0,467.0,958.0,17400.0,570.0,3130.0
2020-04-17,3330.0,297.0,2720.0,2930.0,1940.0,345.0,698.0,13700.0,421.0,2310.0
2020-04-18,2690.0,245.0,2290.0,2410.0,1390.0,288.0,571.0,9690.0,351.0,1850.0
2020-04-19,2240.0,221.0,2010.0,2110.0,1090.0,270.0,587.0,7930.0,363.0,1480.0
2020-04-20,2140.0,193.0,2070.0,,907.0,355.0,990.0,8270.0,525.0,1670.0
2020-04-21,2140.0,193.0,2040.0,2120.0,780.0,354.0,871.0,8710.0,463.0,1700.0
2020-04-22,3200.0,281.0,2180.0,2340.0,840.0,328.0,760.0,8390.0,398.0,1710.0
2020-04-23,2240.0,240.0,1710.0,1880.0,778.0,239.0,554.0,6900.0,305.0,1380.0
2020-04-24,1870.0,193.0,1550.0,1580.0,688.0,214.0,531.0,5840.0,288.0,1210.0
2020-04-25,1620.0,168.0,1460.0,1500.0,616.0,233.0,726.0,5710.0,364.0,1190.0
2020-04-26,1590.0,150.0,1550.0,1560.0,547.0,307.0,999.0,6630.0,457.0,1380.0
2020-04-27,2370.0,212.0,2300.0,2640.0,584.0,466.0,1340.0,8270.0,885.0,2170.0
2020-04-28,2560.0,313.0,2140.0,3100.0,639.0,354.0,918.0,9600.0,515.0,2140.0
2020-04-29,2130.0,264.0,1850.0,2160.0,571.0,357.0,985.0,11100.0,482.0,1690.0
2020-04-30,2100.0,237.0,1940.0,1990.0,507.0,419.0,1430.0,13000.0,569.0,1710.0
2020-05-01,6280.0,501.0,6460.0,3200.0,624.0,2340.0,1980.0,13900.0,2310.0,2980.0
2020-05-02,6590.0,604.0,5960.0,6950.0,1210.0,1260.0,2980.0,18500.0,1700.0,4490.0
2020-05-03,4420.0,427.0,4230.0,3860.0,1060.0,897.0,2420.0,19200.0,1190.0,3140.0
2020-05-04,4160.0,300.0,3990.0,3060.0,902.0,805.0,2060.0,19700.0,,2620.0
2020-05-05,3340.0,229.0,3120.0,2520.0,749.0,554.0,1440.0,19000.0,697.0,2090.0
2020-05-06,2550.0,188.0,2400.0,1930.0,631.0,371.0,907.0,15500.0,480.0,1540.0
2020-05-07,2120.0,165.0,2140.0,1650.0,553.0,331.0,801.0,12300.0,445.0,1100.0
2020-05-08,1970.0,149.0,2010.0,1510.0,491.0,337.0,909.0,10100.0,437.0,1070.0
2020-05-09,1830.0,148.0,1860.0,1480.0,586.0,301.0,830.0,8600.0,384.0,1020.0
2020-05-10,1630.0,152.0,1630.0,1480.0,778.0,244.0,613.0,7050.0,309.0,927.0
2020-05-11,1560.0,154.0,1520.0,1330.0,699.0,266.0,662.0,5630.0,308.0,851.0
2020-05-12,2380.0,186.0,1880.0,1920.0,687.0,439.0,1440.0,5090.0,658.0,1520.0
2020-05-13,1890.0,163.0,1550.0,1900.0,649.0,283.0,796.0,5350.0,385.0,1320.0
2020-05-14,1560.0,138.0,1370.0,1380.0,582.0,239.0,635.0,4940.0,313.0,980.0
2020-05-15,1550.0,145.0,1390.0,1220.0,513.0,284.0,760.0,4600.0,387.0,899.0
2020-05-16,4380.0,353.0,3000.0,2890.0,775.0,730.0,2480.0,5260.0,1040.0,2620.0
2020-05-17,3440.0,294.0,2400.0,2350.0,796.0,427.0,1540.0,6770.0,581.0,1920.0
2020-05-18,2890.0,207.0,2140.0,1730.0,688.0,408.0,1090.0,6320.0,502.0,1560.0
2020-05-19,2750.0,160.0,2090.0,1460.0,572.0,367.0,900.0,5210.0,423.0,1260.0
2020-05-20,2410.0,135.0,1890.0,1280.0,482.0,335.0,769.0,4280.0,362.0,1080.0
2020-05-21,2360.0,119.0,1920.0,1150.0,420.0,368.0,719.0,3630.0,352.0,1030.0
2020-05-22,2480.0,106.0,2140.0,1100.0,,399.0,686.0,3240.0,367.0,1150.0
2020-05-23,2600.0,94.8,2220.0,1030.0,330.0,365.0,608.0,2790.0,326.0,1120.0
2020-05-24,2210.0,83.0,1850.0,880.0,295.0,264.0,479.0,2270.0,243.0,811.0
2020-05-25,1720.0,76.2,1480.0,733.0,271.0,236.0,393.0,1830.0,196.0,667.0
2020-05-26,1700.0,74.0,1590.0,663.0,257.0,281.0,356.0,1520.0,201.0,721.0
2020-05-27,1930.0,69.0,1950.0,634.0,246.0,322.0,325.0,1350.0,196.0,805.0
2020-05-28,1850.0,60.8,1920.0,599.0,231.0,267.0,277.0,1630.0,166.0,749.0
2020-05-29,1590.0,54.2,1590.0,535.0,221.0,215.0,241.0,1500.0,132.0,600.0
2020-05-30,1710.0,50.6,1530.0,484.0,217.0,207.0,458.0,1260.0,131.0,808.0
2020-05-31,1320.0,46.0,1160.0,541.0,204.0,140.0,353.0,1300.0,105.0,572.0
2020-06-01,1070.0,41.8,915.0,439.0,183.0,109.0,275.0,1380.0,85.2,408.0
2020-06-02,915.0,39.4,784.0,387.0,168.0,94.7,238.0,1180.0,77.5,343.0
2020-06-03,832.0,39.5,720.0,359.0,163.0,89.1,209.0,958.0,71.2,310.0
2020-06-04,773.0,42.9,711.0,339.0,163.0,85.8,217.0,794.0,71.3,299.0
2020-06-05,713.0,42.8,691.0,326.0,159.0,76.6,183.0,672.0,61.3,274.0
2020-06-06,707.0,40.9,681.0,305.0,166.0,75.5,182.0,606.0,62.2,260.0
2020-06-07,757.0,42.4,687.0,298.0,208.0,75.1,180.0,668.0,58.4,271.0
2020-06-08,652.0,37.3,576.0,283.0,228.0,62.9,146.0,650.0,49.9,241.0
2020-06-09,571.0,34.8,514.0,256.0,212.0,56.0,123.0,531.0,43.9,214.0
2020-06-10,530.0,31.5,484.0,233.0,185.0,53.9,113.0,448.0,40.9,204.0
2020-06-11,504.0,31.8,474.0,223.0,199.0,52.0,102.0,449.0,40.4,195.0
2020-06-12,525.0,31.5,511.0,227.0,281.0,53.1,107.0,631.0,43.7,196.0
2020-06-13,466.0,30.1,442.0,226.0,237.0,44.8,88.9,554.0,35.9,184.0
2020-06-14,423.0,27.2,401.0,203.0,202.0,42.3,78.6,426.0,33.3,169.0
2020-06-15,401.0,25.2,378.0,188.0,174.0,40.8,74.1,353.0,32.6,165.0
2020-06-16,376.0,23.5,357.0,180.0,155.0,37.8,67.8,302.0,30.4,156.0
2020-06-17,354.0,22.4,338.0,172.0,138.0,35.2,60.7,261.0,27.1,126.0
2020-06-18,336.0,19.8,321.0,161.0,126.0,32.7,54.9,228.0,24.3,116.0
2020-06-19,315.0,18.6,301.0,150.0,115.0,30.2,49.8,201.0,21.7,110.0
2020-06-20,310.0,17.6,287.0,140.0,108.0,29.3,45.5,178.0,20.0,103.0
2020-06-21,330.0,17.7,281.0,131.0,101.0,30.9,42.6,179.0,29.5,102.0
2020-06-22,346.0,17.7,303.0,127.0,95.0,31.5,56.0,365.0,24.4,106.0
2020-06-23,356.0,16.9,299.0,143.0,90.1,30.1,53.3,615.0,22.7,101.0
2020-06-24,313.0,15.9,276.0,133.0,88.0,27.9,50.4,572.0,20.0,98.7
2020-06-25,281.0,15.1,261.0,131.0,86.2,27.4,49.2,775.0,23.0,101.0
2020-06-26,261.0,14.0,242.0,140.0,83.8,24.6,42.2,721.0,19.6,106.0
2020-06-27,246.0,13.6,230.0,143.0,79.2,23.4,36.5,470.0,16.5,92.3
2020-06-28,245.0,13.3,260.0,122.0,75.0,24.5,36.1,384.0,21.7,89.2
2020-06-29,297.0,15.5,722.0,140.0,85.7,471.0,1250.0,564.0,1310.0,119.0
2020-06-30,722.0,24.8,1710.0,2110.0,96.0,662.0,1890.0,811.0,1780.0,1210.0
2020-07-01,1550.0,49.0,2290.0,3350.0,104.0,1410.0,832.0,840.0,1190.0,3560.0
2020-07-02,1210.0,89.6,1470.0,2040.0,102.0,396.0,648.0,635.0,434.0,1650.0
2020-07-03,715.0,56.8,847.0,1060.0,94.2,160.0,279.0,468.0,195.0,825.0
2020-07-04,583.0,42.1,655.0,656.0,85.1,114.0,195.0,405.0,130.0,518.0
2020-07-05,487.0,31.6,531.0,488.0,80.7,81.0,145.0,336.0,91.3,371.0
2020-07-06,398.0,26.1,455.0,472.0,85.1,67.0,113.0,269.0,74.5,304.0
2020-07-07,352.0,22.2,401.0,433.0,83.2,56.5,91.3,223.0,61.1,249.0
2020-07-08,334.0,25.6,363.0,349.0,80.1,52.9,110.0,222.0,79.7,248.0
2020-07-09,587.0,27.4,517.0,571.0,83.6,56.8,225.0,650.0,140.0,548.0
2020-07-10,447.0,22.0,441.0,615.0,84.1,51.8,127.0,898.0,76.5,327.0
2020-07-11,531.0,26.1,,552.0,87.3,899.0,131.0,595.0,208.0,397.0
2020-07-12,977.0,24.7,1960.0,1060.0,98.0,590.0,160.0,572.0,370.0,995.0
2020-07-13,771.0,20.7,1060.0,961.0,93.5,279.0,183.0,738.0,234.0,628.0
2020-07-14,1980.0,28.5,1540.0,1010.0,86.0,1420.0,251.0,643.0,425.0,457.0
2020-07-15,1870.0,23.8,1650.0,2490.0,80.0,662.0,388.0,461.0,524.0,659.0
2020-07-16,946.0,20.3,1020.0,1410.0,74.0,295.0,192.0,344.0,222.0,470.0
2020-07-17,729.0,19.0,832.0,908.0,67.1,231.0,162.0,290.0,180.0,333.0
2020-07-18,745.0,18.5,771.0,722.0,68.2,184.0,220.0,397.0,172.0,362.0
2020-07-19,609.0,17.0,628.0,624.0,72.8,125.0,142.0,551.0,116.0,303.0
2020-07-20,496.0,16.4,531.0,487.0,72.7,97.2,136.0,469.0,103.0,248.0
2020-07-21,416.0,14.9,463.0,402.0,67.9,77.7,108.0,523.0,75.8,209.0
2020-07-22,368.0,12.7,415.0,332.0,61.2,68.5,85.1,628.0,62.1,176.0
2020-07-23,432.0,14.7,468.0,293.0,60.6,94.3,75.7,501.0,59.1,161.0
2020-07-24,691.0,13.6,568.0,293.0,62.2,82.9,101.0,956.0,61.6,169.0
2020-07-25,511.0,12.3,437.0,286.0,59.8,63.4,75.0,961.0,49.9,156.0
2020-07-26,396.0,11.2,371.0,246.0,58.5,54.4,59.6,648.0,42.3,138.0
2020-07-27,347.0,10.4,342.0,221.0,69.2,50.5,194.0,911.0,44.2,129.0
2020-07-28,323.0,9.82,324.0,222.0,88.4,49.1,306.0,1760.0,56.7,142.0
2020-07-29,,8.94,303.0,221.0,86.6,44.0,188.0,1750.0,45.3,172.0
2020-07-30,272.0,8.27,282.0,205.0,89.5,40.4,261.0,1270.0,36.5,
2020-07-31,255.0,7.98,270.0,185.0,81.5,68.6,219.0,841.0,32.5,147.0
2020-08-01,238.0,7.58,259.0,170.0,74.3,,122.0,694.0,29.6,132.0
2020-08-02,226.0,,246.0,157.0,67.1,38.5,88.3,636.0,27.4,119.0
2020-08-03,223.0,7.6,247.0,148.0,63.4,37.9,75.4,524.0,28.4,111.0
2020-08-04,249.0,7.56,252.0,145.0,60.4,83.9,71.7,693.0,36.3,109.0
2020-08-05,809.0,10.3,1340.0,199.0,71.7,453.0,231.0,665.0,228.0,546.0
2020-08-06,549.0,9.8,615.0,460.0,67.7,97.3,143.0,1040.0,75.1,351.0
2020-08-07,361.0,13.4,406.0,275.0,60.0,62.8,85.1,741.0,45.9,207.0
2020-08-08,300.0,13.1,341.0,202.0,54.9,51.3,66.2,548.0,35.4,159.0
2020-08-09,269.0,11.6,306.0,172.0,51.4,46.1,56.6,406.0,30.5,139.0
2020-08-10,247.0,9.87,281.0,155.0,49.2,43.2,51.0,316.0,27.6,128.0
2020-08-11,236.0,8.93,265.0,144.0,47.6,41.0,48.1,267.0,26.1,117.0
2020-08-12,221.0,8.14,248.0,134.0,48.2,42.8,65.6,246.0,23.5,109.0
2020-08-13,207.0,,230.0,124.0,49.3,34.8,57.2,296.0,21.0,98.8
2020-08-14,197.0,6.88,216.0,114.0,46.5,31.2,44.6,250.0,18.7,90.7
2020-08-15,190.0,6.47,205.0,106.0,41.9,29.5,38.6,,17.1,83.7
2020-08-16,198.0,6.34,202.0,99.1,39.1,31.4,35.4,162.0,17.4,80.0
2020-08-17,201.0,6.15,200.0,94.1,38.1,31.4,33.3,145.0,17.5,79.5
2020-08-18,186.0,5.83,195.0,91.2,41.8,30.3,35.4,139.0,19.7,78.3
2020-08-19,182.0,5.6,187.0,88.9,46.8,28.9,39.5,132.0,21.6,76.3
2020-08-20,174.0,5.93,178.0,85.4,46.4,26.3,36.4,149.0,18.9,74.2
2020-08-21,165.0,5.1,171.0,82.6,44.9,24.8,34.7,149.0,17.2,72.0
2020-08-22,163.0,5.56,173.0,79.7,44.8,25.1,57.9,147.0,17.4,71.6
2020-08-23,168.0,5.18,182.0,78.0,42.2,26.2,48.2,146.0,17.5,72.2
2020-08-24,180.0,4.97,177.0,79.5,39.3,25.8,43.5,134.0,17.2,73.3
2020-08-25,179.0,4.87,169.0,80.1,41.9,24.7,66.4,141.0,19.4,73.1
2020-08-26,165.0,5.19,159.0,77.9,56.2,24.2,67.7,293.0,24.7,68.7
2020-08-27,154.0,4.96,150.0,73.2,47.0,21.3,44.9,392.0,17.4,64.1
2020-08-28,148.0,5.06,146.0,70.0,39.5,20.3,35.4,266.0,14.5,60.5
2020-08-29,169.0,11.4,174.0,77.0,49.9,34.5,40.0,225.0,22.0,67.2
2020-08-30,233.0,30.0,270.0,91.9,108.0,46.8,70.5,1250.0,32.7,85.0
2020-08-31,207.0,31.0,205.0,100.0,88.7,28.5,59.6,2830.0,24.1,93.8
2020-09-01,172.0,20.1,173.0,103.0,67.6,24.2,44.9,1950.0,18.7,76.8
2020-09-02,162.0,15.6,166.0,87.5,56.8,24.1,37.2,1230.0,17.9,69.4
2020-09-03,192.0,13.6,186.0,80.8,61.2,32.6,39.6,823.0,22.1,70.3
2020-09-04,234.0,11.9,190.0,78.2,73.3,27.8,37.9,638.0,21.3,75.7
2020-09-05,183.0,9.74,163.0,81.5,62.6,22.1,31.7,482.0,15.9,69.0
2020-09-06,156.0,8.82,150.0,76.5,52.4,19.7,29.1,371.0,13.2,61.4
2020-09-07,144.0,7.93,142.0,68.9,46.7,18.9,26.8,299.0,12.1,57.8
2020-09-08,141.0,7.54,138.0,65.7,43.6,18.5,25.2,239.0,12.1,56.7
2020-09-09,140.0,6.91,136.0,64.2,41.6,18.4,23.4,208.0,11.9,56.8
2020-09-10,135.0,6.56,132.0,63.0,40.7,17.7,22.1,189.0,11.3,56.7
2020-09-11,,6.76,127.0,60.2,38.4,16.6,20.6,181.0,10.5,55.1
2020-09-12,124.0,6.59,121.0,57.7,36.6,15.8,19.9,172.0,9.52,52.8
2020-09-13,122.0,6.14,118.0,55.1,35.3,15.7,19.5,170.0,9.24,51.4
2020-09-14,120.0,5.9,117.0,53.1,35.2,15.5,21.5,160.0,9.31,50.6
2020-09-15,114.0,5.51,113.0,51.0,33.0,14.6,23.4,167.0,8.87,48.7
2020-09-16,113.0,5.41,111.0,49.3,32.0,14.4,22.4,183.0,8.72,48.0
2020-09-17,113.0,5.43,110.0,48.3,32.0,14.3,19.7,153.0,8.45,47.8
2020-09-18,113.0,6.58,109.0,47.0,31.4,14.2,18.1,135.0,8.13,46.7
2020-09-19,108.0,6.17,107.0,45.9,31.8,13.8,17.0,122.0,7.46,45.3
2020-09-20,104.0,5.82,104.0,44.1,30.7,13.3,16.3,112.0,7.2,44.3
2020-09-21,103.0,5.77,104.0,42.9,29.0,13.6,16.0,107.0,7.39,44.3
2020-09-22,105.0,5.77,104.0,41.9,29.5,13.9,16.1,101.0,7.65,44.8
2020-09-23,104.0,5.74,104.0,42.3,32.0,13.7,16.0,96.4,7.7,45.5
2020-09-24,103.0,5.5,103.0,42.9,32.3,13.4,16.5,92.9,7.5,45.5
2020-09-25,103.0,5.47,102.0,42.1,30.0,13.4,17.9,88.8,7.5,45.1
2020-09-26,104.0,5.56,101.0,41.1,28.7,13.4,17.7,85.3,7.69,45.2
2020-09-27,103.0,5.6,101.0,41.0,29.0,13.4,16.8,83.5,7.83,46.0
2020-09-28,105.0,8.62,103.0,41.6,30.4,13.6,15.6,82.3,7.95,46.8
2020-09-29,114.0,11.1,105.0,41.8,33.5,14.3,15.4,80.9,8.19,46.3
2020-09-30,1030.0,24.1,772.0,59.2,38.2,368.0,508.0,107.0,91.1,70.2
2020-10-01,960.0,22.8,659.0,87.8,41.5,82.5,302.0,136.0,80.6,310.0
2020-10-02,409.0,25.4,311.0,200.0,40.1,42.2,119.0,316.0,40.9,137.0
2020-10-03,318.0,21.9,254.0,136.0,40.5,45.3,166.0,302.0,49.0,118.0
2020-10-04,278.0,19.6,226.0,114.0,40.7,34.9,111.0,408.0,34.3,125.0
2020-10-05,237.0,17.8,196.0,116.0,39.4,29.6,75.9,414.0,25.7,95.2
2020-10-06,213.0,16.7,178.0,96.8,37.8,26.8,57.5,356.0,21.4,82.0
2020-10-07,204.0,17.7,169.0,85.6,38.0,26.6,55.3,307.0,20.8,76.4
2020-10-08,226.0,19.9,172.0,77.8,40.2,30.0,94.4,285.0,30.7,74.8
2020-10-09,318.0,19.7,236.0,71.7,40.5,30.2,117.0,601.0,30.1,80.3
2020-10-10,249.0,19.7,197.0,76.2,39.9,27.3,85.3,543.0,24.7,76.6
2020-10-11,931.0,19.1,621.0,80.6,51.3,72.6,378.0,807.0,42.3,79.9
2020-10-12,588.0,18.7,438.0,80.8,50.6,44.0,190.0,1410.0,38.0,117.0
2020-10-13,,33.9,437.0,122.0,48.7,321.0,400.0,1180.0,171.0,114.0
2020-10-14,3560.0,71.1,,846.0,267.0,401.0,1240.0,2350.0,471.0,1320.0
2020-10-15,1270.0,50.2,815.0,789.0,281.0,110.0,419.0,4730.0,122.0,647.0
2020-10-16,817.0,35.6,570.0,418.0,197.0,99.8,279.0,3740.0,127.0,629.0
2020-10-17,3100.0,144.0,2580.0,1580.0,213.0,1020.0,1780.0,7760.0,1270.0,2550.0
2020-10-18,2800.0,173.0,1770.0,2730.0,312.0,379.0,1220.0,14400.0,466.0,2250.0
2020-10-19,1590.0,103.0,1110.0,1130.0,240.0,238.0,879.0,12400.0,293.0,1340.0
2020-10-20,1320.0,72.3,928.0,782.0,193.0,196.0,1110.0,10300.0,272.0,953.0
2020-10-21,1310.0,64.1,868.0,680.0,160.0,154.0,900.0,10300.0,203.0,828.0
2020-10-22,1160.0,78.1,802.0,570.0,135.0,130.0,577.0,9560.0,153.0,656.0
2020-10-23,929.0,51.7,671.0,477.0,118.0,100.0,413.0,7770.0,119.0,536.0
2020-10-24,802.0,42.5,596.0,404.0,104.0,90.2,335.0,6140.0,101.0,448.0
2020-10-25,741.0,35.5,538.0,348.0,93.0,80.0,300.0,4750.0,88.2,377.0
2020-10-26,665.0,34.5,499.0,307.0,83.6,72.6,254.0,3710.0,75.8,313.0
2020-10-27,800.0,36.2,579.0,281.0,85.0,88.5,413.0,3300.0,84.6,294.0
2020-10-28,843.0,36.0,570.0,286.0,91.0,78.9,340.0,3310.0,81.2,260.0
2020-10-29,764.0,38.4,516.0,288.0,91.7,73.4,284.0,2880.0,76.6,219.0
2020-10-30,919.0,74.6,553.0,276.0,89.3,85.3,254.0,2520.0,87.4,208.0
2020-10-31,829.0,83.2,499.0,277.0,84.7,69.4,188.0,2150.0,69.6,192.0
2020-11-01,689.0,66.3,458.0,255.0,84.8,63.9,180.0,1750.0,63.3,172.0
2020-11-02,781.0,60.5,508.0,256.0,239.0,76.3,238.0,1640.0,83.3,190.0
2020-11-03,783.0,,573.0,289.0,271.0,66.4,215.0,1660.0,79.9,213.0
2020-11-04,643.0,50.4,470.0,287.0,219.0,57.9,179.0,1470.0,63.5,185.0
2020-11-05,573.0,44.8,420.0,253.0,199.0,57.3,181.0,1300.0,62.3,170.0
2020-11-06,594.0,41.6,437.0,239.0,202.0,64.6,303.0,1310.0,84.4,176.0
2020-11-07,642.0,39.2,456.0,252.0,183.0,61.6,326.0,1340.0,87.0,190.0
2020-11-08,585.0,37.5,429.0,267.0,159.0,56.2,237.0,1370.0,71.6,183.0
2020-11-09,529.0,38.2,398.0,245.0,143.0,53.0,196.0,1290.0,63.4,171.0
2020-11-10,494.0,35.5,378.0,226.0,132.0,51.2,175.0,1160.0,59.1,164.0
2020-11-11,472.0,33.4,363.0,214.0,120.0,49.8,163.0,1050.0,56.1,161.0
2020-11-12,488.0,33.0,358.0,204.0,113.0,49.2,182.0,968.0,55.7,163.0
2020-11-13,474.0,31.6,341.0,196.0,107.0,45.8,180.0,901.0,53.7,160.0
2020-11-14,454.0,31.3,332.0,193.0,113.0,45.7,161.0,838.0,53.8,160.0
2020-11-15,433.0,30.2,324.0,190.0,116.0,45.0,152.0,806.0,52.8,160.0
2020-11-16,2010.0,56.0,1010.0,609.0,195.0,286.0,690.0,887.0,268.0,492.0
2020-11-17,1590.0,69.9,868.0,1070.0,261.0,139.0,519.0,1670.0,166.0,677.0
2020-11-18,1020.0,56.9,631.0,685.0,221.0,89.3,279.0,2240.0,101.0,490.0
2020-11-19,766.0,45.7,504.0,482.0,185.0,68.1,195.0,1800.0,66.6,341.0
2020-11-20,706.0,41.0,492.0,398.0,163.0,71.2,214.0,1460.0,,302.0
2020-11-21,667.0,39.2,478.0,374.0,151.0,72.0,323.0,1330.0,76.1,294.0
2020-11-22,608.0,37.6,455.0,350.0,136.0,63.9,295.0,1290.0,69.4,274.0
2020-11-23,697.0,55.8,601.0,712.0,143.0,191.0,391.0,1470.0,150.0,467.0
2020-11-24,1310.0,76.6,1020.0,1860.0,352.0,197.0,554.0,2340.0,206.0,1200.0
2020-11-25,911.0,69.8,686.0,1080.0,394.0,98.5,279.0,3450.0,97.1,691.0
2020-11-26,959.0,85.1,680.0,852.0,409.0,115.0,323.0,3330.0,128.0,597.0
2020-11-27,1660.0,131.0,940.0,1230.0,710.0,,474.0,2980.0,185.0,675.0
2020-11-28,1380.0,115.0,891.0,1270.0,673.0,137.0,499.0,2920.0,186.0,771.0
2020-11-29,1180.0,93.1,766.0,1090.0,565.0,107.0,394.0,2830.0,143.0,649.0
2020-11-30,1260.0,152.0,940.0,1030.0,,1360.0,407.0,2700.0,520.0,624.0
2020-12-01,14600.0,774.0,11200.0,13000.0,2000.0,2660.0,2350.0,8130.0,3900.0,12300.0
2020-12-02,5350.0,746.0,3780.0,7920.0,3770.0,596.0,1150.0,14400.0,847.0,6170.0
2020-12-03,3180.0,438.0,2330.0,3570.0,3290.0,317.0,596.0,12300.0,415.0,3020.0
2020-12-04,2220.0,233.0,1790.0,2480.0,2350.0,233.0,445.0,8520.0,288.0,1960.0
2020-12-05,1790.0,190.0,1580.0,2040.0,1700.0,213.0,393.0,6030.0,262.0,1470.0
2020-12-06,1810.0,241.0,1600.0,2680.0,2610.0,201.0,352.0,4670.0,261.0,1650.0
2020-12-07,1420.0,173.0,1310.0,2030.0,2710.0,166.0,284.0,3650.0,198.0,1180.0
2020-12-08,1200.0,,1140.0,1560.0,2320.0,145.0,247.0,3250.0,167.0,774.0
2020-12-09,1060.0,110.0,1010.0,1310.0,1710.0,135.0,222.0,2750.0,149.0,686.0
2020-12-10,998.0,101.0,952.0,1180.0,1250.0,123.0,209.0,2380.0,142.0,658.0
2020-12-11,911.0,93.4,873.0,1050.0,982.0,114.0,199.0,2140.0,136.0,602.0
2020-12-12,852.0,87.2,827.0,963.0,823.0,112.0,192.0,1960.0,133.0,570.0
2020-12-13,976.0,95.4,868.0,1000.0,936.0,152.0,193.0,1810.0,150.0,608.0
2020-12-14,1250.0,119.0,962.0,1160.0,974.0,179.0,217.0,1690.0,169.0,737.0
2020-12-15,1040.0,110.0,827.0,1010.0,857.0,112.0,170.0,1340.0,132.0,615.0
2020-12-16,732.0,76.5,602.0,558.0,611.0,81.6,106.0,604.0,119.0,490.0
2020-12-17,803.0,54.5,619.0,487.0,535.0,89.3,104.0,594.0,114.0,474.0
2020-12-18,860.0,79.8,606.0,474.0,487.0,82.2,101.0,1150.0,108.0,454.0
2020-12-19,821.0,84.5,591.0,460.0,469.0,76.3,98.1,1280.0,103.0,439.0
2020-12-20,906.0,88.2,577.0,443.0,445.0,71.9,95.5,1230.0,97.6,416.0
2020-12-21,938.0,86.2,563.0,422.0,451.0,68.8,92.9,1190.0,92.8,395.0
2020-12-22,879.0,83.6,550.0,401.0,428.0,66.5,90.4,1150.0,88.1,376.0
2020-12-23,775.0,76.8,537.0,389.0,400.0,64.8,87.9,1120.0,83.1,363.0
2020-12-24,715.0,74.5,549.0,386.0,366.0,66.2,92.1,1130.0,151.0,356.0
2020-12-25,11300.0,872.0,9780.0,11400.0,426.0,5670.0,1300.0,1640.0,5690.0,10800.0
2020-12-26,15600.0,1710.0,10900.0,17200.0,734.0,1720.0,2570.0,4190.0,2190.0,
2020-12-27,5470.0,1200.0,3600.0,5660.0,845.0,491.0,762.0,5820.0,630.0,4710.0
2020-12-28,3590.0,658.0,2380.0,3210.0,736.0,302.0,428.0,4720.0,351.0,2700.0
2020-12-29,2760.0,369.0,1880.0,2410.0,646.0,214.0,324.0,3800.0,259.0,1860.0
2020-12-30,1930.0,201.0,1470.0,1580.0,516.0,152.0,176.0,3070.0,169.0,853.0
2020-12-31,1790.0,200.0,1440.0,1260.0,574.0,166.0,171.0,2470.0,148.0,626.0
2021-01-01,1420.0,153.0,1220.0,1070.0,611.0,140.0,164.0,2060.0,136.0,542.0
2021-01-02,1320.0,,1180.0,933.0,560.0,129.0,158.0,1770.0,129.0,485.0
2021-01-03,1150.0,133.0,1050.0,824.0,465.0,120.0,153.0,1560.0,122.0,441.0
2021-01-04,1070.0,123.0,985.0,737.0,451.0,112.0,148.0,1400.0,116.0,404.0
2021-01-05,982.0,114.0,920.0,668.0,416.0,105.0,142.0,1260.0,111.0,383.0
2021-01-06,921.0,107.0,867.0,598.0,382.0,98.4,137.0,1150.0,105.0,354.0
2021-01-07,826.0,90.9,809.0,541.0,353.0,93.4,132.0,1050.0,100.0,341.0
2021-01-08,780.0,80.9,721.0,495.0,324.0,89.8,128.0,971.0,95.8,321.0
2021-01-09,750.0,85.3,702.0,,303.0,86.5,123.0,910.0,92.6,315.0
2021-01-10,714.0,79.9,671.0,436.0,283.0,83.5,119.0,861.0,89.7,313.0
2021-01-11,662.0,72.1,610.0,426.0,266.0,80.5,115.0,820.0,86.8,302.0
2021-01-12,679.0,75.8,662.0,421.0,268.0,77.6,111.0,787.0,84.0,290.0
2021-01-13,679.0,79.3,628.0,417.0,266.0,74.9,107.0,759.0,81.4,279.0
2021-01-14,648.0,77.7,589.0,414.0,263.0,72.3,104.0,732.0,78.9,272.0
2021-01-15,603.0,75.0,567.0,414.0,257.0,70.1,100.0,,77.0,270.0
2021-01-16,820.0,130.0,613.0,425.0,306.0,75.0,98.8,687.0,75.6,277.0
2021-01-17,1650.0,304.0,797.0,563.0,921.0,99.6,103.0,666.0,74.5,386.0
2021-01-18,1110.0,237.0,672.0,830.0,957.0,89.1,102.0,647.0,73.5,436.0
2021-01-19,824.0,148.0,539.0,730.0,751.0,76.9,99.7,629.0,72.4,388.0
2021-01-20,754.0,129.0,513.0,,533.0,69.0,97.9,611.0,71.4,356.0
2021-01-21,608.0,98.7,439.0,563.0,422.0,64.2,96.0,594.0,70.4,326.0
2021-01-22,630.0,101.0,460.0,496.0,382.0,62.0,94.1,578.0,69.4,307.0
2021-01-23,626.0,83.7,465.0,447.0,349.0,60.6,92.3,562.0,68.4,297.0
2021-01-24,455.0,64.1,358.0,415.0,261.0,59.3,90.5,547.0,67.4,285.0
2021-01-25,457.0,66.8,362.0,397.0,249.0,58.0,88.7,532.0,66.5,279.0
2021-01-26,497.0,67.6,411.0,382.0,255.0,56.7,87.0,519.0,65.5,275.0
2021-01-27,583.0,72.9,443.0,369.0,262.0,55.4,85.3,506.0,64.6,272.0
2021-01-28,568.0,71.8,423.0,363.0,251.0,54.0,83.7,495.0,63.6,270.0
2021-01-29,477.0,57.4,290.0,358.0,242.0,52.5,82.1,485.0,62.7,266.0
2021-01-30,422.0,52.5,268.0,354.0,207.0,51.2,80.5,474.0,61.9,263.0
2021-01-31,411.0,49.5,296.0,350.0,187.0,50.1,78.9,464.0,61.1,262.0
2021-02-01,433.0,48.1,323.0,346.0,187.0,50.7,77.4,454.0,60.4,256.0
2021-02-02,471.0,52.5,365.0,345.0,208.0,60.5,75.8,445.0,60.0,251.0
2021-02-03,479.0,60.5,387.0,360.0,238.0,63.4,74.3,435.0,59.8,246.0
2021-02-04,460.0,61.5,380.0,372.0,255.0,58.3,72.8,426.0,59.8,248.0
2021-02-05,425.0,57.3,330.0,373.0,246.0,55.5,71.4,418.0,59.3,252.0
2021-02-06,446.0,57.9,347.0,364.0,248.0,53.9,70.1,410.0,56.9,249.0
2021-02-07,389.0,54.8,324.0,352.0,238.0,52.8,68.8,403.0,54.4,237.0
2021-02-08,386.0,54.7,318.0,343.0,221.0,51.9,67.5,396.0,52.0,225.0
2021-02-09,368.0,52.5,294.0,334.0,197.0,51.1,66.2,388.0,,216.0
2021-02-10,382.0,52.1,299.0,326.0,197.0,50.5,65.2,381.0,47.6,214.0
2021-02-11,385.0,51.7,301.0,319.0,185.0,50.1,64.2,374.0,45.5,212.0
2021-02-12,358.0,50.2,290.0,313.0,173.0,49.8,63.3,368.0,43.9,205.0
2021-02-13,359.0,49.1,308.0,307.0,167.0,49.4,62.6,361.0,43.5,200.0
2021-02-14,372.0,48.7,316.0,301.0,164.0,49.0,61.8,355.0,43.2,187.0
2021-02-15,360.0,48.2,312.0,296.0,163.0,48.7,61.3,349.0,42.9,184.0
2021-02-16,375.0,,316.0,293.0,179.0,48.3,60.8,342.0,42.7,183.0
2021-02-17,393.0,53.7,309.0,289.0,220.0,48.0,60.4,336.0,42.4,179.0
2021-02-18,375.0,50.7,298.0,283.0,212.0,47.7,60.0,330.0,42.2,176.0
2021-02-19,368.0,48.7,300.0,278.0,197.0,47.4,59.6,325.0,41.9,170.0
2021-02-20,364.0,48.8,298.0,276.0,185.0,47.1,59.3,319.0,41.7,169.0
2021-02-21,360.0,47.5,279.0,275.0,173.0,46.8,59.0,314.0,41.5,169.0
2021-02-22,342.0,46.4,268.0,275.0,166.0,46.6,58.8,309.0,41.2,169.0
2021-02-23,357.0,48.1,292.0,277.0,247.0,46.5,58.7,304.0,41.0,173.0
2021-02-24,354.0,49.5,295.0,293.0,298.0,49.0,,300.0,40.8,184.0
2021-02-25,367.0,53.4,306.0,311.0,295.0,54.3,58.2,297.0,40.6,193.0
2021-02-26,331.0,55.4,243.0,322.0,261.0,48.3,57.7,293.0,40.3,195.0
2021-02-27,343.0,52.5,235.0,326.0,251.0,42.8,57.1,290.0,40.1,201.0
2021-02-28,388.0,52.8,288.0,333.0,415.0,40.7,56.3,287.0,40.6,209.0
2021-03-01,405.0,61.4,290.0,354.0,574.0,46.6,59.1,284.0,42.4,229.0
2021-03-02,501.0,73.0,181.0,399.0,786.0,57.3,117.0,282.0,42.3,240.0
2021-03-03,462.0,75.9,250.0,427.0,616.0,53.4,107.0,279.0,41.3,240.0
2021-03-04,480.0,63.3,284.0,400.0,540.0,48.0,79.5,276.0,40.5,
2021-03-05,370.0,57.0,199.0,380.0,435.0,44.1,69.3,,39.7,231.0
2021-03-06,334.0,52.2,206.0,362.0,351.0,41.7,63.4,273.0,39.1,227.0
2021-03-07,338.0,48.7,209.0,344.0,304.0,40.3,59.0,271.0,38.8,219.0
2021-03-08,324.0,46.6,216.0,333.0,270.0,39.7,55.2,270.0,38.5,214.0
2021-03-09,364.0,46.8,239.0,338.0,251.0,39.6,52.2,269.0,38.6,217.0
2021-03-10,361.0,54.7,243.0,351.0,241.0,46.1,51.3,268.0,40.5,229.0
2021-03-11,433.0,73.6,275.0,383.0,273.0,69.5,73.4,280.0,56.5,255.0
2021-03-12,917.0,155.0,599.0,488.0,433.0,185.0,412.0,326.0,190.0,324.0
2021-03-13,1830.0,298.0,947.0,803.0,598.0,290.0,707.0,425.0,308.0,441.0
2021-03-14,1250.0,197.0,607.0,889.0,545.0,223.0,398.0,575.0,214.0,
2021-03-15,777.0,121.0,405.0,779.0,451.0,179.0,272.0,736.0,156.0,364.0
2021-03-16,690.0,123.0,429.0,695.0,376.0,156.0,228.0,829.0,121.0,321.0
2021-03-17,698.0,115.0,444.0,605.0,329.0,143.0,203.0,833.0,99.1,296.0
2021-03-18,666.0,119.0,443.0,537.0,315.0,134.0,183.0,,87.4,275.0
2021-03-19,732.0,138.0,438.0,505.0,330.0,129.0,167.0,702.0,82.0,263.0
2021-03-20,658.0,134.0,421.0,510.0,308.0,135.0,151.0,629.0,80.5,278.0
2021-03-21,742.0,154.0,485.0,591.0,315.0,194.0,151.0,586.0,104.0,378.0
2021-03-22,1080.0,227.0,642.0,918.0,357.0,349.0,255.0,612.0,192.0,635.0
2021-03-23,1670.0,339.0,888.0,1480.0,416.0,475.0,400.0,722.0,304.0,1030.0
2021-03-24,2390.0,426.0,1190.0,2200.0,483.0,426.0,609.0,983.0,440.0,1590.0
2021-03-25,3100.0,484.0,1540.0,3190.0,563.0,696.0,1140.0,1880.0,798.0,2560.0
2021-03-26,6020.0,694.0,3310.0,4420.0,719.0,1140.0,2440.0,4570.0,1210.0,3510.0
2021-03-27,9620.0,849.0,4550.0,4920.0,1180.0,859.0,3200.0,9220.0,1060.0,4080.0
2021-03-28,5060.0,863.0,3060.0,3550.0,1280.0,611.0,1330.0,13100.0,595.0,2780.0
2021-03-29,6810.0,978.0,4330.0,5510.0,1940.0,715.0,1250.0,13000.0,648.0,3320.0
2021-03-30,3850.0,778.0,2540.0,3330.0,1650.0,337.0,720.0,11500.0,358.0,2330.0
2021-03-31,2940.0,494.0,2110.0,2580.0,1310.0,317.0,790.0,10300.0,371.0,1820.0
2021-04-01,4910.0,437.0,3780.0,3970.0,1800.0,935.0,1490.0,10300.0,1180.0,3040.0
2021-04-02,4090.0,443.0,2800.0,4180.0,2240.0,412.0,812.0,9750.0,567.0,2860.0
2021-04-03,2720.0,319.0,1960.0,2570.0,1830.0,255.0,528.0,8640.0,321.0,1890.0
2021-04-04,2160.0,246.0,1640.0,2000.0,1420.0,206.0,485.0,7320.0,259.0,1360.0
2021-04-05,1810.0,204.0,1480.0,1710.0,1110.0,205.0,487.0,6360.0,257.0,1110.0
2021-04-06,1530.0,176.0,1340.0,1550.0,984.0,207.0,432.0,5700.0,235.0,1000.0
2021-04-07,1410.0,158.0,1290.0,1430.0,888.0,250.0,619.0,7010.0,334.0,1010.0
2021-04-08,1580.0,144.0,1440.0,1450.0,799.0,355.0,943.0,10600.0,467.0,1130.0
2021-04-09,1840.0,133.0,1650.0,1420.0,713.0,378.0,1050.0,12500.0,461.0,1020.0
2021-04-10,2130.0,124.0,1860.0,1360.0,635.0,392.0,1080.0,13300.0,472.0,1080.0
2021-04-11,2410.0,116.0,1990.0,1320.0,586.0,342.0,962.0,13400.0,424.0,1160.0
2021-04-12,2130.0,108.0,1660.0,1170.0,536.0,250.0,706.0,11800.0,303.0,941.0
2021-04-13,1680.0,101.0,1420.0,995.0,484.0,221.0,571.0,10200.0,263.0,850.0
2021-04-14,1480.0,95.6,1280.0,897.0,437.0,208.0,473.0,8400.0,222.0,708.0
2021-04-15,1470.0,96.3,1250.0,815.0,398.0,187.0,400.0,6550.0,189.0,491.0
2021-04-16,1690.0,185.0,1170.0,773.0,374.0,178.0,361.0,5150.0,183.0,446.0
2021-04-17,1750.0,258.0,1220.0,1450.0,665.0,183.0,372.0,4130.0,210.0,565.0
2021-04-18,1610.0,251.0,1170.0,1600.0,817.0,200.0,387.0,3420.0,216.0,613.0
2021-04-19,1540.0,230.0,1170.0,1340.0,695.0,277.0,370.0,2950.0,237.0,613.0
2021-04-20,,208.0,1230.0,1210.0,583.0,370.0,338.0,2620.0,238.0,604.0
2021-04-21,1620.0,238.0,1350.0,1100.0,511.0,470.0,356.0,2490.0,294.0,612.0
2021-04-22,2560.0,403.0,2630.0,2450.0,739.0,571.0,454.0,2500.0,525.0,1720.0
2021-04-23,1780.0,325.0,1620.0,1880.0,762.0,285.0,376.0,2370.0,311.0,1250.0
2021-04-24,1570.0,235.0,1320.0,1390.0,657.0,241.0,534.0,2690.0,342.0,1040.0
2021-04-25,1410.0,184.0,1200.0,1180.0,553.0,219.0,608.0,3710.0,304.0,864.0
2021-04-26,1360.0,157.0,1150.0,1080.0,505.0,203.0,492.0,5170.0,241.0,795.0
2021-04-27,1210.0,135.0,1040.0,981.0,436.0,157.0,374.0,6090.0,191.0,714.0
2021-04-28,1110.0,128.0,951.0,850.0,384.0,143.0,311.0,4890.0,163.0,592.0
2021-04-29,2050.0,221.0,1410.0,795.0,348.0,226.0,354.0,3720.0,166.0,551.0
2021-04-30,6370.0,480.0,3840.0,2310.0,494.0,1100.0,1770.0,3020.0,1050.0,1750.0
2021-05-01,10100.0,631.0,3800.0,4190.0,747.0,822.0,2600.0,3770.0,857.0,2990.0
2021-05-02,4740.0,483.0,2110.0,2390.0,719.0,358.0,1160.0,4060.0,378.0,1750.0
2021-05-03,3430.0,312.0,1750.0,1700.0,622.0,262.0,655.0,3220.0,257.0,1180.0
2021-05-04,2620.0,237.0,1480.0,1360.0,510.0,213.0,493.0,2520.0,208.0,920.0
2021-05-05,2440.0,347.0,1430.0,1210.0,434.0,216.0,458.0,2190.0,208.0,801.0
2021-05-06,3250.0,520.0,1770.0,1540.0,491.0,309.0,894.0,4740.0,321.0,1080.0
2021-05-07,2660.0,427.0,1450.0,1470.0,487.0,210.0,600.0,7720.0,226.0,979.0
2021-05-08,2000.0,294.0,1200.0,1170.0,445.0,170.0,425.0,6120.0,176.0,771.0
2021-05-09,1660.0,222.0,1080.0,1010.0,395.0,148.0,351.0,4300.0,152.0,660.0
2021-05-10,1440.0,182.0,996.0,879.0,350.0,135.0,302.0,3180.0,136.0,576.0
2021-05-11,1320.0,161.0,947.0,789.0,320.0,134.0,329.0,2570.0,134.0,526.0
2021-05-12,1220.0,140.0,892.0,747.0,307.0,122.0,376.0,2900.0,135.0,503.0
2021-05-13,1120.0,124.0,842.0,677.0,295.0,110.0,336.0,3320.0,121.0,485.0
2021-05-14,1020.0,112.0,778.0,619.0,274.0,102.0,256.0,2730.0,107.0,358.0
2021-05-15,950.0,101.0,774.0,568.0,253.0,99.4,221.0,2170.0,98.0,330.0
2021-05-16,892.0,93.6,751.0,524.0,231.0,93.8,196.0,1750.0,90.1,319.0
2021-05-17,845.0,91.7,735.0,493.0,221.0,92.5,181.0,1510.0,83.9,307.0
2021-05-18,813.0,82.9,695.0,475.0,205.0,89.6,172.0,1340.0,77.3,293.0
2021-05-19,756.0,75.3,675.0,466.0,187.0,82.7,151.0,1140.0,69.1,271.0
2021-05-20,697.0,65.1,,419.0,168.0,76.7,136.0,958.0,62.6,249.0
2021-05-21,650.0,56.9,611.0,383.0,155.0,72.6,130.0,818.0,58.9,235.0
2021-05-22,607.0,52.3,588.0,357.0,149.0,70.6,117.0,723.0,55.5,229.0
2021-05-23,574.0,50.0,558.0,336.0,149.0,66.3,111.0,724.0,52.5,225.0
2021-05-24,553.0,43.8,540.0,310.0,144.0,62.5,114.0,1030.0,50.2,213.0
2021-05-25,497.0,39.6,470.0,287.0,136.0,56.8,96.5,954.0,45.5,197.0
2021-05-26,463.0,41.5,440.0,266.0,133.0,53.0,91.3,947.0,42.5,180.0
2021-05-27,464.0,55.3,428.0,246.0,130.0,48.7,88.1,1830.0,39.0,166.0
2021-05-28,,52.1,387.0,221.0,122.0,44.2,79.4,1710.0,34.9,151.0
2021-05-29,386.0,48.6,364.0,204.0,111.0,41.8,71.4,1220.0,33.7,141.0
2021-05-30,378.0,54.7,359.0,194.0,107.0,41.6,66.9,878.0,33.9,139.0
2021-05-31,503.0,93.4,486.0,250.0,166.0,79.3,91.7,777.0,82.0,207.0
2021-06-01,545.0,91.6,491.0,548.0,339.0,70.6,162.0,1410.0,76.8,443.0
2021-06-02,445.0,73.2,400.0,480.0,308.0,51.3,113.0,2010.0,49.9,278.0
2021-06-03,385.0,,354.0,349.0,270.0,43.9,82.2,1590.0,40.2,209.0
2021-06-04,599.0,101.0,354.0,282.0,229.0,42.0,105.0,1730.0,41.7,185.0
2021-06-05,646.0,111.0,346.0,250.0,193.0,41.2,86.0,1660.0,35.5,166.0
2021-06-06,482.0,74.8,321.0,225.0,163.0,44.3,89.7,1240.0,34.1,149.0
2021-06-07,397.0,53.7,307.0,202.0,141.0,36.9,77.2,955.0,29.9,123.0
2021-06-08,354.0,43.2,289.0,184.0,123.0,32.3,57.4,724.0,24.7,110.0
2021-06-09,341.0,51.8,292.0,182.0,168.0,30.1,50.1,556.0,22.5,105.0
2021-06-10,326.0,59.4,256.0,198.0,164.0,28.1,44.6,432.0,19.8,97.9
2021-06-11,281.0,43.3,237.0,177.0,112.0,25.8,40.2,353.0,18.2,90.5
2021-06-12,264.0,36.1,230.0,161.0,95.0,25.0,37.8,298.0,18.2,88.3
2021-06-13,247.0,31.9,220.0,150.0,94.5,23.9,35.5,260.0,17.7,87.8
2021-06-14,237.0,29.4,208.0,140.0,93.6,22.2,32.6,234.0,16.2,83.6
2021-06-15,251.0,30.9,219.0,134.0,92.3,26.7,43.8,308.0,17.6,83.6
2021-06-16,299.0,35.6,312.0,128.0,94.3,56.7,140.0,725.0,18.7,91.4
2021-06-17,259.0,37.2,252.0,122.0,84.7,31.3,71.9,926.0,18.5,102.0
2021-06-18,226.0,29.8,210.0,119.0,76.0,24.5,48.1,824.0,15.8,86.3
2021-06-19,213.0,26.1,196.0,115.0,72.1,23.1,42.4,624.0,16.7,81.5
2021-06-20,206.0,23.1,187.0,125.0,70.6,21.2,43.1,491.0,20.8,77.7
2021-06-21,200.0,21.5,179.0,118.0,67.6,23.7,57.1,453.0,16.6,76.3
2021-06-22,241.0,22.7,212.0,111.0,70.7,38.2,,974.0,15.6,74.3
2021-06-23,324.0,25.1,215.0,104.0,118.0,29.6,71.3,1730.0,16.1,74.8
2021-06-24,245.0,23.4,186.0,96.5,110.0,22.5,46.0,1410.0,14.3,72.2
2021-06-25,211.0,20.7,170.0,92.3,92.5,19.8,36.5,865.0,12.5,67.6
2021-06-26,199.0,19.7,165.0,87.9,90.8,19.3,32.8,610.0,12.1,65.7
2021-06-27,193.0,18.3,164.0,85.2,88.4,19.8,35.7,1050.0,12.4,66.2
2021-06-28,184.0,17.0,158.0,82.8,85.2,18.2,34.6,1720.0,12.1,67.0
2021-06-29,240.0,16.0,154.0,86.0,92.2,17.0,54.2,1550.0,15.0,69.2
2021-06-30,220.0,16.1,150.0,82.3,83.8,18.3,37.5,1160.0,17.3,75.4
2021-07-01,206.0,17.8,145.0,86.2,73.3,20.0,62.0,1780.0,16.0,70.6
2021-07-02,221.0,46.6,,91.0,73.1,,57.3,2330.0,19.1,71.0
2021-07-03,321.0,95.4,264.0,89.7,74.6,60.8,62.6,1640.0,23.0,70.2
2021-07-04,682.0,209.0,507.0,109.0,117.0,108.0,156.0,1130.0,22.0,81.1
2021-07-05,700.0,158.0,537.0,120.0,204.0,111.0,86.5,816.0,21.8,80.2
2021-07-06,469.0,90.4,,117.0,164.0,48.1,55.5,612.0,18.8,80.5
2021-07-07,389.0,63.3,275.0,105.0,145.0,36.2,48.4,481.0,15.9,72.9
2021-07-08,359.0,68.2,240.0,90.3,125.0,30.5,46.2,413.0,14.3,67.3
2021-07-09,686.0,254.0,495.0,118.0,135.0,99.7,48.3,396.0,57.5,240.0
2021-07-10,1050.0,446.0,1030.0,506.0,587.0,136.0,49.2,708.0,90.1,429.0
2021-07-11,592.0,222.0,528.0,420.0,591.0,50.9,37.5,583.0,36.5,200.0
2021-07-12,431.0,129.0,379.0,256.0,445.0,36.0,31.4,434.0,23.2,126.0
2021-07-13,498.0,152.0,325.0,186.0,329.0,32.4,27.9,340.0,18.6,98.0
2021-07-14,786.0,216.0,330.0,152.0,246.0,35.6,26.7,291.0,17.1,85.7
2021-07-15,734.0,184.0,309.0,134.0,206.0,32.1,30.0,398.0,17.9,81.0
2021-07-16,523.0,123.0,274.0,124.0,172.0,27.5,32.4,569.0,18.0,78.7
2021-07-17,409.0,87.6,246.0,114.0,155.0,24.6,44.0,473.0,16.7,69.1
2021-07-18,1890.0,183.0,466.0,120.0,147.0,131.0,108.0,376.0,29.8,73.8
2021-07-19,3530.0,311.0,904.0,138.0,157.0,128.0,174.0,293.0,58.4,80.2
2021-07-20,3140.0,253.0,778.0,166.0,156.0,92.7,200.0,243.0,38.8,96.5
2021-07-21,,296.0,837.0,172.0,151.0,66.2,104.0,268.0,28.4,90.5
2021-07-22,2180.0,279.0,676.0,184.0,142.0,50.7,82.1,847.0,21.8,108.0
2021-07-23,1320.0,163.0,504.0,158.0,140.0,38.2,65.5,952.0,17.8,124.0
2021-07-24,1040.0,118.0,423.0,145.0,133.0,34.1,56.7,791.0,14.8,91.6
2021-07-25,955.0,94.5,389.0,134.0,120.0,33.8,51.7,609.0,16.2,78.7
2021-07-26,1940.0,93.9,467.0,135.0,113.0,53.5,101.0,744.0,20.3,76.1
2021-07-27,1220.0,87.6,388.0,128.0,114.0,37.5,86.5,1900.0,17.2,77.6
2021-07-28,921.0,114.0,339.0,123.0,107.0,31.5,56.8,1410.0,15.1,71.1
2021-07-29,763.0,143.0,319.0,113.0,94.2,28.1,43.8,876.0,13.1,63.3
2021-07-30,1150.0,531.0,394.0,192.0,100.0,63.4,39.5,589.0,27.1,71.3
2021-07-31,968.0,430.0,363.0,223.0,104.0,48.4,39.2,453.0,22.6,75.6
2021-08-01,729.0,239.0,316.0,172.0,101.0,34.7,34.5,373.0,15.9,69.4
2021-08-02,1860.0,760.0,421.0,149.0,100.0,39.1,106.0,369.0,17.9,66.7
2021-08-03,1470.0,632.0,,135.0,97.1,39.6,98.2,528.0,22.4,69.1
2021-08-04,937.0,330.0,367.0,122.0,90.1,29.9,53.8,571.0,,70.7
2021-08-05,714.0,189.0,310.0,117.0,113.0,26.2,40.1,469.0,13.1,63.1
2021-08-06,609.0,139.0,281.0,109.0,226.0,25.9,34.0,362.0,12.2,59.0
2021-08-07,515.0,109.0,257.0,99.4,221.0,24.3,29.8,290.0,11.0,56.2
2021-08-08,543.0,91.2,247.0,91.5,165.0,23.0,27.7,248.0,10.4,53.7
2021-08-09,1270.0,82.7,310.0,90.1,133.0,21.6,25.1,235.0,14.3,51.9
2021-08-10,754.0,78.0,275.0,101.0,113.0,21.6,23.0,248.0,15.8,53.1
2021-08-11,570.0,68.3,248.0,104.0,102.0,20.9,24.3,335.0,13.2,52.3
2021-08-12,515.0,59.9,241.0,101.0,96.3,21.1,35.0,392.0,19.3,59.7
2021-08-13,453.0,54.0,231.0,93.1,91.2,19.9,29.6,483.0,25.2,
2021-08-14,371.0,48.4,211.0,119.0,84.4,21.9,82.4,370.0,35.9,88.0
2021-08-15,348.0,44.0,197.0,126.0,93.1,23.1,108.0,462.0,54.9,98.7
2021-08-16,306.0,41.2,187.0,136.0,98.5,17.9,50.9,633.0,26.6,78.8
2021-08-17,275.0,39.8,180.0,123.0,89.0,16.3,35.4,454.0,17.6,64.3
2021-08-18,263.0,41.9,178.0,103.0,79.5,16.3,29.7,335.0,14.2,57.9
2021-08-19,332.0,54.3,197.0,99.3,76.0,18.1,28.4,265.0,13.6,55.8
2021-08-20,715.0,64.2,345.0,113.0,79.2,35.7,29.8,222.0,14.3,64.9
2021-08-21,509.0,59.1,282.0,107.0,74.7,26.6,26.7,194.0,13.1,60.7
2021-08-22,383.0,57.0,237.0,112.0,69.6,21.2,23.3,171.0,11.4,56.0
2021-08-23,355.0,82.4,334.0,118.0,78.9,312.0,22.1,156.0,,61.8
2021-08-24,383.0,133.0,1120.0,154.0,91.6,350.0,21.3,148.0,25.4,85.3
2021-08-25,348.0,98.8,556.0,179.0,86.4,78.0,19.2,138.0,18.3,86.1
2021-08-26,293.0,72.0,394.0,161.0,79.4,45.8,17.1,127.0,13.4,68.4
2021-08-27,260.0,53.5,321.0,137.0,72.4,34.5,15.0,114.0,10.3,57.1
2021-08-28,230.0,42.8,275.0,114.0,64.4,,13.6,109.0,8.69,50.1
2021-08-29,215.0,37.1,255.0,95.0,58.9,27.2,19.7,101.0,11.2,51.8
2021-08-30,220.0,35.3,253.0,93.3,57.4,30.4,30.3,154.0,19.7,55.9
2021-08-31,255.0,34.6,256.0,110.0,57.2,38.0,39.1,732.0,24.1,59.1
2021-09-01,243.0,44.9,240.0,122.0,54.8,27.6,30.5,606.0,18.1,56.5
2021-09-02,427.0,148.0,356.0,132.0,135.0,53.3,22.6,382.0,19.5,60.2
2021-09-03,444.0,138.0,398.0,164.0,231.0,47.9,19.3,290.0,18.2,59.2
2021-09-04,326.0,94.4,307.0,144.0,173.0,36.1,24.8,234.0,16.0,58.7
2021-09-05,265.0,68.1,276.0,123.0,133.0,28.8,22.4,194.0,14.7,57.8
2021-09-06,268.0,57.9,271.0,123.0,112.0,29.0,20.1,207.0,17.7,63.5
2021-09-07,322.0,52.5,271.0,157.0,103.0,30.1,22.8,268.0,36.3,88.2
2021-09-08,297.0,45.6,245.0,155.0,92.4,25.0,20.9,358.0,22.6,78.8
2021-09-09,420.0,52.4,284.0,160.0,91.3,32.1,56.0,420.0,31.4,77.4
2021-09-10,593.0,72.5,385.0,687.0,1080.0,57.2,69.6,1090.0,,367.0
2021-09-11,445.0,56.6,334.0,663.0,1610.0,42.4,49.6,1290.0,53.4,292.0
2021-09-12,367.0,46.2,280.0,396.0,1310.0,30.1,36.6,1220.0,31.5,162.0
2021-09-13,308.0,40.8,250.0,275.0,856.0,25.7,28.3,924.0,23.1,114.0
2021-09-14,266.0,34.9,230.0,211.0,544.0,22.7,23.4,662.0,18.2,89.2
2021-09-15,256.0,38.3,225.0,189.0,386.0,24.8,72.7,978.0,19.2,81.0
2021-09-16,681.0,51.5,296.0,356.0,309.0,37.6,282.0,4600.0,99.3,181.0
2021-09-17,566.0,66.6,290.0,384.0,251.0,29.0,99.1,2750.0,48.3,199.0
2021-09-18,412.0,53.1,256.0,322.0,211.0,25.2,58.0,1800.0,31.5,139.0
2021-09-19,355.0,45.0,242.0,267.0,190.0,23.3,45.7,1450.0,23.9,119.0
2021-09-20,308.0,41.8,220.0,222.0,164.0,20.8,37.0,1020.0,19.4,101.0
2021-09-21,268.0,34.3,208.0,196.0,144.0,19.4,31.5,739.0,16.6,88.2
2021-09-22,249.0,30.8,203.0,179.0,130.0,19.7,28.3,567.0,15.9,80.6
2021-09-23,333.0,29.7,327.0,170.0,120.0,74.0,27.2,468.0,20.2,78.5
2021-09-24,3370.0,104.0,,171.0,111.0,997.0,354.0,414.0,44.1,103.0
2021-09-25,5130.0,136.0,3180.0,470.0,115.0,471.0,663.0,1200.0,188.0,929.0
2021-09-26,1890.0,110.0,1180.0,710.0,197.0,140.0,188.0,2020.0,71.7,437.0
2021-09-27,1160.0,76.6,791.0,454.0,467.0,83.9,107.0,1640.0,44.2,270.0
2021-09-28,930.0,55.1,634.0,343.0,521.0,65.6,109.0,1350.0,,206.0
2021-09-29,779.0,57.7,536.0,283.0,457.0,54.4,93.4,1160.0,30.8,168.0
2021-09-30,654.0,86.3,469.0,234.0,355.0,49.1,79.1,999.0,28.3,147.0
2021-10-01,587.0,52.0,428.0,195.0,282.0,48.2,87.6,1150.0,28.3,138.0
2021-10-02,535.0,41.7,396.0,179.0,230.0,42.8,81.2,1170.0,27.2,133.0
2021-10-03,609.0,38.6,424.0,171.0,195.0,50.5,99.5,1110.0,27.4,124.0
2021-10-04,741.0,39.7,546.0,161.0,171.0,65.9,99.5,926.0,29.6,117.0
2021-10-05,665.0,45.6,472.0,153.0,153.0,56.5,80.1,739.0,27.1,109.0
2021-10-06,573.0,48.8,409.0,146.0,143.0,46.9,68.2,608.0,24.2,103.0
2021-10-07,,44.9,370.0,139.0,132.0,41.8,59.8,516.0,22.1,96.4
2021-10-08,454.0,38.5,343.0,129.0,123.0,38.5,54.2,449.0,20.6,91.0
2021-10-09,415.0,35.1,321.0,121.0,115.0,35.6,50.1,401.0,19.8,86.2
2021-10-10,385.0,33.3,307.0,114.0,108.0,34.3,47.0,362.0,18.8,82.1
2021-10-11,371.0,31.3,298.0,110.0,106.0,33.9,45.3,330.0,18.8,80.0
2021-10-12,357.0,29.0,289.0,105.0,103.0,33.2,43.9,311.0,18.8,80.0
2021-10-13,343.0,28.3,279.0,101.0,101.0,32.0,42.4,298.0,18.2,79.3
2021-10-14,327.0,28.2,266.0,97.5,98.2,,40.8,276.0,17.7,76.3
2021-10-15,318.0,26.5,258.0,94.3,95.9,30.3,41.1,262.0,17.7,76.1
2021-10-16,484.0,34.9,290.0,96.6,99.9,43.8,42.6,255.0,21.5,79.6
2021-10-17,1250.0,82.0,448.0,176.0,264.0,127.0,238.0,291.0,123.0,171.0
2021-10-18,1100.0,97.1,,443.0,557.0,76.2,201.0,496.0,74.3,314.0
2021-10-19,859.0,72.0,415.0,376.0,572.0,54.9,185.0,562.0,47.0,236.0
2021-10-20,730.0,56.6,372.0,285.0,464.0,47.3,281.0,531.0,38.8,187.0
2021-10-21,615.0,49.4,335.0,237.0,361.0,42.7,180.0,502.0,36.0,161.0
2021-10-22,636.0,52.1,339.0,217.0,296.0,44.1,170.0,496.0,42.3,153.0
2021-10-23,696.0,45.6,349.0,213.0,258.0,43.9,171.0,658.0,48.9,157.0
2021-10-24,590.0,41.9,317.0,212.0,224.0,39.0,128.0,,38.9,148.0
2021-10-25,607.0,44.4,322.0,195.0,244.0,43.5,108.0,722.0,34.8,129.0
2021-10-26,1100.0,65.1,499.0,190.0,240.0,298.0,120.0,597.0,41.2,124.0
2021-10-27,1630.0,134.0,1720.0,233.0,,448.0,114.0,507.0,61.6,134.0
2021-10-28,1260.0,134.0,1060.0,289.0,235.0,171.0,95.0,445.0,50.3,148.0
2021-10-29,973.0,96.8,766.0,266.0,209.0,108.0,,393.0,40.8,
2021-10-30,869.0,101.0,687.0,236.0,193.0,160.0,84.4,357.0,38.0,121.0
2021-10-31,8940.0,648.0,9620.0,2560.0,1070.0,3490.0,613.0,503.0,733.0,2320.0
2021-11-01,7010.0,665.0,4630.0,3280.0,1690.0,588.0,993.0,3130.0,344.0,2190.0
2021-11-02,3470.0,435.0,2390.0,1540.0,1370.0,284.0,432.0,3280.0,159.0,1100.0
2021-11-03,2350.0,255.0,1730.0,1050.0,1010.0,199.0,269.0,2440.0,108.0,684.0
2021-11-04,1750.0,186.0,1440.0,790.0,720.0,156.0,206.0,1850.0,84.7,486.0
2021-11-05,1400.0,148.0,1210.0,640.0,553.0,133.0,173.0,1460.0,71.6,378.0
2021-11-06,1200.0,123.0,1050.0,545.0,450.0,115.0,152.0,1210.0,63.8,314.0
2021-11-07,1070.0,107.0,940.0,484.0,386.0,105.0,137.0,1030.0,58.5,277.0
2021-11-08,977.0,95.2,860.0,438.0,350.0,96.4,127.0,908.0,54.7,250.0
2021-11-09,901.0,86.0,796.0,404.0,325.0,,120.0,816.0,51.9,231.0
2021-11-10,893.0,87.6,759.0,381.0,324.0,95.5,139.0,740.0,52.8,218.0
2021-11-11,1000.0,93.6,741.0,357.0,372.0,91.8,150.0,672.0,54.3,204.0
2021-11-12,1460.0,180.0,1490.0,504.0,380.0,809.0,217.0,648.0,202.0,264.0
2021-11-13,4340.0,423.0,3860.0,2790.0,1080.0,718.0,572.0,2100.0,492.0,1580.0
2021-11-14,2750.0,378.0,2130.0,1760.0,1220.0,353.0,340.0,3470.0,221.0,1060.0
2021-11-15,2000.0,286.0,1640.0,1270.0,1160.0,240.0,268.0,3380.0,155.0,731.0
2021-11-16,1610.0,211.0,1410.0,1100.0,1130.0,192.0,234.0,2820.0,128.0,600.0
2021-11-17,1320.0,161.0,1200.0,880.0,899.0,151.0,193.0,2270.0,99.4,474.0
2021-11-18,1180.0,137.0,1100.0,775.0,761.0,148.0,467.0,1930.0,103.0,466.0
2021-11-19,1490.0,136.0,1220.0,861.0,769.0,189.0,1330.0,3230.0,153.0,613.0
2021-11-20,1370.0,130.0,1070.0,851.0,765.0,135.0,563.0,4480.0,118.0,547.0
2021-11-21,1150.0,117.0,956.0,701.0,665.0,117.0,363.0,3680.0,95.0,441.0
2021-11-22,1150.0,118.0,1040.0,682.0,890.0,148.0,349.0,2890.0,99.6,444.0
2021-11-23,1170.0,115.0,1030.0,761.0,1310.0,134.0,326.0,2440.0,102.0,523.0
2021-11-24,984.0,99.9,854.0,652.0,1300.0,92.2,213.0,1970.0,65.0,411.0
2021-11-25,901.0,91.0,800.0,540.0,1120.0,98.7,210.0,1590.0,73.6,348.0
2021-11-26,889.0,90.7,781.0,553.0,886.0,97.0,218.0,1530.0,75.3,354.0
2021-11-27,898.0,105.0,753.0,593.0,836.0,89.9,207.0,1260.0,74.1,359.0
2021-11-28,789.0,95.9,672.0,551.0,779.0,65.4,148.0,870.0,47.4,292.0
2021-11-29,752.0,88.8,645.0,476.0,675.0,64.1,134.0,744.0,44.9,251.0
2021-11-30,701.0,81.0,587.0,388.0,585.0,66.7,125.0,689.0,43.3,230.0
2021-12-01,693.0,80.1,598.0,333.0,514.0,72.7,117.0,654.0,42.4,221.0
2021-12-02,682.0,80.4,589.0,327.0,477.0,73.3,114.0,677.0,42.2,220.0
2021-12-03,805.0,92.5,633.0,321.0,610.0,71.9,116.0,801.0,42.6,222.0
2021-12-04,711.0,91.8,517.0,316.0,594.0,65.5,113.0,802.0,40.1,221.0
2021-12-05,731.0,85.9,557.0,310.0,514.0,73.9,116.0,777.0,38.9,218.0
2021-12-06,731.0,89.1,601.0,326.0,,138.0,121.0,763.0,41.2,214.0
2021-12-07,2600.0,209.0,1730.0,642.0,781.0,390.0,481.0,756.0,109.0,240.0
2021-12-08,1680.0,204.0,1100.0,1020.0,784.0,129.0,295.0,756.0,82.7,274.0
2021-12-09,1220.0,147.0,872.0,713.0,700.0,81.2,200.0,782.0,61.8,248.0
2021-12-10,999.0,112.0,733.0,591.0,544.0,73.2,159.0,848.0,54.0,230.0
2021-12-11,1250.0,156.0,876.0,642.0,605.0,95.6,203.0,921.0,118.0,235.0
2021-12-12,3540.0,338.0,2030.0,1250.0,,431.0,1030.0,979.0,565.0,700.0
2021-12-13,2420.0,292.0,1410.0,1550.0,822.0,192.0,617.0,1010.0,224.0,758.0
2021-12-14,1660.0,201.0,1130.0,1050.0,755.0,132.0,366.0,1010.0,153.0,578.0
2021-12-15,1320.0,153.0,968.0,823.0,628.0,107.0,209.0,1000.0,108.0,426.0
2021-12-16,1690.0,207.0,1020.0,718.0,608.0,123.0,343.0,977.0,141.0,405.0
2021-12-17,2480.0,262.0,1270.0,754.0,713.0,175.0,691.0,951.0,252.0,452.0
2021-12-18,2030.0,205.0,1150.0,755.0,688.0,129.0,454.0,924.0,162.0,443.0
2021-12-19,1600.0,176.0,996.0,652.0,631.0,,281.0,898.0,97.3,379.0
2021-12-20,1220.0,136.0,815.0,554.0,528.0,77.4,211.0,872.0,78.7,338.0
2021-12-21,1160.0,139.0,792.0,507.0,488.0,72.4,177.0,846.0,72.0,310.0
2021-12-22,1130.0,139.0,779.0,469.0,542.0,69.3,155.0,822.0,68.0,289.0
2021-12-23,1020.0,132.0,735.0,435.0,973.0,66.7,139.0,797.0,65.3,271.0
2021-12-24,772.0,108.0,696.0,407.0,697.0,64.3,131.0,773.0,63.0,255.0
2021-12-25,862.0,108.0,678.0,385.0,598.0,62.0,129.0,750.0,60.6,242.0
2021-12-26,994.0,118.0,663.0,366.0,554.0,60.7,127.0,727.0,58.3,230.0
2021-12-27,870.0,108.0,642.0,348.0,467.0,59.0,125.0,704.0,56.0,220.0
2021-12-28,807.0,105.0,626.0,335.0,415.0,56.9,123.0,682.0,53.6,211.0
2021-12-29,777.0,103.0,614.0,326.0,392.0,55.2,121.0,661.0,51.0,203.0
2021-12-30,762.0,102.0,601.0,318.0,370.0,53.9,119.0,640.0,48.2,197.0
2021-12-31,746.0,104.0,588.0,311.0,358.0,52.8,117.0,619.0,45.5,191.0
2022-01-01,816.0,136.0,591.0,304.0,357.0,52.0,115.0,600.0,43.4,185.0
2022-01-02,1170.0,238.0,653.0,297.0,378.0,51.6,114.0,582.0,41.7,179.0
2022-01-03,1240.0,246.0,716.0,291.0,356.0,50.7,112.0,566.0,40.1,175.0
2022-01-04,807.0,139.0,519.0,284.0,315.0,50.0,110.0,550.0,38.4,170.0
2022-01-05,840.0,139.0,505.0,278.0,359.0,49.9,107.0,535.0,36.7,166.0
2022-01-06,944.0,137.0,480.0,272.0,529.0,50.1,103.0,520.0,35.2,162.0
2022-01-07,805.0,120.0,452.0,266.0,518.0,49.3,98.5,505.0,33.7,159.0
2022-01-08,616.0,94.0,426.0,260.0,447.0,48.7,94.4,490.0,32.5,155.0
2022-01-09,584.0,86.7,402.0,254.0,411.0,48.7,90.6,476.0,31.5,151.0
2022-01-10,748.0,92.3,366.0,248.0,498.0,48.6,86.9,463.0,30.3,148.0
2022-01-11,512.0,70.9,,243.0,404.0,47.7,83.6,451.0,29.3,145.0
2022-01-12,412.0,63.7,252.0,238.0,315.0,46.8,80.4,439.0,28.5,142.0
2022-01-13,654.0,76.1,249.0,233.0,322.0,45.9,77.1,428.0,27.6,140.0
2022-01-14,725.0,79.7,230.0,229.0,334.0,45.1,73.7,417.0,26.8,137.0
2022-01-15,421.0,63.0,213.0,225.0,330.0,44.4,70.7,406.0,26.1,135.0
2022-01-16,346.0,54.7,202.0,221.0,323.0,43.7,68.1,396.0,25.5,133.0
2022-01-17,376.0,57.5,199.0,217.0,327.0,43.1,65.3,388.0,27.7,132.0
2022-01-18,500.0,67.3,199.0,213.0,414.0,42.3,62.5,380.0,33.7,131.0
2022-01-19,529.0,71.8,198.0,209.0,411.0,41.6,60.1,372.0,35.5,129.0
2022-01-20,530.0,72.8,197.0,206.0,384.0,41.2,57.8,365.0,34.8,128.0
2022-01-21,496.0,65.9,196.0,203.0,341.0,41.0,55.2,358.0,33.8,127.0
2022-01-22,477.0,61.5,195.0,200.0,291.0,40.9,52.8,352.0,32.9,126.0
2022-01-23,485.0,62.0,194.0,198.0,257.0,40.8,50.5,345.0,32.1,124.0
2022-01-24,484.0,61.8,193.0,195.0,238.0,40.7,48.5,339.0,31.6,123.0
2022-01-25,470.0,60.6,192.0,193.0,226.0,40.4,46.8,333.0,31.1,122.0
2022-01-26,452.0,59.2,192.0,190.0,221.0,40.3,45.0,328.0,30.5,121.0
2022-01-27,,56.2,191.0,188.0,218.0,40.2,43.4,322.0,29.9,121.0
2022-01-28,411.0,55.6,190.0,186.0,215.0,40.1,42.0,317.0,29.3,120.0
2022-01-29,414.0,55.3,189.0,184.0,214.0,40.1,40.7,311.0,28.8,119.0
2022-01-30,425.0,55.4,188.0,182.0,213.0,40.0,39.5,306.0,28.2,118.0
2022-01-31,411.0,53.7,188.0,180.0,212.0,39.8,38.3,302.0,27.7,117.0
2022-02-01,395.0,52.0,187.0,179.0,211.0,39.8,37.2,297.0,28.5,116.0
2022-02-02,390.0,51.3,187.0,183.0,214.0,39.7,36.2,293.0,30.5,116.0
2022-02-03,400.0,53.8,192.0,198.0,238.0,39.6,35.4,289.0,31.8,128.0
2022-02-04,,141.0,198.0,267.0,299.0,39.6,34.8,286.0,31.8,160.0
2022-02-05,493.0,180.0,197.0,367.0,329.0,39.5,34.3,284.0,30.9,182.0
2022-02-06,468.0,168.0,194.0,394.0,326.0,39.5,34.0,289.0,29.8,177.0
2022-02-07,454.0,128.0,192.0,386.0,316.0,39.5,33.8,305.0,28.8,164.0
2022-02-08,451.0,103.0,190.0,373.0,352.0,39.5,33.7,321.0,28.4,168.0
2022-02-09,447.0,97.1,188.0,373.0,526.0,39.5,33.6,328.0,28.3,201.0
2022-02-10,429.0,90.6,186.0,405.0,632.0,39.4,33.7,329.0,28.0,237.0
2022-02-11,425.0,88.3,184.0,438.0,622.0,39.5,33.8,328.0,27.3,246.0
2022-02-12,426.0,92.0,187.0,439.0,626.0,40.0,33.9,325.0,26.3,237.0
2022-02-13,461.0,115.0,192.0,425.0,678.0,40.7,34.0,322.0,25.7,227.0
2022-02-14,427.0,111.0,160.0,407.0,605.0,40.5,34.0,320.0,25.7,218.0
2022-02-15,367.0,91.1,124.0,391.0,500.0,40.0,33.9,319.0,,210.0
2022-02-16,391.0,,136.0,381.0,423.0,39.7,34.0,331.0,25.7,202.0
2022-02-17,411.0,79.4,138.0,390.0,497.0,46.3,36.9,375.0,27.3,199.0
2022-02-18,1760.0,375.0,970.0,578.0,1890.0,224.0,306.0,476.0,124.0,248.0
2022-02-19,3660.0,525.0,1560.0,703.0,1910.0,270.0,1220.0,700.0,295.0,456.0
2022-02-20,2230.0,445.0,1080.0,619.0,1550.0,204.0,1040.0,1160.0,213.0,562.0
2022-02-21,1790.0,299.0,849.0,543.0,1300.0,166.0,840.0,1570.0,175.0,547.0
2022-02-22,1510.0,213.0,746.0,498.0,1080.0,146.0,785.0,1860.0,156.0,519.0
2022-02-23,4440.0,447.0,2620.0,586.0,2310.0,322.0,839.0,2040.0,279.0,594.0
2022-02-24,6090.0,717.0,2670.0,1340.0,2690.0,388.0,685.0,2160.0,571.0,923.0
2022-02-25,3440.0,612.0,1740.0,1530.0,2110.0,304.0,362.0,2220.0,382.0,990.0
2022-02-26,2630.0,386.0,1500.0,1180.0,1450.0,238.0,251.0,2210.0,270.0,891.0
2022-02-27,2100.0,269.0,1350.0,971.0,1120.0,196.0,194.0,2130.0,214.0,773.0
2022-02-28,1650.0,200.0,1230.0,839.0,876.0,165.0,151.0,1990.0,177.0,658.0
2022-03-01,1310.0,158.0,1120.0,749.0,687.0,146.0,128.0,1860.0,147.0,560.0
2022-03-02,1310.0,150.0,1020.0,686.0,652.0,139.0,119.0,1740.0,125.0,485.0
2022-03-03,1160.0,137.0,921.0,643.0,562.0,137.0,114.0,1620.0,107.0,431.0
2022-03-04,1010.0,121.0,837.0,608.0,449.0,137.0,112.0,1520.0,93.4,387.0
2022-03-05,960.0,,761.0,578.0,423.0,136.0,110.0,1420.0,83.8,352.0
2022-03-06,942.0,116.0,722.0,547.0,457.0,148.0,111.0,1350.0,77.6,345.0
2022-03-07,1470.0,202.0,974.0,521.0,508.0,215.0,124.0,1330.0,104.0,528.0
2022-03-08,3590.0,446.0,1690.0,631.0,848.0,283.0,162.0,1450.0,210.0,684.0
2022-03-09,3000.0,482.0,1390.0,820.0,936.0,268.0,177.0,1650.0,202.0,733.0
2022-03-10,2020.0,341.0,1130.0,803.0,850.0,232.0,166.0,1740.0,149.0,682.0
2022-03-11,1650.0,270.0,1010.0,758.0,761.0,205.0,157.0,1720.0,121.0,630.0
2022-03-12,1400.0,253.0,956.0,820.0,882.0,189.0,149.0,1640.0,106.0,613.0
2022-03-13,1270.0,219.0,914.0,1110.0,1310.0,181.0,144.0,1570.0,95.6,664.0
2022-03-14,,189.0,851.0,1060.0,1090.0,176.0,140.0,1500.0,87.6,637.0
2022-03-15,1130.0,183.0,835.0,890.0,926.0,174.0,137.0,1440.0,85.0,578.0
2022-03-16,1280.0,284.0,931.0,835.0,820.0,195.0,139.0,1370.0,96.6,578.0
2022-03-17,1870.0,407.0,1120.0,1150.0,779.0,309.0,190.0,1360.0,159.0,703.0
2022-03-18,3280.0,578.0,1710.0,2110.0,870.0,568.0,476.0,1490.0,402.0,1040.0
2022-03-19,5440.0,760.0,2690.0,3680.0,1070.0,806.0,867.0,1730.0,709.0,1680.0
2022-03-20,6460.0,899.0,3240.0,5260.0,1440.0,747.0,897.0,2020.0,654.0,2570.0
2022-03-21,5500.0,832.0,2910.0,4630.0,1610.0,546.0,885.0,2370.0,450.0,2730.0
2022-03-22,3910.0,626.0,2170.0,3790.0,1440.0,354.0,603.0,2700.0,307.0,2190.0
2022-03-23,2920.0,432.0,1730.0,2840.0,1160.0,259.0,459.0,2790.0,257.0,1700.0
2022-03-24,2670.0,377.0,1620.0,2520.0,945.0,228.0,456.0,2760.0,262.0,1410.0
2022-03-25,3870.0,549.0,2240.0,3610.0,1070.0,370.0,529.0,2690.0,434.0,2160.0
2022-03-26,4370.0,608.0,2500.0,4320.0,,374.0,691.0,2610.0,491.0,2620.0
2022-03-27,3220.0,468.0,1910.0,3200.0,1240.0,262.0,534.0,2540.0,345.0,2200.0
2022-03-28,2500.0,342.0,1620.0,2790.0,1130.0,190.0,411.0,2480.0,271.0,1910.0
2022-03-29,1820.0,256.0,1310.0,2090.0,974.0,139.0,300.0,,192.0,1280.0
2022-03-30,1610.0,211.0,1230.0,1700.0,832.0,158.0,296.0,2380.0,191.0,1040.0
2022-03-31,1550.0,211.0,1200.0,1640.0,749.0,159.0,325.0,2350.0,203.0,1040.0
2022-04-01,4230.0,357.0,2840.0,2650.0,782.0,771.0,973.0,2340.0,643.0,1830.0
2022-04-02,4200.0,426.0,2320.0,3300.0,1040.0,445.0,923.0,2330.0,504.0,2280.0
2022-04-03,2840.0,311.0,1690.0,2440.0,1050.0,281.0,583.0,2320.0,343.0,1790.0
2022-04-04,2260.0,242.0,1460.0,2130.0,922.0,236.0,510.0,2320.0,336.0,1540.0
2022-04-05,2020.0,204.0,1350.0,2090.0,794.0,230.0,585.0,2330.0,373.0,1540.0
2022-04-06,1910.0,180.0,1300.0,2040.0,687.0,245.0,742.0,2340.0,437.0,1570.0
2022-04-07,2030.0,173.0,1300.0,2040.0,616.0,278.0,916.0,2360.0,453.0,1640.0
2022-04-08,3620.0,424.0,3020.0,2790.0,864.0,1190.0,1080.0,2410.0,1070.0,2310.0
2022-04-09,4160.0,506.0,3280.0,4670.0,1560.0,931.0,1320.0,2580.0,1020.0,3360.0
2022-04-10,3240.0,367.0,2860.0,5000.0,1290.0,731.0,1410.0,3010.0,1060.0,4180.0
2022-04-11,2530.0,270.0,2100.0,3420.0,1060.0,425.0,1030.0,3830.0,705.0,2980.0
2022-04-12,2440.0,226.0,1930.0,2690.0,882.0,434.0,1420.0,5240.0,709.0,2460.0
2022-04-13,2920.0,208.0,2030.0,2540.0,759.0,439.0,1630.0,7630.0,682.0,2260.0
2022-04-14,2620.0,184.0,2030.0,5090.0,815.0,596.0,3320.0,11400.0,1470.0,4500.0
2022-04-15,2990.0,181.0,2130.0,5310.0,992.0,597.0,3310.0,17500.0,1090.0,4190.0
2022-04-16,2700.0,167.0,1940.0,3460.0,949.0,445.0,2490.0,26300.0,799.0,2980.0
2022-04-17,3150.0,247.0,2210.0,3540.0,1210.0,486.0,1750.0,28700.0,,2570.0
2022-04-18,2380.0,216.0,1690.0,2600.0,1280.0,294.0,982.0,23800.0,423.0,1930.0
2022-04-19,2970.0,403.0,2160.0,2800.0,2350.0,811.0,1060.0,18300.0,732.0,2030.0
2022-04-20,3910.0,610.0,2820.0,4630.0,3880.0,642.0,1130.0,14000.0,737.0,3210.0
2022-04-21,2690.0,394.0,1970.0,2770.0,2760.0,360.0,712.0,11100.0,410.0,2070.0
2022-04-22,2280.0,279.0,1800.0,2210.0,2000.0,333.0,849.0,10600.0,386.0,1600.0
2022-04-23,2070.0,223.0,1660.0,1910.0,1440.0,285.0,842.0,12000.0,351.0,1140.0
2022-04-24,1750.0,185.0,1470.0,1610.0,1110.0,231.0,662.0,11000.0,285.0,742.0
2022-04-25,1570.0,,1350.0,1400.0,906.0,208.0,623.0,10100.0,265.0,656.0
2022-04-26,1550.0,148.0,1310.0,1250.0,781.0,221.0,765.0,10500.0,274.0,669.0
2022-04-27,1960.0,176.0,1640.0,1790.0,934.0,396.0,1450.0,13500.0,539.0,1120.0
2022-04-28,2140.0,192.0,,2820.0,1160.0,319.0,1480.0,17100.0,552.0,1990.0
2022-04-29,1710.0,156.0,1270.0,2020.0,1090.0,235.0,830.0,15400.0,325.0,
2022-04-30,1470.0,134.0,1130.0,1530.0,985.0,193.0,605.0,11800.0,253.0,1200.0
2022-05-01,1360.0,,1050.0,1280.0,864.0,180.0,551.0,9090.0,231.0,858.0
2022-05-02,1340.0,115.0,1040.0,1140.0,742.0,193.0,616.0,8300.0,244.0,698.0
2022-05-03,1410.0,128.0,1070.0,1050.0,644.0,199.0,680.0,8680.0,258.0,731.0
2022-05-04,,184.0,1220.0,1080.0,577.0,244.0,797.0,,450.0,863.0
2022-05-05,3120.0,319.0,1570.0,1770.0,601.0,263.0,849.0,8840.0,482.0,1360.0
2022-05-06,2310.0,237.0,1310.0,1430.0,558.0,195.0,595.0,7430.0,299.0,
2022-05-07,1840.0,169.0,1140.0,1110.0,500.0,162.0,465.0,5920.0,229.0,931.0
2022-05-08,1530.0,140.0,999.0,,448.0,136.0,387.0,4740.0,190.0,742.0
2022-05-09,1360.0,125.0,903.0,840.0,407.0,126.0,345.0,4010.0,170.0,572.0
2022-05-10,1300.0,113.0,885.0,766.0,369.0,126.0,326.0,3660.0,161.0,461.0
2022-05-11,1310.0,102.0,951.0,717.0,339.0,131.0,323.0,3470.0,158.0,489.0
2022-05-12,1350.0,101.0,983.0,683.0,316.0,142.0,314.0,3290.0,155.0,517.0
2022-05-13,1490.0,90.3,1090.0,652.0,294.0,152.0,308.0,2990.0,156.0,570.0
2022-05-14,1650.0,82.6,1200.0,625.0,276.0,160.0,289.0,2660.0,150.0,604.0
2022-05-15,2950.0,79.5,1530.0,593.0,262.0,191.0,299.0,2240.0,147.0,663.0
2022-05-16,2430.0,106.0,1800.0,662.0,271.0,323.0,355.0,2000.0,292.0,821.0
2022-05-17,,489.0,3250.0,812.0,388.0,620.0,1230.0,2380.0,628.0,1010.0
2022-05-18,3990.0,351.0,1810.0,925.0,424.0,250.0,779.0,3280.0,284.0,906.0
2022-05-19,2770.0,197.0,1310.0,691.0,365.0,179.0,501.0,2830.0,185.0,696.0
2022-05-20,2570.0,229.0,1250.0,599.0,344.0,188.0,639.0,2150.0,189.0,569.0
2022-05-21,2040.0,183.0,1110.0,596.0,311.0,157.0,429.0,1730.0,162.0,449.0
2022-05-22,1690.0,146.0,1010.0,560.0,288.0,203.0,819.0,4110.0,138.0,401.0
2022-05-23,1400.0,,908.0,586.0,286.0,149.0,492.0,5280.0,111.0,462.0
2022-05-24,1210.0,94.7,798.0,587.0,270.0,117.0,338.0,4180.0,94.3,374.0
2022-05-25,1080.0,82.2,726.0,525.0,241.0,102.0,272.0,3000.0,84.3,325.0
2022-05-26,976.0,73.9,675.0,456.0,217.0,91.9,233.0,2230.0,76.0,288.0
2022-05-27,897.0,65.3,632.0,406.0,203.0,83.5,205.0,2030.0,86.3,269.0
2022-05-28,886.0,60.3,630.0,397.0,196.0,83.1,197.0,9920.0,108.0,285.0
2022-05-29,807.0,64.6,585.0,463.0,212.0,72.0,219.0,14700.0,79.4,284.0
2022-05-30,717.0,61.2,527.0,397.0,201.0,62.9,162.0,10400.0,63.1,239.0
2022-05-31,650.0,51.6,488.0,334.0,191.0,58.0,138.0,9130.0,,215.0
2022-06-01,652.0,54.5,471.0,298.0,187.0,57.4,121.0,8850.0,51.4,203.0
2022-06-02,906.0,75.1,563.0,288.0,174.0,74.5,247.0,6410.0,82.8,198.0
2022-06-03,905.0,75.2,580.0,313.0,163.0,69.6,194.0,4350.0,76.6,197.0
2022-06-04,877.0,79.2,549.0,322.0,155.0,73.2,187.0,3330.0,79.1,202.0
2022-06-05,754.0,75.4,496.0,788.0,157.0,60.8,163.0,4280.0,187.0,1040.0
2022-06-06,622.0,56.3,435.0,833.0,154.0,50.7,119.0,5320.0,90.8,502.0
2022-06-07,554.0,48.0,399.0,527.0,142.0,45.4,99.3,4220.0,64.0,331.0
2022-06-08,754.0,44.8,538.0,450.0,151.0,71.3,186.0,3360.0,158.0,371.0
2022-06-09,1480.0,97.4,985.0,707.0,234.0,192.0,256.0,4270.0,279.0,711.0
2022-06-10,2260.0,224.0,1430.0,,315.0,197.0,395.0,6500.0,320.0,1390.0
2022-06-11,1230.0,127.0,820.0,976.0,269.0,89.5,233.0,6920.0,152.0,845.0
2022-06-12,909.0,88.4,629.0,643.0,218.0,65.5,149.0,5080.0,101.0,488.0
2022-06-13,754.0,72.1,535.0,529.0,330.0,56.5,142.0,3540.0,79.7,402.0
2022-06-14,653.0,60.1,475.0,578.0,325.0,49.2,112.0,2800.0,,516.0
2022-06-15,576.0,49.2,432.0,476.0,238.0,43.7,94.2,2350.0,56.7,382.0
2022-06-16,527.0,42.5,402.0,377.0,188.0,40.3,81.7,1860.0,49.5,283.0
2022-06-17,501.0,39.0,394.0,319.0,163.0,40.6,110.0,1550.0,53.6,208.0
2022-06-18,505.0,35.4,393.0,307.0,159.0,39.1,277.0,1640.0,64.3,285.0
2022-06-19,540.0,32.1,464.0,334.0,149.0,38.4,347.0,2910.0,62.4,258.0
2022-06-20,533.0,39.4,433.0,339.0,145.0,36.9,189.0,3500.0,78.6,309.0
2022-06-21,446.0,79.1,362.0,385.0,136.0,32.3,125.0,2830.0,55.1,275.0
2022-06-22,411.0,38.7,332.0,308.0,126.0,30.9,95.1,2060.0,44.7,223.0
2022-06-23,399.0,32.7,321.0,259.0,120.0,31.8,84.4,1480.0,42.4,195.0
2022-06-24,511.0,50.2,316.0,236.0,119.0,31.3,84.8,1110.0,40.0,181.0
2022-06-25,476.0,53.8,305.0,221.0,115.0,29.1,74.0,888.0,34.8,166.0
2022-06-26,398.0,39.6,284.0,207.0,108.0,26.2,63.1,724.0,29.6,148.0
2022-06-27,375.0,34.1,271.0,191.0,106.0,25.9,69.4,661.0,30.7,137.0
2022-06-28,441.0,30.8,280.0,181.0,120.0,27.7,92.4,1750.0,39.5,147.0
2022-06-29,372.0,28.5,,180.0,112.0,24.4,64.9,1680.0,29.5,137.0
2022-06-30,325.0,25.6,241.0,175.0,99.5,25.1,56.2,1130.0,28.2,125.0
2022-07-01,296.0,22.8,229.0,164.0,92.0,23.1,50.2,,25.0,116.0
2022-07-02,281.0,20.9,222.0,160.0,95.7,22.9,91.7,651.0,29.4,119.0
2022-07-03,277.0,19.4,219.0,158.0,109.0,22.3,119.0,531.0,28.1,122.0
2022-07-04,253.0,,203.0,156.0,98.1,19.4,63.3,443.0,21.4,112.0
2022-07-05,243.0,17.5,194.0,139.0,86.0,18.8,48.1,383.0,19.1,100.0
2022-07-06,422.0,23.6,279.0,135.0,87.4,39.8,,572.0,59.9,124.0
2022-07-07,437.0,22.2,301.0,150.0,87.5,31.2,82.0,2630.0,43.6,157.0
2022-07-08,315.0,21.2,230.0,185.0,82.5,22.7,54.6,2000.0,28.2,121.0
2022-07-09,265.0,18.8,199.0,150.0,81.0,19.7,43.0,1240.0,22.3,103.0
2022-07-10,239.0,16.8,181.0,128.0,78.9,17.2,37.8,808.0,18.6,92.9
2022-07-11,223.0,15.5,171.0,114.0,74.0,16.5,34.0,569.0,16.5,86.3
2022-07-12,215.0,17.4,167.0,105.0,69.0,16.2,33.9,454.0,16.9,85.1
2022-07-13,217.0,20.9,169.0,98.1,66.5,19.2,56.7,508.0,27.0,93.3
2022-07-14,209.0,18.4,167.0,97.8,63.9,17.6,59.0,594.0,24.6,105.0
2022-07-15,194.0,17.7,161.0,111.0,66.1,16.8,67.1,475.0,23.0,103.0
2022-07-16,187.0,15.4,154.0,107.0,68.7,15.3,46.0,427.0,20.6,105.0
2022-07-17,180.0,14.0,148.0,116.0,62.9,14.2,35.1,362.0,15.9,86.2
2022-07-18,192.0,14.5,159.0,104.0,60.4,26.1,35.9,302.0,20.0,92.4
2022-07-19,1250.0,16.4,909.0,357.0,148.0,181.0,702.0,625.0,135.0,442.0
2022-07-20,774.0,15.0,482.0,531.0,212.0,41.0,287.0,2140.0,58.9,304.0
2022-07-21,451.0,34.3,308.0,289.0,170.0,25.4,117.0,1670.0,,171.0
2022-07-22,393.0,79.0,252.0,200.0,144.0,20.9,192.0,2640.0,22.8,127.0
2022-07-23,329.0,58.3,218.0,153.0,118.0,17.7,106.0,2280.0,18.4,112.0
2022-07-24,271.0,35.9,194.0,130.0,93.3,16.0,96.3,1460.0,15.0,95.4
2022-07-25,297.0,33.9,207.0,124.0,81.2,18.9,102.0,1300.0,14.7,92.4
2022-07-26,513.0,47.7,278.0,124.0,74.8,24.5,137.0,1240.0,16.7,91.7
2022-07-27,366.0,40.9,229.0,118.0,68.8,18.0,85.5,887.0,16.5,84.6
2022-07-28,292.0,,197.0,108.0,61.7,16.1,65.4,671.0,16.1,78.1
2022-07-29,277.0,29.7,187.0,96.0,58.4,17.6,90.4,1320.0,40.7,80.3
2022-07-30,245.0,25.1,172.0,103.0,55.3,14.5,60.0,2340.0,19.0,77.9
2022-07-31,223.0,22.1,162.0,106.0,54.5,13.4,49.5,1610.0,13.7,72.5
2022-08-01,208.0,19.8,154.0,89.2,50.4,12.9,43.3,1040.0,11.6,67.1
2022-08-02,193.0,17.2,148.0,78.8,46.2,12.6,39.1,724.0,11.0,65.0
2022-08-03,190.0,15.3,144.0,74.2,44.3,12.5,41.7,600.0,11.1,70.1
2022-08-04,194.0,15.3,141.0,70.8,44.5,11.9,38.9,577.0,9.65,65.1
2022-08-05,230.0,18.4,165.0,72.0,44.0,15.9,35.5,470.0,9.55,64.0
2022-08-06,224.0,17.1,170.0,73.1,42.7,16.4,34.7,397.0,9.1,60.0
2022-08-07,201.0,,168.0,71.6,41.9,14.3,31.7,350.0,8.22,58.7
2022-08-08,196.0,16.8,162.0,66.2,39.7,13.4,54.8,461.0,13.1,61.1
2022-08-09,214.0,20.7,159.0,66.2,40.1,15.5,213.0,5290.0,33.0,75.8
2022-08-10,194.0,22.6,152.0,71.0,39.5,14.2,182.0,10200.0,27.3,125.0
2022-08-11,181.0,21.3,146.0,95.0,38.8,14.7,109.0,8590.0,20.2,110.0
2022-08-12,174.0,17.4,,108.0,38.9,15.0,88.4,6100.0,15.5,98.7
2022-08-13,163.0,15.3,133.0,94.8,37.7,12.6,74.6,4130.0,12.3,85.4
2022-08-14,158.0,14.2,129.0,82.7,35.6,11.9,,2820.0,10.7,73.3
2022-08-15,150.0,12.7,125.0,72.8,32.6,11.1,46.5,2000.0,9.1,66.1
2022-08-16,145.0,11.2,123.0,66.4,31.1,10.6,40.8,1450.0,8.23,61.0
2022-08-17,144.0,10.8,125.0,67.5,64.3,12.0,39.1,1110.0,8.39,63.5
2022-08-18,157.0,11.0,156.0,93.1,177.0,157.0,258.0,1110.0,222.0,368.0
2022-08-19,259.0,10.4,288.0,350.0,133.0,63.3,292.0,2470.0,108.0,416.0
2022-08-20,227.0,9.92,239.0,291.0,101.0,28.0,138.0,2770.0,46.0,202.0
2022-08-21,179.0,9.71,175.0,187.0,85.4,19.7,81.6,2290.0,27.6,132.0
2022-08-22,158.0,10.1,157.0,138.0,75.9,16.7,60.4,2170.0,19.9,102.0
2022-08-23,155.0,11.1,236.0,131.0,164.0,50.1,88.9,1830.0,19.2,96.3
2022-08-24,237.0,9.89,502.0,118.0,133.0,541.0,857.0,1400.0,91.1,104.0
2022-08-25,439.0,9.05,441.0,149.0,94.9,86.4,485.0,1500.0,74.5,187.0
2022-08-26,274.0,16.2,300.0,209.0,81.1,,215.0,1500.0,44.6,142.0
2022-08-27,271.0,17.1,290.0,162.0,81.4,59.4,155.0,1710.0,57.3,122.0
2022-08-28,239.0,11.7,253.0,136.0,72.5,38.1,120.0,1720.0,35.9,110.0
2022-08-29,201.0,10.5,214.0,125.0,63.5,29.8,92.2,1260.0,25.0,95.0
2022-08-30,182.0,9.85,190.0,108.0,57.5,25.1,78.1,946.0,19.8,85.6
2022-08-31,179.0,9.71,188.0,115.0,105.0,32.4,166.0,1080.0,35.4,101.0
2022-09-01,198.0,8.96,176.0,137.0,172.0,29.3,198.0,1820.0,37.7,136.0
2022-09-02,178.0,8.03,162.0,166.0,131.0,22.2,147.0,1450.0,24.6,114.0
2022-09-03,161.0,7.45,153.0,131.0,103.0,19.2,99.1,1050.0,18.8,94.8
2022-09-04,150.0,7.33,148.0,,86.7,18.1,79.2,789.0,15.8,87.3
2022-09-05,190.0,11.3,420.0,101.0,79.8,32.7,87.2,638.0,15.2,101.0
2022-09-06,520.0,22.8,1130.0,115.0,113.0,156.0,111.0,538.0,19.9,128.0
2022-09-07,910.0,22.8,1120.0,124.0,118.0,108.0,90.2,473.0,20.1,121.0
2022-09-08,485.0,22.6,626.0,122.0,101.0,56.0,74.2,426.0,17.6,107.0
2022-09-09,354.0,17.7,453.0,109.0,87.6,39.2,64.1,385.0,15.5,92.6
2022-09-10,283.0,13.8,364.0,96.3,77.8,30.2,56.7,361.0,14.3,85.0
2022-09-11,245.0,12.0,310.0,87.8,70.3,25.0,51.4,328.0,12.6,78.3
2022-09-12,224.0,10.9,289.0,80.7,65.2,22.8,48.4,296.0,12.3,73.1
2022-09-13,219.0,14.7,271.0,75.6,60.4,22.4,46.0,271.0,12.6,70.4
2022-09-14,244.0,39.7,272.0,72.8,57.1,23.4,48.5,257.0,13.6,70.6
2022-09-15,248.0,42.4,262.0,66.8,51.5,22.2,60.7,247.0,13.7,67.8
2022-09-16,210.0,26.7,234.0,61.8,46.1,18.3,48.3,250.0,11.8,63.0
2022-09-17,192.0,19.9,211.0,58.9,41.8,16.6,40.6,221.0,10.2,58.5
2022-09-18,182.0,16.3,202.0,58.8,41.5,16.4,43.5,216.0,10.9,59.0
2022-09-19,567.0,18.8,698.0,76.5,49.2,106.0,615.0,220.0,178.0,97.2
2022-09-20,3150.0,50.8,3180.0,606.0,192.0,443.0,2180.0,277.0,709.0,739.0
2022-09-21,1310.0,67.0,1270.0,1030.0,283.0,129.0,1240.0,351.0,197.0,560.0
2022-09-22,1120.0,76.3,979.0,565.0,572.0,153.0,1450.0,558.0,391.0,412.0
2022-09-23,2390.0,117.0,1400.0,863.0,1320.0,202.0,1530.0,884.0,323.0,835.0
2022-09-24,1260.0,76.7,958.0,671.0,942.0,92.5,655.0,1000.0,137.0,456.0
2022-09-25,868.0,50.2,734.0,428.0,645.0,61.5,410.0,826.0,86.0,296.0
2022-09-26,759.0,39.5,682.0,366.0,489.0,55.8,514.0,648.0,78.4,259.0
2022-09-27,720.0,32.8,622.0,338.0,432.0,61.6,527.0,804.0,148.0,245.0
2022-09-28,620.0,28.1,541.0,307.0,364.0,49.3,369.0,1480.0,107.0,264.0
2022-09-29,541.0,24.3,478.0,280.0,296.0,41.6,318.0,1500.0,75.9,202.0
2022-09-30,485.0,21.6,436.0,230.0,242.0,36.2,260.0,1150.0,60.2,165.0
2022-10-01,431.0,20.1,404.0,197.0,204.0,33.3,216.0,871.0,51.7,145.0
2022-10-02,394.0,18.7,374.0,173.0,171.0,30.7,184.0,692.0,44.9,131.0
2022-10-03,356.0,17.1,346.0,154.0,144.0,27.6,158.0,565.0,39.1,116.0
2022-10-04,325.0,15.8,328.0,139.0,125.0,26.9,144.0,479.0,36.6,108.0
2022-10-05,304.0,15.5,314.0,129.0,110.0,26.0,134.0,421.0,34.6,103.0
2022-10-06,284.0,14.8,303.0,124.0,107.0,25.4,124.0,383.0,33.4,99.7
2022-10-07,271.0,13.9,288.0,122.0,102.0,24.6,118.0,363.0,31.7,96.3
2022-10-08,253.0,13.3,272.0,115.0,93.6,22.9,148.0,358.0,29.4,91.7
2022-10-09,245.0,12.0,260.0,105.0,85.7,22.5,132.0,382.0,28.2,86.1
2022-10-10,241.0,11.5,255.0,99.9,80.1,22.6,119.0,380.0,28.3,84.6
2022-10-11,239.0,11.6,251.0,97.0,76.9,22.5,111.0,391.0,28.2,84.5
2022-10-12,233.0,11.6,248.0,95.2,74.6,22.5,103.0,361.0,27.8,83.6
2022-10-13,233.0,12.1,318.0,94.7,73.8,27.0,97.8,338.0,28.5,219.0
2022-10-14,6030.0,76.7,11000.0,1400.0,75.5,5640.0,2390.0,368.0,4110.0,4330.0
2022-10-15,4620.0,126.0,5930.0,8040.0,145.0,864.0,2850.0,2310.0,1230.0,6470.0
2022-10-16,1870.0,78.3,2460.0,2420.0,223.0,347.0,792.0,4380.0,420.0,2550.0
2022-10-17,1220.0,54.7,1720.0,1410.0,209.0,225.0,477.0,3560.0,255.0,1430.0
2022-10-18,1010.0,45.9,1660.0,2270.0,231.0,443.0,454.0,2830.0,469.0,2080.0
2022-10-19,986.0,41.6,1830.0,2670.0,1190.0,376.0,519.0,5170.0,545.0,2440.0
2022-10-20,833.0,36.4,1350.0,1670.0,1450.0,214.0,363.0,5960.0,277.0,1530.0
2022-10-21,711.0,32.5,1130.0,1170.0,1200.0,159.0,290.0,4640.0,201.0,991.0
2022-10-22,626.0,29.3,993.0,925.0,867.0,132.0,248.0,3470.0,164.0,719.0
2022-10-23,567.0,27.1,894.0,769.0,630.0,115.0,218.0,2690.0,141.0,573.0
2022-10-24,527.0,26.1,838.0,680.0,577.0,122.0,203.0,2190.0,133.0,485.0
2022-10-25,532.0,26.6,836.0,677.0,1110.0,133.0,,1880.0,133.0,412.0
2022-10-26,1070.0,117.0,942.0,994.0,1310.0,210.0,189.0,,186.0,789.0
2022-10-27,3610.0,403.0,1500.0,2190.0,2210.0,268.0,194.0,1640.0,250.0,2160.0
2022-10-28,1730.0,254.0,1090.0,1400.0,1900.0,,178.0,1610.0,173.0,1540.0
2022-10-29,1140.0,140.0,900.0,998.0,1420.0,121.0,159.0,1460.0,139.0,1060.0
2022-10-30,930.0,100.0,815.0,835.0,1030.0,105.0,148.0,1280.0,123.0,711.0
2022-10-31,807.0,81.3,753.0,738.0,786.0,95.2,139.0,1140.0,113.0,465.0
2022-11-01,721.0,95.0,751.0,670.0,642.0,88.0,132.0,1010.0,104.0,455.0
2022-11-02,,134.0,689.0,614.0,543.0,81.4,127.0,906.0,95.5,434.0
2022-11-03,593.0,70.9,622.0,558.0,462.0,74.9,118.0,817.0,87.0,393.0
2022-11-04,549.0,51.7,590.0,516.0,409.0,72.0,113.0,743.0,83.7,366.0
2022-11-05,519.0,45.3,565.0,494.0,370.0,69.5,109.0,688.0,80.7,
2022-11-06,500.0,44.0,545.0,470.0,345.0,67.8,105.0,654.0,78.2,328.0
2022-11-07,522.0,44.6,540.0,488.0,327.0,76.6,287.0,650.0,107.0,437.0
2022-11-08,560.0,54.5,510.0,610.0,299.0,66.3,229.0,805.0,99.7,606.0
2022-11-09,485.0,48.5,477.0,538.0,269.0,60.1,150.0,922.0,80.4,470.0
2022-11-10,451.0,42.9,463.0,472.0,254.0,58.6,131.0,808.0,77.1,420.0
2022-11-11,439.0,41.3,465.0,452.0,245.0,58.1,121.0,828.0,74.7,396.0
2022-11-12,3050.0,87.0,2340.0,1310.0,841.0,850.0,751.0,1750.0,857.0,1520.0
2022-11-13,3630.0,119.0,2320.0,3120.0,1210.0,589.0,992.0,4850.0,625.0,2550.0
2022-11-14,2280.0,95.8,2140.0,2560.0,1350.0,438.0,653.0,5330.0,514.0,2260.0
2022-11-15,1500.0,77.4,1420.0,1730.0,1190.0,226.0,375.0,4710.0,275.0,1500.0
2022-11-16,1300.0,81.8,1260.0,1290.0,1020.0,190.0,301.0,3720.0,222.0,1120.0
2022-11-17,1500.0,115.0,1260.0,1180.0,990.0,157.0,272.0,2960.0,193.0,843.0
2022-11-18,1220.0,105.0,1060.0,1020.0,825.0,131.0,232.0,2340.0,163.0,587.0
2022-11-19,1020.0,86.8,945.0,872.0,687.0,115.0,203.0,1840.0,146.0,549.0
2022-11-20,906.0,74.4,872.0,745.0,587.0,104.0,181.0,1460.0,135.0,516.0
2022-11-21,762.0,63.9,777.0,624.0,501.0,80.8,140.0,1210.0,94.6,427.0
2022-11-22,756.0,59.5,756.0,575.0,445.0,84.0,160.0,1070.0,95.6,422.0
2022-11-23,700.0,,719.0,560.0,410.0,76.8,153.0,989.0,91.9,403.0
2022-11-24,654.0,50.9,682.0,547.0,376.0,73.5,127.0,945.0,82.2,359.0
2022-11-25,624.0,49.6,662.0,539.0,360.0,77.5,135.0,919.0,87.9,348.0
2022-11-26,629.0,49.2,662.0,549.0,402.0,85.2,141.0,903.0,87.3,361.0
2022-11-27,614.0,53.7,652.0,556.0,380.0,91.6,146.0,892.0,96.1,361.0
2022-11-28,2290.0,187.0,1220.0,1290.0,751.0,298.0,618.0,885.0,451.0,1130.0
2022-11-29,2080.0,216.0,1140.0,1710.0,842.0,181.0,395.0,879.0,239.0,1150.0
2022-11-30,1770.0,171.0,1490.0,1310.0,744.0,1050.0,461.0,937.0,635.0,1000.0
2022-12-01,7940.0,348.0,6130.0,7750.0,1590.0,1150.0,1990.0,2060.0,1460.0,6590.0
2022-12-02,,287.0,2470.0,3520.0,1840.0,348.0,711.0,3780.0,436.0,3090.0
2022-12-03,2360.0,211.0,1970.0,2350.0,1760.0,313.0,539.0,3920.0,339.0,2020.0
2022-12-04,3730.0,,2590.0,2730.0,2230.0,420.0,,,393.0,2200.0
2022-12-05,2460.0,188.0,1820.0,2080.0,1980.0,237.0,421.0,4160.0,248.0,1530.0
2022-12-06,1850.0,153.0,1520.0,1650.0,1610.0,188.0,356.0,3960.0,211.0,1090.0
2022-12-07,3390.0,393.0,2460.0,1800.0,1340.0,554.0,876.0,4810.0,490.0,1140.0
2022-12-08,4690.0,500.0,3250.0,3950.0,2290.0,579.0,1670.0,10200.0,715.0,2220.0
2022-12-09,3010.0,344.0,2180.0,2580.0,2330.0,289.0,,10900.0,361.0,1720.0
2022-12-10,2100.0,223.0,1690.0,1780.0,1930.0,178.0,377.0,7420.0,212.0,1240.0
2022-12-11,1630.0,162.0,1430.0,1210.0,1430.0,124.0,254.0,5010.0,146.0,760.0
2022-12-12,1410.0,140.0,1290.0,912.0,1090.0,124.0,230.0,3480.0,128.0,564.0
2022-12-13,1230.0,129.0,1160.0,772.0,878.0,117.0,177.0,2630.0,119.0,528.0
2022-12-14,1110.0,113.0,1070.0,713.0,757.0,121.0,180.0,2110.0,113.0,611.0
2022-12-15,1040.0,104.0,1030.0,692.0,694.0,127.0,207.0,1770.0,109.0,642.0
2022-12-16,1030.0,97.2,1010.0,605.0,649.0,110.0,211.0,1560.0,106.0,538.0
2022-12-17,1210.0,115.0,1070.0,570.0,781.0,136.0,198.0,1400.0,104.0,526.0
2022-12-18,1150.0,119.0,999.0,723.0,1000.0,178.0,186.0,1270.0,103.0,649.0
2022-12-19,979.0,103.0,897.0,836.0,987.0,163.0,175.0,1160.0,103.0,684.0
2022-12-20,873.0,92.2,833.0,776.0,843.0,152.0,165.0,1080.0,102.0,616.0
2022-12-21,766.0,77.7,746.0,685.0,724.0,150.0,156.0,1010.0,102.0,501.0
2022-12-22,719.0,80.2,729.0,639.0,628.0,159.0,152.0,955.0,101.0,452.0
2022-12-23,9460.0,1000.0,5300.0,2580.0,753.0,3810.0,558.0,916.0,1770.0,1850.0
2022-12-24,15500.0,1250.0,11500.0,11900.0,2220.0,1710.0,1750.0,887.0,1880.0,8590.0
2022-12-25,5340.0,794.0,3550.0,6060.0,2560.0,457.0,899.0,868.0,686.0,4140.0
2022-12-26,3710.0,573.0,2420.0,3400.0,2120.0,287.0,506.0,851.0,388.0,2530.0
2022-12-27,2880.0,380.0,1920.0,2650.0,1500.0,224.0,363.0,838.0,273.0,1760.0
2022-12-28,2230.0,263.0,1630.0,2110.0,1110.0,206.0,286.0,829.0,220.0,1240.0
2022-12-29,1860.0,216.0,1480.0,1930.0,949.0,192.0,272.0,828.0,205.0,1010.0
2022-12-30,1660.0,212.0,1360.0,1730.0,805.0,175.0,307.0,859.0,213.0,776.0
2022-12-31,1800.0,233.0,1650.0,1800.0,737.0,416.0,614.0,1030.0,375.0,1040.0
2023-01-01,3540.0,409.0,2800.0,2940.0,887.0,765.0,1380.0,2080.0,852.0,1850.0
2023-01-02,3570.0,513.0,2550.0,3640.0,932.0,467.0,1220.0,4670.0,572.0,2130.0
2023-01-03,2580.0,404.0,1910.0,2490.0,837.0,295.0,650.0,5090.0,365.0,1830.0
2023-01-04,2350.0,396.0,1700.0,2110.0,796.0,251.0,504.0,4060.0,321.0,1470.0
2023-01-05,3120.0,563.0,2280.0,2440.0,781.0,434.0,633.0,3210.0,413.0,1070.0
2023-01-06,2800.0,,1950.0,2060.0,723.0,285.0,479.0,2580.0,296.0,917.0
2023-01-07,2230.0,398.0,1650.0,1580.0,653.0,222.0,392.0,2100.0,247.0,780.0
2023-01-08,,290.0,1420.0,1260.0,587.0,152.0,275.0,1740.0,189.0,673.0
2023-01-09,1470.0,200.0,1290.0,1020.0,512.0,135.0,191.0,1470.0,150.0,607.0
2023-01-10,1410.0,174.0,1160.0,861.0,480.0,108.0,164.0,1270.0,132.0,568.0
2023-01-11,1050.0,123.0,941.0,786.0,410.0,78.1,149.0,1120.0,123.0,547.0
2023-01-12,1150.0,131.0,983.0,772.0,383.0,116.0,146.0,1000.0,147.0,
2023-01-13,2710.0,314.0,1790.0,1030.0,1260.0,384.0,245.0,928.0,304.0,971.0
2023-01-14,4240.0,469.0,2530.0,1890.0,2340.0,402.0,426.0,860.0,341.0,1840.0
2023-01-15,2490.0,323.0,1600.0,1710.0,1940.0,209.0,316.0,802.0,208.0,1610.0
2023-01-16,1860.0,239.0,1360.0,1460.0,1510.0,169.0,255.0,760.0,173.0,1330.0
2023-01-17,1560.0,182.0,1230.0,1280.0,1230.0,153.0,231.0,725.0,157.0,1150.0
2023-01-18,1440.0,169.0,1160.0,1130.0,1000.0,135.0,223.0,700.0,147.0,1000.0
2023-01-19,1320.0,167.0,1120.0,996.0,869.0,124.0,205.0,677.0,138.0,880.0
2023-01-20,1260.0,161.0,1090.0,880.0,763.0,116.0,193.0,657.0,130.0,781.0
2023-01-21,1150.0,150.0,996.0,783.0,676.0,99.1,182.0,638.0,123.0,690.0
2023-01-22,948.0,138.0,828.0,698.0,568.0,,175.0,620.0,118.0,606.0
2023-01-23,1060.0,133.0,950.0,629.0,563.0,103.0,173.0,603.0,113.0,534.0
2023-01-24,1020.0,137.0,895.0,575.0,585.0,99.1,166.0,589.0,109.0,482.0
2023-01-25,915.0,127.0,822.0,537.0,536.0,95.8,140.0,575.0,107.0,457.0
2023-01-26,1030.0,155.0,824.0,528.0,1470.0,106.0,145.0,561.0,113.0,470.0
2023-01-27,1170.0,212.0,882.0,574.0,2500.0,108.0,153.0,548.0,111.0,480.0
2023-01-28,1010.0,179.0,795.0,546.0,2120.0,96.7,149.0,535.0,105.0,454.0
2023-01-29,913.0,144.0,750.0,511.0,1780.0,90.8,144.0,522.0,99.7,422.0
2023-01-30,887.0,137.0,728.0,486.0,1420.0,87.2,139.0,511.0,95.7,393.0
2023-01-31,829.0,126.0,696.0,465.0,1120.0,84.4,136.0,501.0,92.5,374.0
2023-02-01,529.0,100.0,546.0,451.0,857.0,82.8,133.0,491.0,89.9,361.0
2023-02-02,476.0,96.2,501.0,442.0,772.0,81.5,130.0,482.0,87.6,348.0
2023-02-03,490.0,84.7,442.0,431.0,,80.2,127.0,473.0,85.6,337.0
2023-02-04,387.0,59.5,318.0,422.0,454.0,78.8,125.0,466.0,83.8,328.0
2023-02-05,566.0,60.4,429.0,414.0,482.0,77.5,123.0,459.0,82.2,321.0
2023-02-06,840.0,90.3,582.0,410.0,548.0,76.4,122.0,452.0,80.7,314.0
2023-02-07,765.0,91.8,537.0,408.0,504.0,75.3,120.0,447.0,79.6,308.0
2023-02-08,706.0,89.5,522.0,412.0,481.0,74.5,119.0,443.0,78.8,303.0
2023-02-09,677.0,89.1,513.0,429.0,449.0,74.1,121.0,439.0,78.8,305.0
2023-02-10,857.0,137.0,636.0,518.0,506.0,109.0,173.0,436.0,102.0,385.0
2023-02-11,1120.0,198.0,782.0,722.0,590.0,143.0,257.0,434.0,124.0,
2023-02-12,886.0,150.0,653.0,750.0,550.0,123.0,210.0,459.0,,590.0
2023-02-13,792.0,133.0,636.0,691.0,509.0,109.0,171.0,544.0,98.8,537.0
2023-02-14,767.0,131.0,598.0,629.0,466.0,98.0,150.0,625.0,92.2,479.0
2023-02-15,726.0,126.0,571.0,588.0,434.0,93.2,139.0,640.0,88.5,429.0
2023-02-16,729.0,138.0,617.0,602.0,495.0,109.0,163.0,634.0,93.2,420.0
2023-02-17,1110.0,234.0,898.0,793.0,648.0,167.0,247.0,669.0,116.0,550.0
2023-02-18,1440.0,272.0,938.0,939.0,659.0,226.0,225.0,806.0,117.0,610.0
2023-02-19,1150.0,225.0,818.0,885.0,619.0,186.0,199.0,920.0,107.0,566.0
2023-02-20,971.0,181.0,741.0,805.0,580.0,160.0,180.0,966.0,97.6,524.0
2023-02-21,908.0,163.0,715.0,740.0,591.0,144.0,168.0,965.0,90.4,493.0
2023-02-22,829.0,145.0,679.0,684.0,543.0,133.0,159.0,942.0,85.0,466.0
2023-02-23,767.0,134.0,638.0,635.0,471.0,123.0,151.0,919.0,81.7,441.0
2023-02-24,724.0,118.0,601.0,591.0,372.0,117.0,145.0,896.0,79.4,413.0
2023-02-25,453.0,87.2,480.0,551.0,340.0,111.0,139.0,875.0,77.6,388.0
2023-02-26,416.0,90.5,500.0,519.0,317.0,107.0,135.0,854.0,76.2,368.0
2023-02-27,588.0,94.9,558.0,497.0,311.0,102.0,131.0,834.0,75.2,354.0
2023-02-28,638.0,101.0,583.0,487.0,307.0,97.9,128.0,815.0,74.6,342.0
2023-03-01,641.0,101.0,564.0,494.0,305.0,93.8,124.0,796.0,74.2,335.0
2023-03-02,621.0,101.0,565.0,524.0,304.0,90.5,121.0,777.0,76.6,351.0
2023-03-03,620.0,102.0,543.0,543.0,303.0,87.7,119.0,759.0,76.4,358.0
2023-03-04,593.0,96.6,532.0,545.0,302.0,85.4,118.0,742.0,73.5,347.0
2023-03-05,616.0,104.0,555.0,534.0,301.0,83.3,117.0,725.0,72.0,330.0
2023-03-06,572.0,97.9,524.0,526.0,299.0,81.5,118.0,709.0,70.9,317.0
2023-03-07,554.0,94.4,504.0,522.0,298.0,80.1,119.0,693.0,69.8,307.0
2023-03-08,524.0,91.6,488.0,522.0,299.0,79.0,116.0,678.0,68.9,302.0
2023-03-09,524.0,91.3,490.0,524.0,309.0,78.0,112.0,670.0,68.0,316.0
2023-03-10,530.0,91.6,487.0,540.0,317.0,76.9,108.0,697.0,67.3,339.0
2023-03-11,557.0,94.6,498.0,566.0,314.0,75.7,105.0,729.0,66.6,340.0
2023-03-12,551.0,93.8,486.0,,312.0,74.4,102.0,736.0,66.2,335.0
2023-03-13,593.0,100.0,494.0,587.0,327.0,73.1,99.5,731.0,66.0,331.0
2023-03-14,641.0,114.0,523.0,588.0,352.0,71.6,96.8,728.0,67.2,328.0
2023-03-15,640.0,115.0,516.0,588.0,382.0,70.1,94.4,727.0,69.1,325.0
2023-03-16,597.0,105.0,495.0,589.0,408.0,68.3,92.3,726.0,69.6,323.0
2023-03-17,590.0,103.0,499.0,613.0,439.0,66.7,90.9,,79.2,339.0
2023-03-18,676.0,119.0,517.0,683.0,490.0,65.1,91.1,774.0,81.1,400.0
2023-03-19,824.0,147.0,590.0,793.0,541.0,63.2,89.9,808.0,85.9,462.0
2023-03-20,,120.0,528.0,810.0,508.0,61.5,,811.0,74.4,438.0
2023-03-21,717.0,124.0,538.0,836.0,501.0,60.5,89.9,789.0,77.6,420.0
2023-03-22,796.0,157.0,570.0,967.0,544.0,67.1,92.7,753.0,90.6,416.0
2023-03-23,1010.0,218.0,658.0,1240.0,621.0,88.7,108.0,721.0,155.0,527.0
2023-03-24,1360.0,281.0,794.0,2000.0,997.0,119.0,155.0,710.0,265.0,1060.0
2023-03-25,1290.0,273.0,814.0,1840.0,981.0,98.5,170.0,722.0,170.0,1060.0
2023-03-26,1120.0,236.0,770.0,1520.0,1020.0,93.9,152.0,750.0,149.0,926.0
2023-03-27,1040.0,232.0,729.0,1680.0,1150.0,90.9,141.0,790.0,155.0,896.0
2023-03-28,1220.0,269.0,801.0,2080.0,1130.0,106.0,140.0,841.0,175.0,1090.0
2023-03-29,1190.0,273.0,792.0,1940.0,1050.0,98.7,132.0,880.0,163.0,1000.0
2023-03-30,1230.0,278.0,811.0,2020.0,1000.0,103.0,126.0,,177.0,1080.0
2023-03-31,1070.0,230.0,744.0,1610.0,886.0,90.4,112.0,914.0,143.0,887.0
2023-04-01,1280.0,,828.0,1820.0,910.0,105.0,148.0,948.0,190.0,964.0
2023-04-02,2110.0,452.0,1110.0,2490.0,1180.0,170.0,190.0,993.0,236.0,1290.0
2023-04-03,1730.0,401.0,1000.0,2090.0,1100.0,130.0,155.0,1050.0,180.0,1080.0
2023-04-04,1780.0,413.0,977.0,1930.0,986.0,125.0,148.0,1110.0,179.0,1020.0
2023-04-05,2150.0,466.0,1080.0,2180.0,902.0,151.0,168.0,1180.0,212.0,1240.0
2023-04-06,2410.0,525.0,1150.0,2210.0,876.0,194.0,284.0,1260.0,269.0,1250.0
2023-04-07,4300.0,726.0,2120.0,2960.0,923.0,453.0,501.0,1370.0,430.0,1670.0
2023-04-08,3300.0,663.0,1770.0,2800.0,958.0,277.0,422.0,1500.0,305.0,1550.0
2023-04-09,2490.0,495.0,1490.0,2280.0,906.0,220.0,387.0,1690.0,272.0,1330.0
2023-04-10,2340.0,420.0,1480.0,2390.0,818.0,270.0,528.0,1980.0,394.0,1550.0
2023-04-11,3140.0,474.0,1970.0,3290.0,757.0,617.0,1210.0,2460.0,789.0,2500.0
2023-04-12,5500.0,618.0,3780.0,4930.0,758.0,1240.0,2530.0,3300.0,1460.0,4260.0
2023-04-13,5970.0,666.0,4450.0,5220.0,791.0,1360.0,2920.0,4760.0,1590.0,4440.0
2023-04-14,,609.0,7130.0,6060.0,806.0,2080.0,4560.0,7560.0,2230.0,5730.0
2023-04-15,7560.0,481.0,6130.0,5610.0,765.0,1270.0,3990.0,13400.0,1630.0,4810.0
2023-04-16,5880.0,334.0,4980.0,4210.0,728.0,1110.0,3340.0,21600.0,1360.0,3920.0
2023-04-17,5620.0,265.0,5400.0,3700.0,694.0,1230.0,3080.0,25100.0,1440.0,3700.0
2023-04-18,5140.0,270.0,5340.0,4570.0,958.0,983.0,2460.0,30300.0,1410.0,4520.0
2023-04-19,3670.0,232.0,3240.0,3340.0,1010.0,546.0,1400.0,30100.0,722.0,3000.0
2023-04-20,2680.0,187.0,2360.0,2360.0,867.0,369.0,830.0,24200.0,450.0,2080.0
2023-04-21,2130.0,160.0,2000.0,1890.0,714.0,320.0,640.0,16900.0,366.0,1540.0
2023-04-22,1860.0,141.0,1810.0,1650.0,602.0,304.0,650.0,13200.0,357.0,1290.0
2023-04-23,3280.0,556.0,1950.0,1500.0,520.0,322.0,677.0,13700.0,352.0,936.0
2023-04-24,7100.0,1100.0,5100.0,2050.0,461.0,1230.0,990.0,16200.0,651.0,1430.0
2023-04-25,4920.0,974.0,4550.0,3540.0,423.0,943.0,963.0,19200.0,699.0,2670.0
2023-04-26,4380.0,678.0,3930.0,3390.0,402.0,726.0,1100.0,17500.0,559.0,2510.0
2023-04-27,3510.0,456.0,2970.0,2410.0,384.0,470.0,847.0,14500.0,422.0,1860.0
2023-04-28,3050.0,344.0,2510.0,2000.0,360.0,365.0,718.0,11800.0,367.0,1500.0
2023-04-29,2600.0,269.0,2230.0,1680.0,335.0,333.0,579.0,10200.0,320.0,1300.0
2023-04-30,2620.0,331.0,2770.0,1820.0,315.0,932.0,613.0,9670.0,610.0,1570.0
2023-05-01,14700.0,1610.0,20400.0,21600.0,1060.0,7260.0,1850.0,10400.0,5710.0,22900.0
2023-05-02,9080.0,1410.0,8740.0,17100.0,1780.0,1570.0,1730.0,14700.0,1340.0,9480.0
2023-05-03,9450.0,1200.0,11300.0,8070.0,1520.0,2890.0,2320.0,12900.0,2210.0,6240.0
2023-05-04,6560.0,981.0,8690.0,7440.0,1180.0,1440.0,1350.0,9670.0,1310.0,4920.0
2023-05-05,4460.0,711.0,5140.0,4780.0,898.0,859.0,841.0,7360.0,701.0,3220.0
2023-05-06,3640.0,485.0,3940.0,3430.0,711.0,605.0,622.0,5820.0,481.0,2430.0
2023-05-07,3210.0,345.0,3360.0,2700.0,580.0,511.0,520.0,4660.0,386.0,1940.0
2023-05-08,2880.0,269.0,2940.0,2240.0,485.0,428.0,439.0,3730.0,322.0,1510.0
2023-05-09,2430.0,217.0,2430.0,1860.0,405.0,322.0,361.0,2960.0,259.0,1040.0
2023-05-10,1970.0,180.0,2000.0,1580.0,352.0,261.0,307.0,2420.0,219.0,804.0
2023-05-11,1720.0,157.0,1810.0,1370.0,322.0,255.0,270.0,2010.0,195.0,720.0
2023-05-12,1650.0,138.0,1830.0,1210.0,287.0,273.0,256.0,1710.0,186.0,725.0
2023-05-13,1590.0,121.0,1760.0,1100.0,266.0,257.0,248.0,1490.0,176.0,726.0
2023-05-14,1390.0,108.0,1530.0,946.0,242.0,206.0,210.0,1320.0,154.0,644.0
2023-05-15,1190.0,96.1,1260.0,841.0,223.0,167.0,186.0,1140.0,137.0,552.0
2023-05-16,1070.0,89.2,1130.0,767.0,212.0,157.0,171.0,996.0,126.0,515.0
2023-05-17,990.0,83.1,1100.0,715.0,204.0,147.0,168.0,1230.0,117.0,514.0
2023-05-18,905.0,78.9,990.0,641.0,192.0,126.0,157.0,1590.0,109.0,510.0
2023-05-19,829.0,74.6,905.0,596.0,179.0,115.0,143.0,1420.0,102.0,452.0
2023-05-20,819.0,85.4,896.0,574.0,174.0,128.0,139.0,1160.0,107.0,505.0
2023-05-21,3740.0,305.0,2610.0,3050.0,645.0,576.0,341.0,1070.0,484.0,2040.0
2023-05-22,2230.0,216.0,1570.0,2040.0,908.0,240.0,226.0,1190.0,206.0,1410.0
2023-05-23,1440.0,132.0,1170.0,1280.0,748.0,172.0,166.0,1110.0,146.0,916.0
2023-05-24,1180.0,103.0,1030.0,990.0,559.0,188.0,166.0,934.0,150.0,732.0
2023-05-25,1270.0,94.6,1130.0,1300.0,431.0,302.0,414.0,993.0,305.0,1130.0
2023-05-26,1100.0,86.3,961.0,1240.0,353.0,173.0,244.0,1230.0,181.0,898.0
2023-05-27,941.0,77.3,845.0,923.0,301.0,136.0,174.0,1220.0,139.0,625.0
2023-05-28,837.0,71.6,774.0,775.0,263.0,119.0,141.0,977.0,114.0,482.0
2023-05-29,746.0,62.4,712.0,661.0,230.0,106.0,118.0,785.0,94.9,410.0
2023-05-30,671.0,54.6,653.0,562.0,199.0,93.3,104.0,642.0,84.8,366.0
2023-05-31,617.0,48.8,609.0,505.0,178.0,85.6,94.0,540.0,77.7,339.0
2023-06-01,566.0,43.8,569.0,462.0,163.0,77.8,83.6,469.0,69.7,315.0
2023-06-02,566.0,40.4,541.0,420.0,151.0,74.0,80.5,425.0,76.6,297.0
2023-06-03,738.0,45.1,766.0,595.0,146.0,126.0,87.1,379.0,135.0,426.0
2023-06-04,690.0,57.6,669.0,694.0,155.0,114.0,75.1,348.0,103.0,498.0
2023-06-05,630.0,60.5,752.0,1260.0,285.0,220.0,78.1,329.0,175.0,1080.0
2023-06-06,589.0,57.3,752.0,1350.0,409.0,206.0,77.4,324.0,199.0,1270.0
2023-06-07,563.0,49.3,674.0,952.0,465.0,155.0,81.3,386.0,142.0,962.0
2023-06-08,732.0,46.0,717.0,832.0,509.0,145.0,128.0,688.0,148.0,878.0
2023-06-09,743.0,54.0,760.0,1490.0,476.0,190.0,189.0,1430.0,241.0,1880.0
2023-06-10,872.0,68.4,848.0,1710.0,417.0,254.0,232.0,2300.0,297.0,
2023-06-11,768.0,60.1,786.0,1490.0,411.0,210.0,166.0,2110.0,170.0,1190.0
2023-06-12,620.0,49.1,620.0,994.0,365.0,126.0,107.0,1570.0,121.0,850.0
2023-06-13,722.0,77.3,742.0,779.0,299.0,261.0,93.4,1140.0,107.0,688.0
2023-06-14,1060.0,113.0,1220.0,723.0,255.0,381.0,147.0,1130.0,212.0,655.0
2023-06-15,1120.0,96.5,1020.0,902.0,235.0,272.0,195.0,1850.0,490.0,901.0
2023-06-16,916.0,73.2,840.0,1080.0,253.0,201.0,230.0,2840.0,259.0,795.0
2023-06-17,1970.0,72.9,3050.0,2570.0,261.0,1640.0,578.0,2730.0,1160.0,2370.0
2023-06-18,2370.0,83.8,3150.0,7020.0,534.0,1290.0,970.0,7440.0,1870.0,7050.0
2023-06-19,1630.0,77.6,1920.0,4190.0,721.0,478.0,494.0,10200.0,650.0,3790.0
2023-06-20,1180.0,65.8,1400.0,2220.0,721.0,294.0,278.0,8310.0,371.0,2200.0
2023-06-21,950.0,52.5,1140.0,1620.0,588.0,221.0,195.0,5750.0,255.0,1490.0
2023-06-22,798.0,43.1,961.0,1220.0,439.0,171.0,152.0,3820.0,194.0,1040.0
2023-06-23,686.0,37.0,836.0,965.0,334.0,138.0,123.0,2710.0,153.0,721.0
2023-06-24,651.0,55.6,781.0,802.0,271.0,492.0,,2000.0,135.0,632.0
2023-06-25,1240.0,125.0,1530.0,893.0,259.0,715.0,321.0,2600.0,152.0,722.0
2023-06-26,1650.0,537.0,3000.0,891.0,292.0,1530.0,251.0,3480.0,1910.0,1170.0
2023-06-27,2710.0,622.0,4930.0,5500.0,563.0,1750.0,284.0,2890.0,1590.0,6000.0
2023-06-28,5140.0,691.0,4860.0,4810.0,704.0,1710.0,619.0,2400.0,1270.0,4810.0
2023-06-29,5150.0,528.0,5020.0,5320.0,732.0,1260.0,924.0,2770.0,1270.0,5080.0
2023-06-30,2990.0,368.0,2840.0,5270.0,672.0,755.0,470.0,3160.0,672.0,5180.0
2023-07-01,1940.0,213.0,2050.0,2730.0,592.0,409.0,,2470.0,373.0,2670.0
2023-07-02,1780.0,198.0,1890.0,2370.0,568.0,482.0,233.0,1810.0,499.0,1930.0
2023-07-03,3850.0,393.0,3190.0,3930.0,1060.0,867.0,265.0,1410.0,674.0,2050.0
2023-07-04,3460.0,412.0,2650.0,2600.0,1210.0,736.0,243.0,1150.0,507.0,1510.0
2023-07-05,3730.0,340.0,2310.0,2120.0,1080.0,375.0,312.0,942.0,462.0,1360.0
2023-07-06,2310.0,215.0,1710.0,1610.0,1060.0,251.0,184.0,789.0,250.0,947.0
2023-07-07,1620.0,145.0,1390.0,1220.0,787.0,197.0,139.0,692.0,227.0,815.0
2023-07-08,2310.0,145.0,1300.0,2010.0,566.0,240.0,127.0,624.0,332.0,1370.0
2023-07-09,4000.0,199.0,2480.0,1460.0,421.0,430.0,116.0,760.0,206.0,861.0
2023-07-10,7240.0,532.0,4420.0,1150.0,338.0,3010.0,775.0,1010.0,573.0,791.0
2023-07-11,12300.0,1340.0,9740.0,2620.0,333.0,1980.0,4480.0,1250.0,1410.0,3960.0
2023-07-12,5170.0,1130.0,3620.0,2240.0,322.0,546.0,1790.0,3310.0,448.0,2680.0
2023-07-13,3430.0,644.0,2440.0,1330.0,273.0,353.0,557.0,2920.0,262.0,
2023-07-14,3220.0,440.0,2110.0,1010.0,239.0,317.0,454.0,2130.0,214.0,1180.0
2023-07-15,2490.0,312.0,1730.0,852.0,217.0,348.0,760.0,2170.0,174.0,609.0
2023-07-16,3610.0,392.0,4490.0,992.0,213.0,2760.0,711.0,4270.0,2390.0,1380.0
2023-07-17,5310.0,450.0,5320.0,5020.0,1140.0,1010.0,1170.0,4340.0,1330.0,4280.0
2023-07-18,3550.0,288.0,2950.0,2370.0,1180.0,519.0,558.0,3640.0,809.0,2240.0
2023-07-19,5030.0,217.0,2480.0,2000.0,904.0,433.0,772.0,3730.0,1030.0,2340.0
2023-07-20,2920.0,180.0,1900.0,1530.0,689.0,275.0,421.0,3650.0,399.0,1080.0
2023-07-21,2250.0,144.0,1650.0,1070.0,505.0,233.0,337.0,2890.0,291.0,819.0
2023-07-22,2640.0,323.0,1650.0,927.0,380.0,242.0,894.0,2290.0,270.0,775.0
2023-07-23,1920.0,313.0,1370.0,870.0,298.0,180.0,489.0,2600.0,212.0,710.0
2023-07-24,1460.0,177.0,1170.0,746.0,248.0,143.0,302.0,2400.0,166.0,582.0
2023-07-25,1310.0,164.0,1080.0,638.0,211.0,145.0,233.0,1820.0,163.0,502.0
2023-07-26,1120.0,137.0,981.0,599.0,186.0,122.0,198.0,1370.0,131.0,450.0
2023-07-27,1050.0,116.0,957.0,528.0,170.0,130.0,469.0,1250.0,242.0,429.0
2023-07-28,2280.0,105.0,1280.0,687.0,166.0,171.0,1200.0,1280.0,293.0,747.0
2023-07-29,1300.0,97.6,1320.0,694.0,159.0,177.0,536.0,1130.0,158.0,440.0
2023-07-30,1650.0,173.0,2510.0,570.0,150.0,323.0,443.0,1050.0,160.0,403.0
2023-07-31,1210.0,136.0,1360.0,542.0,139.0,143.0,324.0,872.0,124.0,368.0
2023-08-01,991.0,103.0,1090.0,478.0,132.0,111.0,411.0,882.0,120.0,364.0
2023-08-02,854.0,86.9,931.0,443.0,127.0,91.8,260.0,851.0,97.9,325.0
2023-08-03,756.0,70.5,836.0,390.0,117.0,81.2,205.0,698.0,86.4,289.0
2023-08-04,1090.0,66.9,868.0,365.0,115.0,81.3,301.0,795.0,106.0,281.0
2023-08-05,1980.0,137.0,881.0,387.0,139.0,80.7,364.0,1620.0,143.0,319.0
2023-08-06,1180.0,125.0,747.0,413.0,146.0,66.3,231.0,2030.0,95.6,292.0
2023-08-07,921.0,99.2,693.0,336.0,140.0,61.2,172.0,1680.0,79.7,248.0
2023-08-08,4150.0,167.0,2980.0,2850.0,130.0,901.0,567.0,1760.0,2930.0,3950.0
2023-08-09,4960.0,215.0,2510.0,11300.0,155.0,513.0,1020.0,6300.0,1900.0,7390.0
2023-08-10,2650.0,139.0,1540.0,3390.0,150.0,229.0,483.0,5960.0,475.0,2850.0
2023-08-11,3970.0,160.0,2470.0,3650.0,,798.0,640.0,6590.0,683.0,2730.0
2023-08-12,2620.0,140.0,1590.0,2400.0,323.0,261.0,467.0,7220.0,320.0,1780.0
2023-08-13,1930.0,107.0,1240.0,1590.0,273.0,185.0,360.0,5790.0,276.0,1160.0
2023-08-14,1600.0,90.4,1110.0,2030.0,286.0,156.0,468.0,6280.0,331.0,3130.0
2023-08-15,1300.0,83.9,987.0,1530.0,246.0,129.0,311.0,5090.0,214.0,1970.0
2023-08-16,1220.0,90.7,933.0,1180.0,219.0,120.0,243.0,3900.0,183.0,1290.0
2023-08-17,1240.0,86.3,890.0,1030.0,195.0,117.0,218.0,2970.0,205.0,893.0
2023-08-18,1710.0,110.0,1160.0,995.0,177.0,209.0,208.0,2490.0,248.0,884.0
2023-08-19,2290.0,237.0,1590.0,1700.0,,213.0,224.0,7400.0,259.0,1620.0
2023-08-20,,137.0,1130.0,1300.0,,128.0,638.0,8610.0,227.0,1050.0
2023-08-21,1200.0,101.0,936.0,1030.0,183.0,97.6,407.0,5950.0,176.0,921.0
2023-08-22,998.0,81.8,813.0,823.0,162.0,83.2,242.0,4050.0,139.0,857.0
2023-08-23,856.0,67.5,724.0,691.0,137.0,71.9,180.0,2900.0,115.0,680.0
2023-08-24,760.0,57.3,665.0,585.0,122.0,65.1,151.0,2200.0,100.0,592.0
2023-08-25,1500.0,147.0,977.0,606.0,124.0,223.0,205.0,1780.0,467.0,645.0
2023-08-26,2070.0,228.0,1190.0,2250.0,301.0,189.0,533.0,1900.0,669.0,1410.0
2023-08-27,1450.0,138.0,918.0,1470.0,330.0,116.0,290.0,1820.0,285.0,778.0
2023-08-28,1170.0,119.0,829.0,996.0,248.0,99.8,210.0,1470.0,226.0,565.0
2023-08-29,1130.0,119.0,735.0,801.0,200.0,82.9,164.0,1200.0,169.0,464.0
2023-08-30,1280.0,169.0,823.0,704.0,360.0,107.0,192.0,1450.0,226.0,442.0
2023-08-31,1780.0,183.0,1000.0,822.0,630.0,114.0,308.0,9050.0,258.0,579.0
2023-09-01,1230.0,122.0,765.0,728.0,393.0,76.9,180.0,7980.0,157.0,463.0
2023-09-02,963.0,94.3,661.0,571.0,,66.3,141.0,5320.0,130.0,387.0
2023-09-03,837.0,79.5,604.0,512.0,211.0,60.0,122.0,3340.0,116.0,347.0
2023-09-04,742.0,70.7,557.0,480.0,175.0,55.3,111.0,2230.0,107.0,316.0
2023-09-05,671.0,62.5,522.0,450.0,152.0,51.0,101.0,1670.0,95.5,293.0
2023-09-06,607.0,55.5,491.0,413.0,136.0,46.9,90.1,1320.0,85.5,270.0
2023-09-07,554.0,48.4,462.0,374.0,121.0,43.6,82.2,1090.0,78.4,253.0
2023-09-08,564.0,44.2,458.0,362.0,112.0,42.6,83.2,1190.0,80.2,274.0
2023-09-09,820.0,,473.0,394.0,107.0,41.1,108.0,1760.0,82.4,313.0
2023-09-10,717.0,51.9,435.0,370.0,106.0,40.4,105.0,1760.0,75.2,280.0
2023-09-11,843.0,75.1,480.0,342.0,154.0,72.8,317.0,2240.0,116.0,283.0
2023-09-12,1360.0,136.0,846.0,550.0,199.0,241.0,354.0,3950.0,196.0,410.0
2023-09-13,1790.0,160.0,1360.0,1240.0,276.0,440.0,410.0,3620.0,249.0,1290.0
2023-09-14,1950.0,186.0,1900.0,4800.0,533.0,424.0,239.0,3810.0,279.0,3150.0
2023-09-15,1160.0,129.0,1060.0,1920.0,976.0,148.0,172.0,3920.0,142.0,1910.0
2023-09-16,899.0,97.5,816.0,1130.0,1480.0,98.8,135.0,3050.0,107.0,1070.0
2023-09-17,757.0,79.6,681.0,820.0,3200.0,75.9,113.0,2320.0,89.0,629.0
2023-09-18,746.0,81.1,670.0,689.0,2770.0,121.0,114.0,1840.0,164.0,495.0
2023-09-19,2720.0,181.0,3880.0,8180.0,2410.0,1760.0,1260.0,7320.0,1820.0,6980.0
2023-09-20,2350.0,156.0,2340.0,4480.0,1870.0,427.0,1290.0,24700.0,533.0,3990.0
2023-09-21,1500.0,109.0,1490.0,2220.0,1330.0,217.0,519.0,19700.0,276.0,2140.0
2023-09-22,1130.0,86.9,1160.0,1560.0,958.0,151.0,323.0,13300.0,193.0,1340.0
2023-09-23,962.0,74.2,991.0,1220.0,733.0,125.0,246.0,8030.0,160.0,691.0
2023-09-24,867.0,66.9,886.0,1020.0,587.0,107.0,204.0,5040.0,143.0,551.0
2023-09-25,779.0,61.3,805.0,891.0,482.0,95.0,175.0,3530.0,128.0,507.0
2023-09-26,702.0,54.7,730.0,765.0,402.0,84.4,151.0,2730.0,112.0,461.0
2023-09-27,638.0,47.6,673.0,652.0,345.0,77.2,135.0,2220.0,102.0,425.0
2023-09-28,594.0,42.7,631.0,576.0,301.0,71.8,123.0,1830.0,94.9,397.0
2023-09-29,567.0,41.2,601.0,533.0,271.0,68.3,115.0,1540.0,91.4,378.0
2023-09-30,609.0,61.8,586.0,511.0,251.0,66.8,111.0,1350.0,88.2,362.0
2023-10-01,575.0,76.3,556.0,491.0,234.0,61.3,102.0,1190.0,81.7,345.0
2023-10-02,515.0,60.2,520.0,466.0,217.0,57.0,93.6,1060.0,77.8,323.0
2023-10-03,473.0,48.3,492.0,436.0,200.0,53.8,87.5,943.0,72.7,300.0
2023-10-04,445.0,42.3,468.0,403.0,187.0,50.8,82.9,854.0,69.1,284.0
2023-10-05,420.0,38.4,449.0,379.0,177.0,49.2,79.0,778.0,66.5,273.0
2023-10-06,403.0,37.2,439.0,369.0,172.0,49.1,75.2,712.0,65.5,313.0
2023-10-07,420.0,43.3,493.0,405.0,,212.0,77.3,662.0,93.2,563.0
2023-10-08,858.0,113.0,1330.0,2840.0,1490.0,529.0,140.0,3760.0,325.0,4530.0
2023-10-09,932.0,130.0,894.0,1920.0,1590.0,155.0,152.0,10100.0,156.0,2530.0
2023-10-10,682.0,96.5,665.0,1130.0,1270.0,106.0,104.0,7540.0,113.0,1560.0
2023-10-11,592.0,81.8,586.0,850.0,943.0,89.3,87.9,5020.0,98.0,998.0
2023-10-12,538.0,71.7,544.0,703.0,708.0,82.0,83.0,3700.0,92.0,548.0
2023-10-13,501.0,68.0,511.0,644.0,585.0,77.4,90.1,3300.0,86.0,514.0
2023-10-14,469.0,106.0,485.0,596.0,488.0,71.6,101.0,2870.0,82.4,488.0
2023-10-15,442.0,86.3,466.0,563.0,419.0,67.6,90.0,2470.0,78.9,466.0
2023-10-16,437.0,70.6,,560.0,387.0,88.6,121.0,2400.0,95.8,475.0
2023-10-17,738.0,59.5,599.0,648.0,412.0,105.0,158.0,2690.0,124.0,787.0
2023-10-18,569.0,51.9,511.0,703.0,405.0,83.9,122.0,2530.0,102.0,657.0
2023-10-19,491.0,47.7,471.0,623.0,375.0,75.2,105.0,2150.0,90.4,581.0
2023-10-20,457.0,46.2,448.0,559.0,341.0,71.9,93.9,1840.0,83.9,825.0
2023-10-21,1790.0,207.0,730.0,563.0,413.0,541.0,163.0,1690.0,108.0,713.0
2023-10-22,6690.0,487.0,2690.0,2180.0,1330.0,788.0,1270.0,2380.0,664.0,2590.0
2023-10-23,3540.0,369.0,1620.0,4090.0,1940.0,414.0,1400.0,3570.0,578.0,3330.0
2023-10-24,2280.0,219.0,1160.0,2150.0,1850.0,223.0,618.0,3540.0,254.0,1910.0
2023-10-25,1630.0,153.0,929.0,1470.0,1510.0,165.0,393.0,2920.0,188.0,1290.0
2023-10-26,1300.0,123.0,815.0,1190.0,1110.0,137.0,308.0,2440.0,160.0,867.0
2023-10-27,1100.0,109.0,730.0,1020.0,857.0,120.0,256.0,2240.0,143.0,780.0
2023-10-28,979.0,97.1,672.0,911.0,706.0,109.0,228.0,2430.0,132.0,705.0
2023-10-29,885.0,88.8,620.0,823.0,589.0,98.3,199.0,2760.0,118.0,567.0
2023-10-30,1100.0,140.0,689.0,810.0,521.0,158.0,241.0,2420.0,151.0,586.0
2023-10-31,2180.0,229.0,991.0,1120.0,560.0,200.0,325.0,2180.0,169.0,697.0
2023-11-01,1430.0,168.0,851.0,948.0,509.0,131.0,233.0,2000.0,137.0,667.0
2023-11-02,1140.0,133.0,709.0,821.0,453.0,109.0,198.0,1780.0,123.0,610.0
2023-11-03,994.0,114.0,638.0,738.0,407.0,99.0,183.0,1590.0,115.0,563.0
2023-11-04,915.0,103.0,604.0,699.0,379.0,93.7,210.0,1610.0,120.0,558.0
2023-11-05,855.0,96.6,579.0,703.0,358.0,89.1,261.0,1990.0,134.0,590.0
2023-11-06,797.0,89.3,550.0,692.0,338.0,83.0,222.0,1880.0,121.0,555.0
2023-11-07,824.0,84.7,566.0,669.0,333.0,91.2,213.0,1770.0,133.0,553.0
2023-11-08,914.0,81.7,575.0,760.0,340.0,94.2,298.0,3170.0,173.0,654.0
2023-11-09,846.0,79.7,547.0,741.0,309.0,83.0,223.0,3450.0,133.0,578.0
2023-11-10,829.0,81.7,538.0,659.0,300.0,81.5,196.0,2790.0,121.0,528.0
2023-11-11,895.0,88.4,543.0,634.0,289.0,79.9,192.0,2410.0,117.0,499.0
2023-11-12,812.0,86.4,503.0,599.0,271.0,71.4,167.0,2110.0,105.0,455.0
2023-11-13,726.0,79.8,473.0,560.0,259.0,62.7,148.0,1730.0,94.1,416.0
2023-11-14,704.0,76.9,469.0,533.0,250.0,68.0,148.0,1360.0,98.2,395.0
2023-11-15,685.0,75.1,462.0,529.0,239.0,64.6,143.0,1350.0,94.6,385.0
2023-11-16,656.0,72.8,452.0,517.0,235.0,64.3,142.0,1330.0,92.9,381.0
2023-11-17,638.0,70.3,445.0,508.0,231.0,64.3,144.0,1270.0,90.8,375.0
2023-11-18,802.0,72.0,482.0,567.0,241.0,72.0,224.0,1450.0,115.0,430.0
2023-11-19,988.0,72.4,534.0,734.0,288.0,67.5,222.0,1890.0,113.0,505.0
2023-11-20,801.0,68.6,472.0,650.0,323.0,59.7,167.0,1630.0,94.0,438.0
2023-11-21,660.0,62.6,414.0,561.0,328.0,46.7,102.0,1120.0,63.5,346.0
2023-11-22,826.0,99.7,469.0,533.0,406.0,61.4,131.0,921.0,84.8,343.0
2023-11-23,1290.0,207.0,586.0,851.0,1080.0,102.0,163.0,960.0,124.0,540.0
2023-11-24,1180.0,205.0,568.0,992.0,1010.0,87.1,149.0,931.0,111.0,626.0
2023-11-25,932.0,155.0,474.0,785.0,852.0,54.7,96.8,698.0,67.7,498.0
2023-11-26,816.0,124.0,452.0,615.0,681.0,66.5,88.7,628.0,80.1,416.0
2023-11-27,1980.0,335.0,947.0,2260.0,747.0,375.0,125.0,775.0,347.0,1510.0
2023-11-28,2120.0,394.0,1080.0,3010.0,1010.0,227.0,,737.0,232.0,2100.0
2023-11-29,1370.0,263.0,775.0,1590.0,914.0,118.0,122.0,659.0,127.0,1330.0
2023-11-30,1090.0,194.0,661.0,1110.0,754.0,102.0,121.0,644.0,115.0,914.0
2023-12-01,989.0,164.0,637.0,956.0,628.0,91.9,133.0,711.0,113.0,869.0
2023-12-02,1090.0,163.0,672.0,1100.0,573.0,131.0,190.0,748.0,172.0,1010.0
2023-12-03,1210.0,166.0,743.0,1240.0,534.0,134.0,263.0,690.0,176.0,929.0
2023-12-04,1360.0,186.0,777.0,1200.0,510.0,126.0,210.0,618.0,158.0,850.0
2023-12-05,1210.0,176.0,703.0,1110.0,494.0,101.0,179.0,563.0,124.0,649.0
2023-12-06,1020.0,149.0,628.0,857.0,423.0,76.9,121.0,519.0,86.2,397.0
2023-12-07,825.0,115.0,521.0,597.0,356.0,64.3,144.0,488.0,87.8,364.0
2023-12-08,861.0,109.0,,525.0,326.0,79.2,125.0,478.0,95.4,361.0
2023-12-09,861.0,107.0,578.0,495.0,304.0,82.4,115.0,501.0,106.0,358.0
2023-12-10,877.0,120.0,606.0,708.0,364.0,115.0,122.0,580.0,147.0,457.0
2023-12-11,9570.0,711.0,6340.0,7820.0,2530.0,2130.0,733.0,673.0,1860.0,4840.0
2023-12-12,5590.0,831.0,3330.0,6270.0,6600.0,484.0,575.0,673.0,613.0,3780.0
2023-12-13,3220.0,516.0,2090.0,3120.0,5810.0,269.0,347.0,617.0,328.0,2270.0
2023-12-14,2290.0,304.0,1590.0,2200.0,3440.0,171.0,244.0,563.0,217.0,1410.0
2023-12-15,1820.0,215.0,1380.0,1640.0,2160.0,172.0,216.0,534.0,221.0,1100.0
2023-12-16,1640.0,188.0,1310.0,1410.0,1580.0,178.0,220.0,541.0,222.0,976.0
2023-12-17,1460.0,170.0,1200.0,1340.0,1250.0,158.0,218.0,703.0,191.0,834.0
2023-12-18,21200.0,1350.0,21200.0,13700.0,1490.0,12600.0,2510.0,2070.0,9990.0,16800.0
2023-12-19,21800.0,1940.0,17600.0,37500.0,3130.0,1700.0,5810.0,14500.0,2320.0,24100.0
2023-12-20,7260.0,1160.0,5190.0,9680.0,3510.0,601.0,1570.0,14600.0,750.0,6100.0
2023-12-21,4600.0,641.0,3420.0,4550.0,2690.0,376.0,648.0,10700.0,410.0,3180.0
2023-12-22,3400.0,368.0,2520.0,2900.0,1820.0,270.0,349.0,7930.0,265.0,1650.0
2023-12-23,2740.0,272.0,2110.0,2210.0,1300.0,216.0,,5840.0,230.0,1390.0
2023-12-24,2360.0,238.0,1870.0,1940.0,1080.0,182.0,253.0,4430.0,221.0,
2023-12-25,2020.0,218.0,1660.0,1780.0,942.0,161.0,268.0,3510.0,210.0,1150.0
2023-12-26,1790.0,207.0,1510.0,1680.0,851.0,150.0,257.0,,199.0,990.0
2023-12-27,1970.0,211.0,1440.0,1760.0,795.0,157.0,383.0,2940.0,236.0,821.0
2023-12-28,2500.0,261.0,1450.0,2080.0,829.0,176.0,593.0,2830.0,256.0,941.0
2023-12-29,2710.0,322.0,1790.0,2940.0,1370.0,269.0,667.0,2670.0,395.0,1460.0
2023-12-30,3080.0,310.0,1900.0,3100.0,1660.0,253.0,781.0,2520.0,,1700.0
2023-12-31,2460.0,262.0,1570.0,2400.0,1520.0,204.0,,2200.0,249.0,1390.0
2024-01-01,1820.0,202.0,1270.0,1830.0,1250.0,171.0,309.0,1810.0,168.0,980.0
2024-01-02,1440.0,158.0,1100.0,1350.0,976.0,147.0,215.0,1510.0,149.0,709.0
2024-01-03,1410.0,146.0,1090.0,1080.0,768.0,129.0,174.0,1310.0,139.0,628.0
2024-01-04,1330.0,139.0,1010.0,910.0,636.0,118.0,153.0,1080.0,133.0,577.0
2024-01-05,1010.0,101.0,782.0,806.0,538.0,111.0,140.0,716.0,128.0,529.0
2024-01-06,1020.0,118.0,872.0,,480.0,105.0,131.0,566.0,125.0,491.0
2024-01-07,982.0,110.0,854.0,698.0,442.0,101.0,125.0,508.0,122.0,459.0
2024-01-08,924.0,117.0,805.0,661.0,407.0,98.1,122.0,489.0,120.0,437.0
2024-01-09,894.0,99.6,762.0,646.0,373.0,103.0,120.0,496.0,120.0,424.0
2024-01-10,1960.0,248.0,1050.0,924.0,1160.0,298.0,163.0,602.0,141.0,509.0
2024-01-11,3010.0,498.0,1810.0,1420.0,2190.0,284.0,259.0,755.0,144.0,706.0
2024-01-12,1800.0,411.0,1250.0,1300.0,1950.0,208.0,204.0,811.0,135.0,596.0
2024-01-13,1660.0,451.0,1140.0,1240.0,1860.0,183.0,176.0,796.0,131.0,531.0
2024-01-14,2230.0,537.0,1210.0,1430.0,2530.0,170.0,170.0,770.0,129.0,601.0
2024-01-15,1450.0,329.0,970.0,1240.0,1800.0,161.0,153.0,745.0,125.0,587.0
2024-01-16,1250.0,237.0,891.0,1080.0,1340.0,154.0,141.0,721.0,121.0,529.0
2024-01-17,1230.0,200.0,856.0,972.0,1010.0,,134.0,697.0,118.0,485.0
2024-01-18,1110.0,169.0,822.0,883.0,761.0,,129.0,674.0,116.0,454.0
2024-01-19,1120.0,146.0,789.0,817.0,672.0,134.0,124.0,653.0,113.0,429.0
2024-01-20,964.0,131.0,755.0,764.0,599.0,129.0,121.0,632.0,111.0,406.0
2024-01-21,1010.0,120.0,722.0,714.0,544.0,123.0,118.0,612.0,109.0,385.0
2024-01-22,1080.0,113.0,699.0,671.0,494.0,118.0,115.0,593.0,,367.0
2024-01-23,1090.0,118.0,714.0,633.0,534.0,114.0,112.0,574.0,113.0,353.0
2024-01-24,958.0,115.0,696.0,604.0,466.0,110.0,110.0,555.0,111.0,342.0
2024-01-25,1170.0,145.0,737.0,599.0,566.0,107.0,111.0,538.0,106.0,359.0
2024-01-26,1740.0,256.0,858.0,646.0,617.0,103.0,117.0,521.0,102.0,391.0
2024-01-27,,331.0,776.0,631.0,572.0,100.0,113.0,505.0,98.3,379.0
2024-01-28,1150.0,288.0,733.0,592.0,523.0,97.1,107.0,489.0,,368.0
2024-01-29,991.0,241.0,709.0,564.0,495.0,94.1,103.0,475.0,90.0,360.0
2024-01-30,876.0,197.0,656.0,536.0,380.0,91.4,98.1,460.0,85.9,353.0
2024-01-31,815.0,171.0,624.0,509.0,361.0,88.8,95.2,445.0,82.4,347.0
2024-02-01,783.0,158.0,602.0,486.0,379.0,86.3,93.4,430.0,79.1,340.0
2024-02-02,747.0,149.0,591.0,470.0,386.0,84.0,91.8,416.0,76.1,334.0
2024-02-03,707.0,141.0,567.0,454.0,366.0,81.8,90.3,402.0,73.5,328.0
2024-02-04,606.0,125.0,513.0,440.0,297.0,79.8,89.0,389.0,71.1,324.0
2024-02-05,598.0,117.0,482.0,426.0,287.0,77.9,87.6,375.0,69.1,322.0
2024-02-06,557.0,113.0,497.0,415.0,295.0,76.1,86.4,363.0,67.5,319.0
2024-02-07,555.0,109.0,497.0,411.0,280.0,74.4,85.1,351.0,65.9,318.0
2024-02-08,567.0,110.0,517.0,410.0,266.0,72.9,84.0,338.0,64.4,317.0
2024-02-09,535.0,106.0,500.0,416.0,256.0,72.1,82.8,328.0,63.4,320.0
2024-02-10,535.0,110.0,505.0,451.0,267.0,82.6,88.3,326.0,68.4,338.0
2024-02-11,822.0,151.0,686.0,551.0,297.0,138.0,180.0,349.0,114.0,397.0
2024-02-12,894.0,180.0,695.0,694.0,320.0,132.0,176.0,373.0,97.8,421.0
2024-02-13,777.0,166.0,626.0,649.0,326.0,118.0,141.0,371.0,83.6,402.0
2024-02-14,662.0,140.0,571.0,590.0,303.0,106.0,125.0,354.0,78.7,377.0
2024-02-15,508.0,100.0,493.0,547.0,218.0,96.4,117.0,337.0,76.4,357.0
2024-02-16,579.0,126.0,536.0,509.0,255.0,88.5,112.0,321.0,74.5,341.0
2024-02-17,499.0,107.0,473.0,480.0,233.0,82.5,108.0,305.0,72.7,331.0
2024-02-18,419.0,97.7,443.0,456.0,216.0,77.9,104.0,291.0,70.7,323.0
2024-02-19,403.0,96.5,480.0,437.0,209.0,74.4,101.0,279.0,68.9,318.0
2024-02-20,344.0,81.3,392.0,423.0,,71.8,98.2,268.0,66.9,312.0
2024-02-21,401.0,85.8,423.0,407.0,180.0,69.7,95.6,259.0,65.2,307.0
2024-02-22,410.0,88.2,434.0,394.0,197.0,68.1,93.4,250.0,63.5,303.0
2024-02-23,389.0,91.9,461.0,383.0,201.0,67.1,91.6,243.0,,300.0
2024-02-24,371.0,88.6,428.0,378.0,214.0,66.4,90.1,238.0,60.4,300.0
2024-02-25,251.0,67.7,312.0,373.0,179.0,66.1,88.8,233.0,59.0,300.0
2024-02-26,344.0,86.1,423.0,373.0,181.0,66.1,87.8,230.0,57.9,299.0
2024-02-27,335.0,88.9,435.0,389.0,196.0,67.7,87.0,252.0,58.3,311.0
2024-02-28,514.0,138.0,528.0,583.0,481.0,121.0,114.0,336.0,87.2,477.0
2024-02-29,2350.0,316.0,1330.0,1790.0,1750.0,311.0,536.0,469.0,232.0,1340.0
2024-03-01,1390.0,219.0,901.0,1560.0,1590.0,126.0,617.0,650.0,172.0,1860.0
2024-03-02,1060.0,185.0,842.0,1200.0,1240.0,118.0,413.0,898.0,154.0,1560.0
2024-03-03,1680.0,381.0,1460.0,1260.0,1480.0,297.0,370.0,1240.0,306.0,1570.0
2024-03-04,3140.0,535.0,2070.0,1720.0,1700.0,334.0,600.0,1700.0,454.0,1990.0
2024-03-05,3180.0,528.0,1900.0,2460.0,1400.0,383.0,615.0,2270.0,455.0,2080.0
2024-03-06,8530.0,750.0,4370.0,5220.0,1300.0,1090.0,1080.0,2740.0,1110.0,3540.0
2024-03-07,17700.0,1570.0,10100.0,12900.0,2050.0,2690.0,4400.0,2950.0,3160.0,8940.0
2024-03-08,9260.0,1370.0,5460.0,9030.0,2700.0,844.0,2260.0,2900.0,1040.0,4880.0
2024-03-09,5010.0,831.0,3380.0,4520.0,2200.0,491.0,1010.0,2730.0,582.0,2900.0
2024-03-10,4670.0,681.0,2910.0,4610.0,2280.0,,629.0,2540.0,542.0,2300.0
2024-03-11,4420.0,667.0,2690.0,4820.0,3690.0,340.0,545.0,2340.0,441.0,2440.0
2024-03-12,2980.0,502.0,2050.0,3240.0,3000.0,251.0,399.0,2170.0,301.0,1800.0
2024-03-13,2380.0,399.0,1790.0,2600.0,2160.0,224.0,345.0,2010.0,276.0,1490.0
2024-03-14,2250.0,384.0,1770.0,2540.0,1570.0,254.0,430.0,1900.0,339.0,1510.0
2024-03-15,3820.0,529.0,2380.0,3140.0,1260.0,417.0,484.0,1820.0,464.0,1810.0
2024-03-16,3800.0,572.0,2290.0,3100.0,1140.0,333.0,466.0,1760.0,371.0,1770.0
2024-03-17,3210.0,468.0,2230.0,2910.0,1090.0,373.0,465.0,1700.0,450.0,1940.0
2024-03-18,3180.0,390.0,2300.0,3430.0,1260.0,354.0,497.0,1640.0,432.0,2310.0
2024-03-19,2290.0,318.0,,2470.0,1160.0,257.0,376.0,1560.0,296.0,1760.0
2024-03-20,1780.0,260.0,1650.0,2030.0,1020.0,214.0,288.0,1440.0,242.0,1390.0
2024-03-21,1520.0,225.0,1500.0,1730.0,1050.0,166.0,225.0,1280.0,214.0,1090.0
2024-03-22,1160.0,189.0,1280.0,,950.0,138.0,177.0,1170.0,143.0,829.0
2024-03-23,1190.0,137.0,1150.0,984.0,884.0,164.0,152.0,1090.0,126.0,725.0
2024-03-24,1210.0,151.0,1100.0,996.0,2910.0,160.0,143.0,1070.0,115.0,727.0
2024-03-25,1150.0,205.0,1220.0,1440.0,2390.0,151.0,146.0,1100.0,109.0,770.0
2024-03-26,1030.0,207.0,1130.0,1310.0,,145.0,215.0,1220.0,118.0,805.0
2024-03-27,1120.0,234.0,1200.0,1590.0,1540.0,168.0,378.0,1420.0,260.0,901.0
2024-03-28,3550.0,527.0,1990.0,2980.0,1780.0,571.0,694.0,1760.0,832.0,1820.0
2024-03-29,5240.0,827.0,2910.0,6700.0,3600.0,593.0,821.0,2240.0,902.0,3580.0
2024-03-30,3680.0,699.0,2280.0,5210.0,4980.0,342.0,518.0,2690.0,520.0,3060.0
2024-03-31,2810.0,566.0,1930.0,3800.0,4340.0,265.0,398.0,2750.0,389.0,2340.0
2024-04-01,2450.0,498.0,1780.0,3190.0,3010.0,258.0,391.0,2600.0,,1960.0
2024-04-02,2580.0,481.0,1840.0,3090.0,2130.0,308.0,497.0,2460.0,452.0,1960.0
2024-04-03,2640.0,460.0,1870.0,2970.0,1640.0,303.0,610.0,2340.0,432.0,1960.0
2024-04-04,2270.0,429.0,1760.0,2540.0,1410.0,253.0,465.0,2280.0,330.0,1700.0
2024-04-05,1890.0,398.0,1640.0,2420.0,1600.0,232.0,415.0,2300.0,301.0,1540.0
2024-04-06,1750.0,409.0,1530.0,2530.0,1960.0,203.0,356.0,2400.0,274.0,1480.0
2024-04-07,1680.0,407.0,1460.0,2660.0,1990.0,198.0,339.0,2590.0,292.0,1490.0
2024-04-08,2000.0,470.0,1600.0,3110.0,1790.0,274.0,494.0,2910.0,417.0,1730.0
2024-04-09,2650.0,577.0,2080.0,3800.0,1570.0,498.0,817.0,3520.0,574.0,2130.0
2024-04-10,3460.0,612.0,2620.0,3710.0,1390.0,526.0,1070.0,4560.0,614.0,2200.0
2024-04-11,4070.0,585.0,2740.0,3890.0,1370.0,584.0,1630.0,6230.0,866.0,2750.0
2024-04-12,16200.0,1030.0,12200.0,8620.0,1800.0,4220.0,3580.0,10200.0,3940.0,8140.0
2024-04-13,18500.0,1200.0,13400.0,16600.0,2580.0,1970.0,4920.0,19800.0,2400.0,11500.0
2024-04-14,7770.0,875.0,5990.0,6810.0,2440.0,922.0,2490.0,25000.0,1120.0,5380.0
2024-04-15,5240.0,591.0,4440.0,4480.0,1970.0,708.0,1710.0,21600.0,859.0,3540.0
2024-04-16,4360.0,420.0,3820.0,3570.0,1500.0,651.0,1400.0,16700.0,733.0,2720.0
2024-04-17,3820.0,294.0,3430.0,2890.0,1190.0,576.0,1110.0,12300.0,614.0,2130.0
2024-04-18,3290.0,243.0,2960.0,2390.0,995.0,473.0,941.0,9270.0,520.0,1750.0
2024-04-19,2950.0,233.0,2640.0,2110.0,860.0,457.0,996.0,8050.0,512.0,1550.0
2024-04-20,2720.0,216.0,2540.0,1960.0,832.0,483.0,1050.0,7910.0,539.0,1490.0
2024-04-21,2510.0,195.0,2380.0,1860.0,961.0,402.0,890.0,7830.0,463.0,1370.0
2024-04-22,2140.0,172.0,2050.0,1610.0,877.0,297.0,625.0,6620.0,346.0,1150.0
2024-04-23,1830.0,164.0,1800.0,1370.0,763.0,248.0,504.0,5180.0,279.0,940.0
2024-04-24,1760.0,151.0,1760.0,1250.0,679.0,279.0,549.0,4600.0,303.0,903.0
2024-04-25,1790.0,139.0,1710.0,1270.0,600.0,256.0,491.0,4650.0,278.0,900.0
2024-04-26,1570.0,128.0,1520.0,1140.0,535.0,205.0,405.0,4070.0,229.0,779.0
2024-04-27,1420.0,121.0,1410.0,1030.0,485.0,194.0,372.0,3430.0,212.0,699.0
2024-04-28,1550.0,123.0,1590.0,986.0,442.0,314.0,567.0,3200.0,284.0,689.0
2024-04-29,3350.0,138.0,3010.0,1120.0,407.0,587.0,750.0,3600.0,396.0,816.0
2024-04-30,2730.0,151.0,2390.0,1160.0,369.0,357.0,682.0,3680.0,373.0,875.0
2024-05-01,2290.0,259.0,1950.0,1130.0,343.0,289.0,869.0,3210.0,358.0,815.0
2024-05-02,2280.0,214.0,1950.0,1280.0,328.0,464.0,1960.0,2850.0,655.0,1190.0
2024-05-03,2520.0,175.0,2320.0,2300.0,331.0,463.0,2430.0,3040.0,574.0,1780.0
2024-05-04,2140.0,146.0,1880.0,1590.0,314.0,323.0,1010.0,2970.0,364.0,1260.0
2024-05-05,2250.0,166.0,1820.0,1290.0,299.0,373.0,1130.0,2620.0,524.0,1070.0
2024-05-06,4890.0,386.0,2830.0,2130.0,308.0,524.0,1910.0,2990.0,818.0,1890.0
2024-05-07,3560.0,299.0,2370.0,1810.0,305.0,369.0,952.0,3350.0,450.0,1430.0
2024-05-08,2760.0,211.0,1940.0,1370.0,285.0,288.0,684.0,2770.0,396.0,1120.0
2024-05-09,2690.0,205.0,1830.0,1870.0,356.0,291.0,913.0,2740.0,719.0,1360.0
2024-05-10,2280.0,168.0,1630.0,1660.0,355.0,258.0,655.0,3240.0,388.0,1140.0
2024-05-11,1870.0,144.0,1360.0,1260.0,329.0,197.0,485.0,2760.0,282.0,893.0
2024-05-12,1630.0,128.0,1220.0,1080.0,298.0,171.0,401.0,2210.0,236.0,756.0
2024-05-13,1460.0,118.0,1110.0,971.0,272.0,153.0,347.0,1790.0,206.0,669.0
2024-05-14,1430.0,111.0,1130.0,887.0,,180.0,413.0,1510.0,215.0,625.0
2024-05-15,1580.0,104.0,1290.0,997.0,237.0,219.0,742.0,,433.0,707.0
2024-05-16,1470.0,99.4,1320.0,1770.0,225.0,174.0,1120.0,1620.0,467.0,1300.0
2024-05-17,1290.0,93.1,1110.0,1480.0,214.0,150.0,605.0,2110.0,339.0,1090.0
2024-05-18,1160.0,84.3,1020.0,1140.0,208.0,136.0,444.0,1870.0,236.0,868.0
2024-05-19,1070.0,80.2,989.0,1110.0,259.0,132.0,394.0,1820.0,206.0,820.0
2024-05-20,977.0,76.5,922.0,981.0,334.0,122.0,330.0,1640.0,178.0,712.0
2024-05-21,909.0,71.5,869.0,855.0,344.0,112.0,282.0,1350.0,152.0,606.0
2024-05-22,867.0,66.9,820.0,767.0,307.0,102.0,262.0,1110.0,133.0,532.0
2024-05-23,788.0,60.5,762.0,776.0,263.0,92.0,220.0,932.0,137.0,479.0
2024-05-24,730.0,53.0,694.0,1150.0,235.0,81.7,200.0,846.0,163.0,497.0
2024-05-25,634.0,45.6,619.0,766.0,221.0,74.0,169.0,741.0,112.0,400.0
2024-05-26,568.0,42.0,566.0,628.0,211.0,69.6,152.0,639.0,93.3,340.0
2024-05-27,537.0,43.6,554.0,581.0,197.0,,141.0,555.0,87.7,323.0
2024-05-28,2450.0,134.0,2800.0,3180.0,224.0,761.0,590.0,555.0,646.0,1880.0
2024-05-29,1510.0,117.0,1420.0,2320.0,260.0,194.0,345.0,863.0,248.0,1580.0
2024-05-30,965.0,79.5,970.0,1310.0,259.0,124.0,204.0,770.0,151.0,928.0
2024-05-31,756.0,63.1,805.0,976.0,238.0,101.0,158.0,612.0,117.0,607.0
2024-06-01,635.0,50.9,700.0,799.0,208.0,86.2,130.0,494.0,93.8,451.0
2024-06-02,553.0,46.5,627.0,681.0,183.0,76.7,113.0,417.0,79.5,365.0
2024-06-03,496.0,40.8,571.0,578.0,167.0,69.1,99.3,357.0,68.9,315.0
2024-06-04,446.0,35.0,524.0,519.0,155.0,63.2,89.6,313.0,61.9,279.0
2024-06-05,413.0,32.1,511.0,480.0,148.0,70.5,102.0,287.0,57.7,225.0
2024-06-06,391.0,35.4,587.0,,142.0,81.1,170.0,279.0,66.1,205.0
2024-06-07,471.0,72.5,652.0,454.0,142.0,108.0,372.0,324.0,147.0,249.0
2024-06-08,490.0,83.6,647.0,973.0,148.0,127.0,606.0,733.0,818.0,944.0
2024-06-09,515.0,75.9,573.0,,149.0,92.2,472.0,1650.0,302.0,836.0
2024-06-10,599.0,112.0,590.0,1000.0,150.0,94.8,348.0,1850.0,195.0,558.0
2024-06-11,508.0,82.0,536.0,748.0,145.0,75.4,350.0,1670.0,140.0,411.0
2024-06-12,444.0,60.6,520.0,620.0,142.0,74.7,246.0,1470.0,124.0,501.0
2024-06-13,399.0,47.9,541.0,646.0,139.0,74.6,183.0,1250.0,107.0,796.0
2024-06-14,364.0,40.4,464.0,584.0,132.0,61.2,145.0,1080.0,105.0,546.0
2024-06-15,343.0,37.8,431.0,570.0,127.0,55.0,122.0,1030.0,107.0,423.0
2024-06-16,305.0,37.4,391.0,468.0,119.0,49.7,102.0,751.0,74.8,333.0
2024-06-17,286.0,31.2,371.0,383.0,110.0,47.0,90.6,557.0,64.6,283.0
2024-06-18,275.0,28.0,361.0,347.0,106.0,44.1,86.8,450.0,63.4,263.0
2024-06-19,283.0,26.3,354.0,330.0,103.0,,76.6,381.0,53.3,243.0
2024-06-20,327.0,30.1,351.0,302.0,103.0,40.6,76.4,314.0,48.7,224.0
2024-06-21,390.0,36.1,365.0,283.0,108.0,53.4,96.5,267.0,57.6,236.0
2024-06-22,884.0,46.2,469.0,283.0,102.0,65.5,84.2,235.0,61.3,229.0
2024-06-23,1810.0,65.6,744.0,342.0,105.0,115.0,150.0,322.0,169.0,254.0
2024-06-24,3260.0,155.0,1290.0,1040.0,137.0,111.0,545.0,7640.0,301.0,566.0
2024-06-25,1650.0,105.0,736.0,1780.0,165.0,65.0,253.0,12100.0,133.0,441.0
2024-06-26,988.0,65.5,539.0,875.0,202.0,47.7,144.0,9050.0,79.6,309.0
2024-06-27,696.0,45.8,453.0,682.0,219.0,43.4,199.0,7900.0,73.6,252.0
2024-06-28,547.0,36.1,398.0,545.0,249.0,38.5,164.0,8150.0,58.0,217.0
2024-06-29,473.0,32.0,,446.0,255.0,37.7,142.0,5370.0,56.5,195.0
2024-06-30,1660.0,33.8,772.0,552.0,249.0,89.9,731.0,4850.0,229.0,325.0
2024-07-01,1370.0,33.1,720.0,663.0,267.0,58.3,425.0,7310.0,102.0,320.0
2024-07-02,791.0,28.0,501.0,471.0,246.0,42.2,197.0,4940.0,63.2,236.0
2024-07-03,575.0,24.7,414.0,366.0,203.0,35.8,134.0,,48.5,192.0
2024-07-04,474.0,22.2,370.0,305.0,166.0,32.9,113.0,2120.0,40.9,170.0
2024-07-05,415.0,20.8,343.0,271.0,142.0,33.4,103.0,1740.0,37.4,161.0
2024-07-06,396.0,31.2,392.0,266.0,140.0,206.0,96.1,4680.0,47.8,173.0
2024-07-07,510.0,45.2,606.0,549.0,171.0,264.0,96.3,14100.0,53.9,191.0
2024-07-08,458.0,33.6,468.0,460.0,158.0,86.7,80.0,9530.0,37.8,171.0
2024-07-09,363.0,26.0,372.0,369.0,132.0,76.9,73.2,5730.0,31.1,152.0
2024-07-10,372.0,22.7,515.0,419.0,116.0,160.0,119.0,3490.0,144.0,220.0
2024-07-11,619.0,20.7,810.0,4780.0,118.0,220.0,3380.0,6630.0,2460.0,4060.0
2024-07-12,700.0,18.7,701.0,3450.0,182.0,111.0,1870.0,13300.0,557.0,3160.0
2024-07-13,473.0,18.4,,1650.0,158.0,75.2,681.0,10200.0,246.0,1680.0
2024-07-14,429.0,16.8,402.0,1100.0,163.0,62.3,473.0,7220.0,161.0,1060.0
2024-07-15,370.0,15.9,351.0,785.0,153.0,49.9,296.0,4410.0,111.0,718.0
2024-07-16,323.0,17.3,321.0,589.0,128.0,47.1,309.0,3030.0,92.8,423.0
2024-07-17,403.0,26.8,409.0,614.0,113.0,81.5,332.0,2470.0,121.0,754.0
2024-07-18,442.0,25.2,388.0,786.0,105.0,55.0,461.0,1940.0,92.9,670.0
2024-07-19,336.0,20.5,320.0,591.0,99.6,43.2,242.0,1450.0,65.3,486.0
2024-07-20,285.0,17.3,285.0,465.0,,38.3,181.0,1120.0,53.5,372.0
2024-07-21,260.0,15.1,262.0,385.0,78.5,35.9,150.0,989.0,46.6,307.0
2024-07-22,242.0,13.8,246.0,332.0,73.1,34.1,125.0,907.0,40.7,
2024-07-23,976.0,31.2,430.0,444.0,78.1,61.9,204.0,719.0,61.0,256.0
2024-07-24,1460.0,61.1,693.0,551.0,129.0,72.7,289.0,609.0,513.0,335.0
2024-07-25,1290.0,48.3,726.0,788.0,128.0,79.1,263.0,542.0,299.0,488.0
2024-07-26,977.0,35.9,539.0,845.0,144.0,56.6,286.0,561.0,202.0,553.0
2024-07-27,619.0,27.2,404.0,642.0,120.0,42.9,184.0,506.0,104.0,375.0
2024-07-28,461.0,21.8,337.0,466.0,97.7,37.2,130.0,419.0,71.7,290.0
2024-07-29,381.0,19.4,300.0,374.0,84.5,34.6,108.0,365.0,58.6,246.0
2024-07-30,1080.0,58.3,320.0,333.0,79.3,,108.0,320.0,61.7,236.0
2024-07-31,1210.0,69.9,437.0,336.0,77.1,52.5,129.0,315.0,67.5,260.0
2024-08-01,2160.0,60.1,807.0,455.0,76.8,120.0,157.0,785.0,107.0,337.0
2024-08-02,1350.0,37.3,594.0,526.0,74.6,60.8,130.0,1430.0,68.0,332.0
2024-08-03,945.0,32.0,445.0,423.0,70.6,46.4,96.5,915.0,51.6,255.0
2024-08-04,852.0,37.4,390.0,349.0,68.3,48.8,83.9,616.0,61.2,268.0
2024-08-05,1640.0,47.9,446.0,465.0,68.7,,80.4,463.0,71.9,369.0
2024-08-06,1700.0,55.7,445.0,868.0,88.0,74.3,180.0,388.0,183.0,487.0
2024-08-07,1260.0,47.7,426.0,853.0,82.9,53.0,113.0,373.0,89.1,407.0
2024-08-08,838.0,37.5,346.0,553.0,72.4,41.3,78.6,310.0,57.7,289.0
2024-08-09,1140.0,88.5,544.0,1010.0,105.0,559.0,783.0,302.0,447.0,685.0
2024-08-10,4670.0,224.0,3690.0,3670.0,276.0,878.0,1090.0,2420.0,1120.0,2880.0
2024-08-11,2140.0,95.0,1310.0,1890.0,285.0,176.0,324.0,3320.0,250.0,1350.0
2024-08-12,1310.0,61.4,859.0,1040.0,249.0,105.0,208.0,1960.0,159.0,792.0
2024-08-13,1010.0,46.3,682.0,757.0,222.0,80.0,162.0,1210.0,121.0,560.0
2024-08-14,811.0,37.4,571.0,586.0,175.0,66.0,134.0,837.0,92.7,434.0
2024-08-15,,33.3,542.0,1480.0,138.0,82.2,191.0,648.0,98.7,1020.0
2024-08-16,627.0,34.9,603.0,1230.0,113.0,96.1,370.0,522.0,106.0,1040.0
2024-08-17,564.0,31.4,501.0,817.0,96.2,71.4,185.0,462.0,84.7,698.0
2024-08-18,534.0,30.8,472.0,686.0,85.9,70.0,144.0,420.0,88.5,532.0
2024-08-19,561.0,36.3,488.0,624.0,80.4,72.3,142.0,399.0,92.2,456.0
2024-08-20,898.0,50.1,,595.0,90.9,78.4,435.0,3240.0,110.0,419.0
2024-08-21,902.0,46.3,524.0,574.0,98.6,71.4,403.0,8390.0,101.0,379.0
2024-08-22,874.0,39.5,526.0,532.0,87.5,97.6,805.0,10800.0,248.0,350.0
2024-08-23,675.0,36.6,454.0,488.0,79.0,71.2,703.0,12500.0,164.0,357.0
2024-08-24,544.0,30.8,406.0,441.0,73.7,57.7,342.0,8680.0,102.0,321.0
2024-08-25,460.0,26.6,370.0,383.0,69.0,52.4,230.0,5100.0,84.0,282.0
2024-08-26,443.0,27.2,430.0,567.0,64.7,70.3,240.0,3180.0,152.0,308.0
2024-08-27,531.0,26.8,473.0,614.0,61.7,74.1,257.0,2320.0,113.0,393.0
2024-08-28,414.0,22.6,390.0,590.0,60.1,55.6,298.0,1900.0,101.0,320.0
2024-08-29,356.0,20.3,345.0,528.0,58.6,48.8,312.0,1880.0,90.8,292.0
2024-08-30,317.0,18.3,319.0,451.0,55.6,44.3,191.0,1500.0,67.1,246.0
2024-08-31,299.0,17.0,301.0,375.0,52.7,42.4,158.0,1140.0,59.3,220.0
2024-09-01,320.0,18.0,311.0,341.0,55.0,46.1,478.0,1270.0,87.2,218.0
2024-09-02,309.0,16.3,295.0,331.0,58.4,41.1,380.0,2020.0,73.5,218.0
2024-09-03,272.0,14.7,266.0,300.0,54.1,36.7,241.0,1830.0,56.8,194.0
2024-09-04,252.0,13.7,250.0,266.0,49.6,34.4,174.0,1390.0,47.7,178.0
2024-09-05,239.0,12.9,240.0,241.0,46.6,33.3,144.0,1030.0,42.2,167.0
2024-09-06,229.0,12.3,230.0,224.0,47.3,31.9,125.0,796.0,38.2,160.0
2024-09-07,222.0,12.3,225.0,211.0,47.5,31.8,112.0,647.0,36.8,154.0
2024-09-08,249.0,13.3,243.0,204.0,47.6,51.5,134.0,564.0,47.5,159.0
2024-09-09,265.0,12.1,247.0,198.0,43.7,38.0,123.0,520.0,44.0,167.0
2024-09-10,251.0,11.6,218.0,196.0,41.3,31.5,99.1,492.0,34.8,151.0
2024-09-11,227.0,10.7,206.0,180.0,39.3,29.3,88.1,444.0,31.3,142.0
2024-09-12,207.0,10.4,197.0,170.0,37.9,28.2,80.7,397.0,29.0,138.0
2024-09-13,200.0,10.1,193.0,164.0,37.6,27.8,77.1,358.0,27.7,136.0
2024-09-14,193.0,9.72,187.0,158.0,37.2,26.9,72.0,332.0,26.1,133.0
2024-09-15,189.0,9.43,182.0,152.0,35.9,26.1,66.4,304.0,24.8,129.0
2024-09-16,185.0,8.96,177.0,147.0,35.2,25.3,61.4,279.0,23.2,126.0
2024-09-17,181.0,8.59,172.0,142.0,34.5,24.6,57.5,256.0,21.8,121.0
2024-09-18,176.0,8.4,168.0,135.0,33.9,23.9,54.6,239.0,20.5,117.0
2024-09-19,172.0,8.32,163.0,126.0,33.1,23.3,51.5,219.0,19.4,113.0
2024-09-20,169.0,7.75,161.0,120.0,32.4,22.7,48.4,205.0,18.2,108.0
2024-09-21,166.0,7.67,160.0,115.0,31.8,23.1,46.9,192.0,18.2,102.0
2024-09-22,163.0,7.51,160.0,111.0,30.5,23.2,45.7,187.0,18.4,97.0
2024-09-23,161.0,7.26,157.0,109.0,28.7,23.1,43.8,175.0,18.0,93.3
2024-09-24,160.0,7.21,156.0,107.0,28.6,22.8,43.0,170.0,18.1,90.2
2024-09-25,160.0,7.8,156.0,106.0,28.8,23.1,42.9,165.0,18.4,89.2
2024-09-26,893.0,36.0,452.0,143.0,33.7,133.0,283.0,200.0,258.0,131.0
2024-09-27,2190.0,60.3,918.0,542.0,61.5,106.0,442.0,689.0,220.0,410.0
2024-09-28,776.0,41.9,424.0,517.0,62.6,46.9,159.0,999.0,86.3,257.0
2024-09-29,481.0,29.5,310.0,336.0,53.6,37.1,105.0,898.0,57.3,190.0
2024-09-30,367.0,23.5,264.0,259.0,47.7,33.0,83.2,674.0,44.5,162.0
2024-10-01,308.0,19.9,238.0,217.0,43.1,30.6,71.2,525.0,37.1,145.0
2024-10-02,276.0,17.5,220.0,191.0,39.8,28.9,64.0,426.0,33.5,134.0
2024-10-03,252.0,16.2,209.0,172.0,38.2,28.1,59.6,359.0,31.0,125.0
2024-10-04,235.0,14.5,199.0,161.0,37.8,27.3,55.6,314.0,28.7,108.0
2024-10-05,225.0,13.3,191.0,156.0,37.9,27.5,58.1,315.0,29.0,104.0
2024-10-06,217.0,12.1,182.0,152.0,39.6,27.3,63.9,433.0,30.4,101.0
2024-10-07,228.0,13.3,189.0,161.0,43.1,30.2,118.0,612.0,59.6,110.0
2024-10-08,305.0,13.7,220.0,221.0,55.9,38.6,197.0,992.0,133.0,227.0
2024-10-09,291.0,12.5,210.0,332.0,64.8,32.6,123.0,1240.0,72.2,212.0
2024-10-10,254.0,12.0,193.0,266.0,59.5,29.7,106.0,1010.0,56.7,165.0
2024-10-11,236.0,12.6,182.0,215.0,54.6,28.0,110.0,895.0,47.5,142.0
2024-10-12,228.0,11.4,182.0,189.0,51.5,26.9,123.0,834.0,41.7,126.0
2024-10-13,220.0,11.5,178.0,175.0,46.7,25.8,162.0,1680.0,42.1,118.0
2024-10-14,288.0,40.7,233.0,,67.2,61.8,209.0,1600.0,99.5,146.0
2024-10-15,495.0,49.2,386.0,326.0,84.1,90.2,535.0,2910.0,167.0,362.0
2024-10-16,434.0,37.3,307.0,446.0,,49.2,445.0,4730.0,97.6,269.0
2024-10-17,375.0,28.6,258.0,319.0,67.9,39.9,319.0,4140.0,73.7,195.0
2024-10-18,328.0,24.2,234.0,258.0,62.8,36.1,257.0,3120.0,59.8,164.0
2024-10-19,308.0,21.9,237.0,225.0,59.4,33.9,,2310.0,51.6,146.0
2024-10-20,289.0,20.2,228.0,203.0,56.4,32.1,173.0,1780.0,46.5,135.0
2024-10-21,270.0,18.8,218.0,189.0,53.9,30.6,150.0,1430.0,42.8,128.0
2024-10-22,257.0,17.3,205.0,178.0,51.9,29.5,131.0,1180.0,39.4,123.0
2024-10-23,248.0,16.9,196.0,169.0,50.3,29.1,119.0,1000.0,37.7,119.0
2024-10-24,241.0,16.4,189.0,161.0,49.0,28.3,110.0,875.0,36.5,118.0
2024-10-25,234.0,15.3,180.0,155.0,47.6,27.1,102.0,796.0,34.0,114.0
2024-10-26,229.0,15.4,173.0,151.0,46.9,26.8,99.3,713.0,33.0,111.0
2024-10-27,227.0,14.0,169.0,145.0,44.0,26.4,100.0,648.0,32.8,109.0
2024-10-28,224.0,13.8,166.0,139.0,42.5,27.6,94.1,601.0,32.0,108.0
2024-10-29,221.0,14.0,165.0,136.0,,27.0,86.9,554.0,30.9,105.0
2024-10-30,361.0,24.7,190.0,142.0,41.4,40.6,138.0,515.0,57.0,108.0
2024-10-31,569.0,30.5,286.0,154.0,43.9,47.0,170.0,513.0,71.4,119.0
2024-11-01,428.0,28.0,245.0,182.0,46.1,37.2,136.0,545.0,54.2,125.0
2024-11-02,383.0,23.6,214.0,181.0,44.3,33.5,145.0,933.0,44.1,120.0
2024-11-03,335.0,21.3,197.0,164.0,44.2,30.1,115.0,1160.0,38.2,113.0
2024-11-04,304.0,20.2,185.0,152.0,42.6,28.7,99.3,999.0,,109.0
2024-11-05,298.0,19.7,182.0,147.0,44.0,28.8,106.0,878.0,36.4,110.0
2024-11-06,310.0,19.8,181.0,147.0,45.7,29.2,123.0,1320.0,37.6,114.0
2024-11-07,307.0,19.5,217.0,149.0,46.5,28.6,112.0,1630.0,36.1,117.0
2024-11-08,293.0,34.3,197.0,148.0,46.5,27.4,103.0,1340.0,33.8,112.0
2024-11-09,278.0,38.4,179.0,141.0,45.3,27.3,143.0,1090.0,33.6,110.0
2024-11-10,267.0,34.4,172.0,136.0,43.3,26.4,120.0,919.0,32.2,106.0
2024-11-11,263.0,28.9,167.0,135.0,43.8,26.7,121.0,820.0,33.1,103.0
2024-11-12,273.0,23.8,169.0,134.0,44.5,27.8,160.0,1080.0,36.5,106.0
2024-11-13,294.0,21.0,170.0,131.0,43.1,26.9,156.0,1740.0,34.8,110.0
2024-11-14,278.0,20.2,163.0,130.0,43.9,25.6,101.0,1720.0,30.9,105.0
2024-11-15,265.0,19.8,158.0,129.0,43.9,26.4,90.5,1290.0,29.0,98.9
2024-11-16,260.0,19.7,156.0,127.0,45.3,26.3,107.0,1110.0,31.4,98.8
2024-11-17,254.0,19.5,158.0,127.0,46.4,25.4,99.7,1020.0,30.4,102.0
2024-11-18,248.0,19.3,156.0,130.0,45.5,25.3,94.8,944.0,29.6,103.0
2024-11-19,249.0,19.1,154.0,128.0,44.6,25.1,100.0,878.0,29.4,102.0
2024-11-20,253.0,18.8,153.0,126.0,44.0,24.9,98.3,821.0,28.9,101.0
2024-11-21,248.0,18.8,153.0,125.0,44.3,25.9,93.1,776.0,29.0,101.0
2024-11-22,274.0,34.5,246.0,150.0,52.1,159.0,123.0,761.0,119.0,137.0
2024-11-23,460.0,98.0,542.0,1020.0,76.1,233.0,262.0,929.0,304.0,1340.0
2024-11-24,520.0,82.9,436.0,1340.0,97.4,112.0,261.0,1490.0,160.0,849.0
2024-11-25,445.0,57.6,314.0,709.0,89.9,66.7,187.0,1900.0,94.8,490.0
2024-11-26,397.0,48.7,274.0,516.0,84.1,56.0,153.0,1750.0,78.7,354.0
2024-11-27,540.0,60.3,283.0,477.0,89.1,55.7,176.0,1560.0,88.6,331.0
2024-11-28,536.0,60.5,284.0,482.0,102.0,50.6,172.0,1430.0,80.6,324.0
2024-11-29,619.0,67.3,317.0,497.0,217.0,50.0,159.0,-999999.0,79.6,326.0
2024-11-30,542.0,61.1,280.0,469.0,227.0,42.5,137.0,-999999.0,67.3,312.0
2024-12-01,450.0,49.3,251.0,413.0,184.0,37.3,117.0,1070.0,51.2,278.0
2024-12-02,378.0,40.1,219.0,350.0,163.0,34.4,101.0,806.0,40.1,233.0
2024-12-03,363.0,37.3,215.0,294.0,146.0,33.1,91.0,632.0,43.5,193.0
2024-12-04,336.0,34.4,211.0,248.0,119.0,33.4,86.9,532.0,34.8,161.0
2024-12-05,337.0,33.9,225.0,254.0,161.0,39.0,85.1,482.0,47.5,164.0
2024-12-06,347.0,29.8,200.0,286.0,225.0,38.6,83.6,425.0,46.9,180.0
2024-12-07,340.0,29.2,168.0,257.0,162.0,38.1,82.6,343.0,48.7,159.0
2024-12-08,363.0,32.3,201.0,226.0,150.0,37.7,81.7,295.0,53.9,
2024-12-09,353.0,31.8,208.0,203.0,150.0,37.4,80.8,261.0,52.2,126.0
2024-12-10,359.0,32.9,209.0,190.0,129.0,37.2,80.0,260.0,50.8,119.0
2024-12-11,797.0,71.9,676.0,404.0,175.0,816.0,336.0,712.0,249.0,434.0
2024-12-12,14800.0,557.0,7970.0,7090.0,843.0,1920.0,2800.0,5000.0,2590.0,6780.0
2024-12-13,4750.0,473.0,2370.0,4500.0,967.0,287.0,1480.0,11100.0,538.0,3210.0
2024-12-14,2630.0,207.0,1350.0,2120.0,754.0,135.0,461.0,8750.0,255.0,1800.0
2024-12-15,1760.0,144.0,932.0,1380.0,513.0,94.2,254.0,6670.0,151.0,1050.0
2024-12-16,1510.0,108.0,878.0,1000.0,396.0,82.2,281.0,5060.0,149.0,776.0
2024-12-17,2090.0,122.0,1350.0,1220.0,446.0,428.0,486.0,4240.0,354.0,1020.0
2024-12-18,2910.0,166.0,1660.0,2380.0,502.0,309.0,646.0,3890.0,405.0,1670.0
2024-12-19,2260.0,180.0,,2070.0,575.0,155.0,429.0,3560.0,250.0,1290.0
2024-12-20,1650.0,169.0,1020.0,1590.0,545.0,112.0,264.0,3120.0,153.0,898.0
2024-12-21,1320.0,120.0,875.0,1120.0,376.0,91.6,219.0,2640.0,132.0,619.0
2024-12-22,902.0,80.4,749.0,762.0,269.0,76.9,167.0,2190.0,101.0,512.0
2024-12-23,710.0,79.7,673.0,664.0,223.0,66.2,141.0,1930.0,126.0,483.0
2024-12-24,910.0,101.0,628.0,736.0,205.0,59.5,134.0,1780.0,221.0,458.0
2024-12-25,978.0,99.7,587.0,705.0,193.0,54.4,130.0,1670.0,235.0,434.0
2024-12-26,831.0,87.0,551.0,676.0,183.0,50.6,126.0,1590.0,199.0,415.0
2024-12-27,815.0,87.8,523.0,648.0,175.0,47.7,123.0,1520.0,169.0,
2024-12-28,871.0,91.5,520.0,622.0,170.0,45.3,121.0,1470.0,144.0,389.0
2024-12-29,857.0,80.7,521.0,596.0,168.0,44.4,126.0,1430.0,125.0,379.0
2024-12-30,2990.0,111.0,3550.0,1090.0,235.0,1550.0,519.0,1450.0,1140.0,1250.0
2024-12-31,8010.0,269.0,3820.0,4900.0,596.0,661.0,1140.0,1690.0,1040.0,3420.0
